日期,作者,書名,價格,ISBN,封面照片,連結
2025-05-09,卡繆,薛西弗斯的神話：點燃希望的哲學頌歌，法國七星文庫權威譯本【傅雷翻譯獎典藏版】,266,9786267596456,https://cdn.kobo.com/book-images/6ccfbf88-73ae-4691-b256-38387994ae56/353/569/90/False/7fFjSyTP9zKPTx3GcPFpfw.jpg,https://www.kobo.com/tw/zh/ebook/7fFjSyTP9zKPTx3GcPFpfw?sId=d5bf90fb-f0f0-4882-b642-46969ee68aa2
2025-05-09,卡繆,第一人：《異鄉人》存在主義大師的最後遺作！沒讀過《第一人》，就無法了解真正的卡繆！,360,7435000003050,https://cdn.kobo.com/book-images/1000dae4-0e54-4613-994a-2ca68f225aaf/353/569/90/False/mBrCwjCDbT-OmxW_MxQCPg.jpg,https://www.kobo.com/tw/zh/audiobook/mBrCwjCDbT-OmxW_MxQCPg?sId=d5bf90fb-f0f0-4882-b642-46969ee68aa2
2025-05-09,卡繆,異鄉人【獨家收錄沙特評論・2022全新名家譯本】,196,9789864896073,https://cdn.kobo.com/book-images/a71e071c-2ddd-47b0-ba0d-0ad67a3261c3/353/569/90/False/VQ2InesBOjKI-Xv96viLqA.jpg,https://www.kobo.com/tw/zh/ebook/VQ2InesBOjKI-Xv96viLqA?sId=d5bf90fb-f0f0-4882-b642-46969ee68aa2
2025-05-09,卡繆,卡繆荒謬系列四部曲套書：《異鄉人》＋《薛西弗斯的神話》＋《卡里古拉》＋《誤會》【全新法文名家直譯，首次完整出版，親炙完整的卡繆荒謬哲學】,625,3150000000693,https://cdn.kobo.com/book-images/462128f0-194c-4f37-91e4-c9cdfbe0d7b2/353/569/90/False/iBMVIqmTtjmYjH2oJl_r8A.jpg,https://www.kobo.com/tw/zh/ebook/iBMVIqmTtjmYjH2oJl_r8A?sId=d5bf90fb-f0f0-4882-b642-46969ee68aa2
2025-05-09,卡繆,卡里古拉【1957年諾貝爾文學獎得主描摹荒謬的經典代表作,166,9786267118108,https://cdn.kobo.com/book-images/228a6362-9e74-450c-806f-26d0291b0115/353/569/90/False/bUv8_ShWSDyzoufG54r66g.jpg,https://www.kobo.com/tw/zh/ebook/bUv8_ShWSDyzoufG54r66g?sId=d5bf90fb-f0f0-4882-b642-46969ee68aa2
2025-05-09,卡繆,誤會【1957年諾貝爾文學獎得主面對自我放逐之旅的核心之作】,155,9786267118139,https://cdn.kobo.com/book-images/f35af051-fd52-4e22-a2df-d19abd3abf6e/353/569/90/False/XznH9zQdijG-RQoi9MTYng.jpg,https://www.kobo.com/tw/zh/ebook/XznH9zQdijG-RQoi9MTYng?sId=d5bf90fb-f0f0-4882-b642-46969ee68aa2
2025-05-09,卡繆,卡繆荒謬與反抗系列作品全集套書：荒謬系列四部曲《異鄉人》《薛西弗斯的神話》《卡里古拉》《誤會》＋反抗系列三部曲《瘟疫》《反抗者》《正義者》【全新法文名家直譯，首次完整出版，親炙完整的卡繆荒謬哲學】,1200,3150000000694,https://cdn.kobo.com/book-images/76f16f12-492e-4435-b792-e97bba1721d5/353/569/90/False/Kx45Q5lYKTqv_nEYbdwV2A.jpg,https://www.kobo.com/tw/zh/ebook/Kx45Q5lYKTqv_nEYbdwV2A?sId=d5bf90fb-f0f0-4882-b642-46969ee68aa2
2025-05-09,卡繆,鼠疫【全新名家譯本】（特別收錄哲學解析〈一部存在主義小說的後現代閱讀〉）,266,9789864895434,https://cdn.kobo.com/book-images/f4d068a2-498d-4817-97dd-d7492dc32b10/353/569/90/False/K9cd87y5oDGaSXDvYBOiAg.jpg,https://www.kobo.com/tw/zh/ebook/K9cd87y5oDGaSXDvYBOiAg?sId=d5bf90fb-f0f0-4882-b642-46969ee68aa2
2025-05-09,卡繆,卡繆反抗三部曲套書：《瘟疫》＋《反抗者》＋《正義者》【全新法文名家直譯，首次完整出版，親炙完整的卡繆反抗思想】,575,3150000000687,https://cdn.kobo.com/book-images/9f980967-d3c1-4ac0-9f8c-f8e0ccbbcc60/353/569/90/False/B1m2jKOONjKjTMVkT5k1NQ.jpg,https://www.kobo.com/tw/zh/ebook/B1m2jKOONjKjTMVkT5k1NQ?sId=d5bf90fb-f0f0-4882-b642-46969ee68aa2
2025-05-09,卡繆,瘟疫（2021最新名家譯本，卡繆對疫情下被禁錮人心的鼓舞）,210,9789860777192,https://cdn.kobo.com/book-images/9618975f-d9f0-47af-bd43-571387f8a06a/353/569/90/False/wJ6ORaWSDj60GIzsDTf9Zg.jpg,https://www.kobo.com/tw/zh/ebook/wJ6ORaWSDj60GIzsDTf9Zg?sId=d5bf90fb-f0f0-4882-b642-46969ee68aa2
2025-05-09,卡繆,正義者（首次出版，法文直譯名家譯本，卡繆展現對正義與反抗的考驗）,155,9789860777161,https://cdn.kobo.com/book-images/9291fc65-996d-4a27-83f4-a141c345d8cb/353/569/90/False/QQT3HgwFsT2xefv4IRMF9w.jpg,https://www.kobo.com/tw/zh/ebook/QQT3HgwFsT2xefv4IRMF9w?sId=d5bf90fb-f0f0-4882-b642-46969ee68aa2
2025-05-09,卡繆,瘟疫,210,9789861785516,https://cdn.kobo.com/book-images/8d4f032e-dd57-4b50-a7d8-07f8e494bce5/353/569/90/False/sQ5ce_0gtz-yiFpE7SxWag.jpg,https://www.kobo.com/tw/zh/ebook/sQ5ce_0gtz-yiFpE7SxWag?sId=d5bf90fb-f0f0-4882-b642-46969ee68aa2
2025-05-09,卡繆,放逐與王國：卡繆短篇小說,260,9789865482541,https://cdn.kobo.com/book-images/033f901a-cea5-456e-9a5c-534f67c7dd33/353/569/90/False/SmaLhyIaRTOPTVVkw9jskg.jpg,https://www.kobo.com/tw/zh/ebook/SmaLhyIaRTOPTVVkw9jskg?sId=2c51f4c1-6707-4877-a4d0-1fe7b4aaa859
2025-05-09,卡繆,放逐與王國,210,9789863874133,https://cdn.kobo.com/book-images/5f1ba02d-68c9-4aa5-85ab-824c904439e9/353/569/90/False/RVGALpaZsjaTbCo1SdZXqw.jpg,https://www.kobo.com/tw/zh/ebook/RVGALpaZsjaTbCo1SdZXqw?sId=2c51f4c1-6707-4877-a4d0-1fe7b4aaa859
2025-05-09,卡繆,瘟疫（名家經典新譯）,228,9789865482473,https://cdn.kobo.com/book-images/edbaf1b0-60cf-4781-90e1-dcb3d6358348/353/569/90/False/XSi3S6nkVz2SFyXwXYLq1g.jpg,https://www.kobo.com/tw/zh/ebook/XSi3S6nkVz2SFyXwXYLq1g?sId=2c51f4c1-6707-4877-a4d0-1fe7b4aaa859
2025-05-09,卡繆,異鄉人,179,3039571384641,https://cdn.kobo.com/book-images/81e2cbee-7fb1-445c-8a9a-54f11683b376/353/569/90/False/wUn6RJK3RjCYH8YflJqYFw.jpg,https://www.kobo.com/tw/zh/ebook/wUn6RJK3RjCYH8YflJqYFw?sId=2c51f4c1-6707-4877-a4d0-1fe7b4aaa859
2025-05-09,卡繆,異鄉人,170,6849862272770,https://cdn.kobo.com/book-images/2f2b24f2-6a61-4ae2-a409-29c8eb0bc992/353/569/90/False/GYi3emouATurt5CEXNGY7A.jpg,https://www.kobo.com/tw/zh/ebook/GYi3emouATurt5CEXNGY7A?sId=2c51f4c1-6707-4877-a4d0-1fe7b4aaa859
2025-05-09,卡繆,異鄉人：荒謬三部曲，首部,210,7384000000024,https://cdn.kobo.com/book-images/12dc1249-e584-452a-a159-54be7be82c4d/353/569/90/False/MDkYBsM0cTm5Kq9j-44S0A.jpg,https://www.kobo.com/tw/zh/audiobook/MDkYBsM0cTm5Kq9j-44S0A?sId=2c51f4c1-6707-4877-a4d0-1fe7b4aaa859
2025-05-09,卡繆,異鄉人（卡繆經典暢銷作․中文版有聲書首度上市）,220,9789863449263,https://cdn.kobo.com/book-images/a910e55d-8df0-43d3-8ef2-df7dc21d51ba/353/569/90/False/t1OO6Q03qjuX0wfMsaUVPg.jpg,https://www.kobo.com/tw/zh/audiobook/t1OO6Q03qjuX0wfMsaUVPg?sId=2c51f4c1-6707-4877-a4d0-1fe7b4aaa859
2025-05-09,卡繆,鼠疫（卡繆經典暢銷作․中文版有聲書首度上市）,300,9789863449270,https://cdn.kobo.com/book-images/ba766fe2-65df-4d69-83bc-798bf2340c10/353/569/90/False/AMe0qKS-yzinEfp_ItutUg.jpg,https://www.kobo.com/tw/zh/audiobook/AMe0qKS-yzinEfp_ItutUg?sId=2c51f4c1-6707-4877-a4d0-1fe7b4aaa859
2025-05-09,卡繆,異鄉人：最值得珍藏的名家譯本,224,3119864778287,https://cdn.kobo.com/book-images/59186bf1-d059-4aeb-afcb-36b164712ef7/353/569/90/False/XRU3eRrUUD6pvlI4liPZbg.jpg,https://www.kobo.com/tw/zh/ebook/XRU3eRrUUD6pvlI4liPZbg?sId=2c51f4c1-6707-4877-a4d0-1fe7b4aaa859
2025-05-09,卡繆,異鄉人（2020全新名家譯本，再現卡繆字句推敲的原義）,138,3150000000617,https://cdn.kobo.com/book-images/883f0dcf-e5f7-4dfe-b300-8d725a8da70d/353/569/90/False/0GQk9bH6VzyLV0Q9Faysow.jpg,https://www.kobo.com/tw/zh/ebook/0GQk9bH6VzyLV0Q9Faysow?sId=2c51f4c1-6707-4877-a4d0-1fe7b4aaa859
2025-05-09,卡繆,薛西弗斯的神話,166,3150000000396,https://cdn.kobo.com/book-images/71d8cd60-c407-4367-bced-a36718fcf86f/353/569/90/False/t0r8j-Ym4jee3YDu96AA1w.jpg,https://www.kobo.com/tw/zh/ebook/t0r8j-Ym4jee3YDu96AA1w?sId=2c51f4c1-6707-4877-a4d0-1fe7b4aaa859
2025-05-09,卡繆,反抗者（新版）,210,3150000000392,https://cdn.kobo.com/book-images/0169f08d-1636-4fe9-865e-ac9323facfa7/353/569/90/False/dnhkQv1woTKBLngzg4RbMg.jpg,https://www.kobo.com/tw/zh/ebook/dnhkQv1woTKBLngzg4RbMg?sId=2c51f4c1-6707-4877-a4d0-1fe7b4aaa859
2025-05-09,卡繆,薛西弗斯的神話：卡繆的荒謬哲學,230,3120000000285,https://cdn.kobo.com/book-images/8cfb868b-d1ce-428f-9dc1-8a7b0724f790/353/569/90/False/dz7TJXld6DK-tFChkyuNug.jpg,https://www.kobo.com/tw/zh/ebook/dz7TJXld6DK-tFChkyuNug?sId=3e929a76-d29b-4b6b-b788-f863fc5b0459
2025-05-09,卡繆,快樂的死,175,3120000000639,https://cdn.kobo.com/book-images/57e8ecec-6b0d-4586-882a-1f7699f9b494/353/569/90/False/gnS7T3tgLTS1t3eLSRBEeA.jpg,https://www.kobo.com/tw/zh/ebook/gnS7T3tgLTS1t3eLSRBEeA?sId=3e929a76-d29b-4b6b-b788-f863fc5b0459
2025-05-09,卡繆,異鄉人（卡繆版書衣）,154,3119861735450,https://cdn.kobo.com/book-images/24099253-90bc-4d80-8825-f6300e8b806f/353/569/90/False/gb2hSkF1KDGjqz18oam2aA.jpg,https://www.kobo.com/tw/zh/ebook/gb2hSkF1KDGjqz18oam2aA?sId=3e929a76-d29b-4b6b-b788-f863fc5b0459
2025-05-09,卡繆,鼠疫,210,3119861737522,https://cdn.kobo.com/book-images/56a09ae8-dac7-4eb0-9dde-b427a5a1aacb/353/569/90/False/tGTtah0cyzKVQIXzpZ7NTQ.jpg,https://www.kobo.com/tw/zh/ebook/tGTtah0cyzKVQIXzpZ7NTQ?sId=3e929a76-d29b-4b6b-b788-f863fc5b0459
2025-05-09,簡媜,一個人漫遊，古典森林,315,9789863877745,https://cdn.kobo.com/book-images/0c528bc8-18ea-46e3-acf0-f4c80125be95/353/569/90/False/Yyl9S4wUuDu8rltsfwH3UQ.jpg,https://www.kobo.com/tw/zh/ebook/Yyl9S4wUuDu8rltsfwH3UQ?sId=bd004b38-97fb-43d8-a6e6-3256dfec8c65
2025-05-09,簡媜,旅人之歌——神遊山水詩,210,9789863877516,https://cdn.kobo.com/book-images/ba7b0973-6125-415b-91a8-f4910ba8f09b/353/569/90/False/BEgyL0ETLzSJLhvVE5yKmQ.jpg,https://www.kobo.com/tw/zh/ebook/BEgyL0ETLzSJLhvVE5yKmQ?sId=bd004b38-97fb-43d8-a6e6-3256dfec8c65
2025-05-09,簡媜,與歲月同等心跳,210,9789863877479,https://cdn.kobo.com/book-images/5dc05880-531e-4ce8-9a89-99be05f5d02b/353/569/90/False/1Cgc_XKbQj6NkWrPuaKd2g.jpg,https://www.kobo.com/tw/zh/ebook/1Cgc_XKbQj6NkWrPuaKd2g?sId=bd004b38-97fb-43d8-a6e6-3256dfec8c65
2025-05-09,簡媜,下午茶,160,9789863876946,https://cdn.kobo.com/book-images/84781262-e7bd-4d10-a3c7-d19910fafa73/353/569/90/False/5iBW0pa_Wj2IztG5D0yKyw.jpg,https://www.kobo.com/tw/zh/ebook/5iBW0pa_Wj2IztG5D0yKyw?sId=bd004b38-97fb-43d8-a6e6-3256dfec8c65
2025-05-09,簡媜,密密語,280,9789863876953,https://cdn.kobo.com/book-images/76e8fe19-e84d-4b62-9707-03393a023486/353/569/90/False/mMg1YwJL9TemPTAVwHZbvw.jpg,https://www.kobo.com/tw/zh/ebook/mMg1YwJL9TemPTAVwHZbvw?sId=bd004b38-97fb-43d8-a6e6-3256dfec8c65
2025-05-09,簡媜,舊情復燃,220,9789863876380,https://cdn.kobo.com/book-images/97241a9a-8187-4195-a573-9a921c04b9cc/353/569/90/False/wieReZ4jqT2vpPAPLsLmkA.jpg,https://www.kobo.com/tw/zh/ebook/wieReZ4jqT2vpPAPLsLmkA?sId=bd004b38-97fb-43d8-a6e6-3256dfec8c65
2025-05-09,簡媜,老師的十二樣見面禮（增訂版）,329,9789863876236,https://cdn.kobo.com/book-images/5ddd0b2a-a9d1-403d-92c3-60f91baba3c6/353/569/90/False/7r6In9z6kTuCg3twvvZA2g.jpg,https://www.kobo.com/tw/zh/ebook/7r6In9z6kTuCg3twvvZA2g?sId=bd004b38-97fb-43d8-a6e6-3256dfec8c65
2025-05-09,簡媜,誰在銀閃閃的地方，等你（增訂版）,392,9789863876021,https://cdn.kobo.com/book-images/18d8f7d3-ad8d-4473-b1b7-aba2ada08383/353/569/90/False/tyYjDkeqiza61CrkeCJu7w.jpg,https://www.kobo.com/tw/zh/ebook/tyYjDkeqiza61CrkeCJu7w?sId=bd004b38-97fb-43d8-a6e6-3256dfec8c65
2025-05-09,簡媜,微暈的樹林,210,9789863875857,https://cdn.kobo.com/book-images/df67a2d3-dab3-4ea6-bdd2-0f0e2b62a151/353/569/90/False/lRjcIazDljKdQZof57Hd9A.jpg,https://www.kobo.com/tw/zh/ebook/lRjcIazDljKdQZof57Hd9A?sId=bd004b38-97fb-43d8-a6e6-3256dfec8c65
2025-05-09,簡媜,好一座浮島,210,9789863875666,https://cdn.kobo.com/book-images/dcfdfd36-7d3d-4201-89ab-681303731c15/353/569/90/False/tR63QOkIkjSZNYP1XN8qJQ.jpg,https://www.kobo.com/tw/zh/ebook/tR63QOkIkjSZNYP1XN8qJQ?sId=bd004b38-97fb-43d8-a6e6-3256dfec8c65
2025-05-09,簡媜,月娘照眠牀,220,9789863875314,https://cdn.kobo.com/book-images/1dc984df-000f-4cfb-86bf-d71ead052b02/353/569/90/False/yifYBw_kEz-sjWx9O6wmTg.jpg,https://www.kobo.com/tw/zh/ebook/yifYBw_kEz-sjWx9O6wmTg?sId=bd004b38-97fb-43d8-a6e6-3256dfec8c65
2025-05-09,簡媜,只緣身在此山中,224,9789863874911,https://cdn.kobo.com/book-images/a21ea0b7-2449-4d16-b4db-1aa18c1993f3/353/569/90/False/JR_gAXmObD6EROWQrNPmjw.jpg,https://www.kobo.com/tw/zh/ebook/JR_gAXmObD6EROWQrNPmjw?sId=bd004b38-97fb-43d8-a6e6-3256dfec8c65
2025-05-09,簡媜,胭脂盆地,196,9789863874553,https://cdn.kobo.com/book-images/0ce65bd8-31e7-48ec-b6c2-f3b4da8f4cb7/353/569/90/False/_jcUd4QT3T6w0ZguwcDvlg.jpg,https://www.kobo.com/tw/zh/ebook/_jcUd4QT3T6w0ZguwcDvlg?sId=2b7e8f60-7088-41dd-b52e-8e038fac0bf7
2025-05-09,簡媜,女兒紅,196,9789863874096,https://cdn.kobo.com/book-images/73163054-0990-4413-b92d-a3d20f20ebaa/353/569/90/False/DBqadeV-gT-bmmVuqDItJg.jpg,https://www.kobo.com/tw/zh/ebook/DBqadeV-gT-bmmVuqDItJg?sId=2b7e8f60-7088-41dd-b52e-8e038fac0bf7
2025-05-09,簡媜,夢遊書,196,9789863874546,https://cdn.kobo.com/book-images/df1c79f2-8ad2-4ed8-9f37-293c81359dd8/353/569/90/False/p_nX7y-6_D6gGQiQ7O__sw.jpg,https://www.kobo.com/tw/zh/ebook/p_nX7y-6_D6gGQiQ7O__sw?sId=2b7e8f60-7088-41dd-b52e-8e038fac0bf7
2025-05-09,簡媜,十種寂寞,252,7390863873877,https://cdn.kobo.com/book-images/137d5050-a414-4644-a453-8236a3c7338c/353/569/90/False/SS3f6q_OmzG6ixjEoQQSBw.jpg,https://www.kobo.com/tw/zh/ebook/SS3f6q_OmzG6ixjEoQQSBw?sId=2b7e8f60-7088-41dd-b52e-8e038fac0bf7
2025-05-09,簡媜,天涯海角──福爾摩沙抒情誌,245,7390863873471,https://cdn.kobo.com/book-images/af00ba7f-99c1-44ae-b3d3-81c4e6e37430/353/569/90/False/y2QggT-GWz28HjuY_ABx1w.jpg,https://www.kobo.com/tw/zh/ebook/y2QggT-GWz28HjuY_ABx1w?sId=2b7e8f60-7088-41dd-b52e-8e038fac0bf7
2025-05-09,簡媜,紅嬰仔：一個女人和她的育嬰史,252,7390863873068,https://cdn.kobo.com/book-images/4c769dfc-5feb-45bb-bad9-d22ff6fe4425/353/569/90/False/3-XKV53DSzqry1rJm_LJEA.jpg,https://www.kobo.com/tw/zh/ebook/3-XKV53DSzqry1rJm_LJEA?sId=2b7e8f60-7088-41dd-b52e-8e038fac0bf7
2025-05-09,簡媜,我為你灑下月光,336,7390863872337,https://cdn.kobo.com/book-images/8d8c685d-f3c5-4e43-a07c-4a7a91f5ad22/353/569/90/False/RBqeU8INXTCG7D8npjR0bw.jpg,https://www.kobo.com/tw/zh/ebook/RBqeU8INXTCG7D8npjR0bw?sId=2b7e8f60-7088-41dd-b52e-8e038fac0bf7
2025-05-09,簡媜,吃朋友,245,7390866631382,https://cdn.kobo.com/book-images/03cd221a-bef1-420d-96fa-a1ff5f2ec5f8/353/569/90/False/5xrS1tW6YT6YFfX6xajasQ.jpg,https://www.kobo.com/tw/zh/ebook/5xrS1tW6YT6YFfX6xajasQ?sId=2b7e8f60-7088-41dd-b52e-8e038fac0bf7
2025-05-09,簡媜,老師的十二樣見面禮,224,7390866873232,https://cdn.kobo.com/book-images/912cffcc-12b7-4881-820d-605be5c0f456/353/569/90/False/Opeot0Gw9zeKOcdaOXIiCg.jpg,https://www.kobo.com/tw/zh/ebook/Opeot0Gw9zeKOcdaOXIiCg?sId=2b7e8f60-7088-41dd-b52e-8e038fac0bf7
2025-05-09,赫曼．赫塞,流浪者之歌【感動解讀版】,400,9786269936137,https://cdn.kobo.com/book-images/921c4663-8c49-4f8f-a61f-e24755dbae11/353/569/90/False/JNfPTDEjDz-tAMfp3Egokg.jpg,https://www.kobo.com/tw/zh/ebook/JNfPTDEjDz-tAMfp3Egokg?sId=67517576-bef0-4ca8-9286-2557d75de7da
2025-05-09,赫曼．赫塞,荒野之狼,315,9786263966987,https://cdn.kobo.com/book-images/3bb495e7-b3a7-490f-be56-c4e3d0755850/353/569/90/False/8qvh-uvBNjeQ5sV5LtVHdw.jpg,https://www.kobo.com/tw/zh/ebook/8qvh-uvBNjeQ5sV5LtVHdw?sId=67517576-bef0-4ca8-9286-2557d75de7da
2025-05-09,赫曼．赫塞,悠遊之歌（三版）,175,9789864023936,https://cdn.kobo.com/book-images/e52679bc-171d-45f8-bf8a-8a159a9891ed/353/569/90/False/UHZLCrSJATqst2fZDCkzBA.jpg,https://www.kobo.com/tw/zh/ebook/UHZLCrSJATqst2fZDCkzBA?sId=67517576-bef0-4ca8-9286-2557d75de7da
2025-05-09,赫曼．赫塞,流浪者之歌,245,9786263744417,https://cdn.kobo.com/book-images/dbaffb64-2df7-46df-9836-4b43eb375d74/353/569/90/False/SSmAUWRnWD-200t2EoH_qQ.jpg,https://www.kobo.com/tw/zh/ebook/SSmAUWRnWD-200t2EoH_qQ?sId=67517576-bef0-4ca8-9286-2557d75de7da
2025-05-09,赫曼．赫塞,園圃之歌：諾貝爾文學獎大師赫曼．赫塞的自然哲思與手繪詩畫,266,9786269638079,https://cdn.kobo.com/book-images/f7453d28-8edd-4d0b-87ae-3f947835f381/353/569/90/False/jHi5IlslGTmTLqpPkwxScQ.jpg,https://www.kobo.com/tw/zh/ebook/jHi5IlslGTmTLqpPkwxScQ?sId=67517576-bef0-4ca8-9286-2557d75de7da
2025-05-09,赫曼．赫塞,流浪者之歌／悉達多,252,9786267095010,https://cdn.kobo.com/book-images/3f321736-62ab-46cb-ae65-dabe29f7eea4/353/569/90/False/BZkTJbpWnTWsH4_ozeT9vA.jpg,https://www.kobo.com/tw/zh/ebook/BZkTJbpWnTWsH4_ozeT9vA?sId=67517576-bef0-4ca8-9286-2557d75de7da
2025-05-09,赫曼．赫塞,德米安【獨家收錄詹姆斯・法蘭科專文導讀】：埃米爾．辛克萊年少時的故事（徬徨少年時）,210,9789864895403,https://cdn.kobo.com/book-images/ae0cd56f-8ec4-4e2d-bc97-29ea34073182/353/569/90/False/ib-jIoEV2Dqm0I1tAc6TWQ.jpg,https://www.kobo.com/tw/zh/ebook/ib-jIoEV2Dqm0I1tAc6TWQ?sId=67517576-bef0-4ca8-9286-2557d75de7da
2025-05-09,赫曼．赫塞,悉達多【獨家收錄保羅．科爾賀專文導讀、林懷民繆思分享】：一首印度的詩（流浪者之歌）,196,9789864895397,https://cdn.kobo.com/book-images/827cfb45-6d4c-43cb-866a-eb45ca8c20c7/353/569/90/False/8X4BYN4ZszavG3vs7B0Jdg.jpg,https://www.kobo.com/tw/zh/ebook/8X4BYN4ZszavG3vs7B0Jdg?sId=67517576-bef0-4ca8-9286-2557d75de7da
2025-05-09,赫曼．赫塞,德米安：埃米爾．辛克萊年少時的故事（徬徨少年時）,210,7384000000027,https://cdn.kobo.com/book-images/e921900f-2bfe-42d8-8547-198c1b3b42b1/353/569/90/False/pO0YjhmJajyGRrdkzlKsnA.jpg,https://www.kobo.com/tw/zh/audiobook/pO0YjhmJajyGRrdkzlKsnA?sId=67517576-bef0-4ca8-9286-2557d75de7da
2025-05-09,赫曼．赫塞,悉達多：一首印度的詩（流浪者之歌）,210,7384000000026,https://cdn.kobo.com/book-images/2ebd8c79-acb7-430a-abd8-3998815f26dd/353/569/90/False/5P5w8osOvzauH183YElyCw.jpg,https://www.kobo.com/tw/zh/audiobook/5P5w8osOvzauH183YElyCw?sId=67517576-bef0-4ca8-9286-2557d75de7da
2025-05-09,赫曼．赫塞,德米安：徬徨少年時 (告別徬徨，堅定地做你自己。全新無刪減完整譯本，慕尼黑大學圖書館愛藏版),245,3069869881963,https://cdn.kobo.com/book-images/a809baf5-4e7d-43c9-96e5-7d69fa248b50/353/569/90/False/6fn5ArUqVjSw56cshygW_Q.jpg,https://www.kobo.com/tw/zh/ebook/6fn5ArUqVjSw56cshygW_Q?sId=67517576-bef0-4ca8-9286-2557d75de7da
2025-05-09,赫曼．赫塞,德米安：彷徨少年時,228,7289867101822,https://cdn.kobo.com/book-images/897fa0c7-1c7f-4005-9de8-784febd6e287/353/569/90/False/ZNYK-tlfkD-IZy3hlnFJAw.jpg,https://www.kobo.com/tw/zh/ebook/ZNYK-tlfkD-IZy3hlnFJAw?sId=67517576-bef0-4ca8-9286-2557d75de7da
2025-05-09,赫曼．赫塞,赫曼赫塞童話故事集,250,3119864773930,https://cdn.kobo.com/book-images/5f4ae374-cda4-4a0c-a27f-58f4eb5939e0/353/569/90/False/fUpsq8DF8Tq5Lguv3pHWuQ.jpg,https://www.kobo.com/tw/zh/ebook/fUpsq8DF8Tq5Lguv3pHWuQ?sId=5c3b58da-565f-4b67-9893-22582c7bb347
2025-05-09,赫曼．赫塞,荒野之狼（德文新譯本）,294,3119864771400,https://cdn.kobo.com/book-images/c81844a1-3034-4867-a324-b6f0bd00c252/353/569/90/False/6g6wxeuiYjuWU71oa_5Mzg.jpg,https://www.kobo.com/tw/zh/ebook/6g6wxeuiYjuWU71oa_5Mzg?sId=5c3b58da-565f-4b67-9893-22582c7bb347
2025-05-09,赫曼．赫塞,徬徨少年時（德文直譯本）,196,3090000030292,https://cdn.kobo.com/book-images/0eb8b492-c683-4d13-8a2e-40fd1872ced9/353/569/90/False/p9r2phjlUzO8q-gEc3Ysmg.jpg,https://www.kobo.com/tw/zh/ebook/p9r2phjlUzO8q-gEc3Ysmg?sId=5c3b58da-565f-4b67-9893-22582c7bb347
2025-05-09,赫曼．赫塞,鄉愁（德文直譯本）,196,3090000006527,https://cdn.kobo.com/book-images/567c8c31-ebf2-4ffb-a5b1-7e294bb27479/353/569/90/False/By8ilup3JjmH2kf5ty2N8g.jpg,https://www.kobo.com/tw/zh/ebook/By8ilup3JjmH2kf5ty2N8g?sId=5c3b58da-565f-4b67-9893-22582c7bb347
2025-05-09,赫曼．赫塞,荒野之狼（首度德文直譯本）,245,3090000005737,https://cdn.kobo.com/book-images/449cd682-c515-465f-b6f3-c5b59e8310e3/353/569/90/False/VFQPtyjUrTGJSlcoqoICxg.jpg,https://www.kobo.com/tw/zh/ebook/VFQPtyjUrTGJSlcoqoICxg?sId=5c3b58da-565f-4b67-9893-22582c7bb347
2025-05-09,赫曼．赫塞,在書中發現自己的靈魂：慢讀赫塞,250,3128000000104,https://cdn.kobo.com/book-images/5139dd71-3f40-4bbf-aaa6-752447892743/353/569/90/False/mj-jE6bxOTazX9ad0uwE7g.jpg,https://www.kobo.com/tw/zh/ebook/mj-jE6bxOTazX9ad0uwE7g?sId=5c3b58da-565f-4b67-9893-22582c7bb347
2025-05-09,赫曼．赫塞,車輪下（首度德文直譯本）,210,3090000000590,https://cdn.kobo.com/book-images/40dde703-286a-487c-acca-3d0e177e4d0a/353/569/90/False/iRXS-e-7fzumzrZdY8d_8Q.jpg,https://www.kobo.com/tw/zh/ebook/iRXS-e-7fzumzrZdY8d_8Q?sId=5c3b58da-565f-4b67-9893-22582c7bb347
2025-05-09,赫曼．赫塞,流浪者之歌（首度德文直譯本）,210,3090000000515,https://cdn.kobo.com/book-images/f601d38b-894e-436d-852c-e48f41d06a75/353/569/90/False/uWrynH7_LjCJaQT5rWrZjg.jpg,https://www.kobo.com/tw/zh/ebook/uWrynH7_LjCJaQT5rWrZjg?sId=5c3b58da-565f-4b67-9893-22582c7bb347
2025-05-09,赫曼．赫塞,生命之歌,210,3090000000496,https://cdn.kobo.com/book-images/cab95401-af95-4f91-9d80-41eee92dade2/353/569/90/False/kfbDCDZ4SD6jxk-LU1ireg.jpg,https://www.kobo.com/tw/zh/ebook/kfbDCDZ4SD6jxk-LU1ireg?sId=5c3b58da-565f-4b67-9893-22582c7bb347
2025-05-09,赫曼．赫塞,中學生好享讀：諾貝爾大師短篇小說選,225,6709863201113,https://cdn.kobo.com/book-images/f48eb899-1243-4d56-a687-e9d45c5de9ef/353/569/90/False/pnJCPVTatTGHkaHGe4iYMw.jpg,https://www.kobo.com/tw/zh/ebook/pnJCPVTatTGHkaHGe4iYMw?sId=5c3b58da-565f-4b67-9893-22582c7bb347
2025-05-09,赫曼．赫塞,徬徨少年時,175,3090000000352,https://cdn.kobo.com/book-images/b98f888a-ae90-4674-8796-0c691b798c30/353/569/90/False/3cIVTFd3fz6t9pp0NaJsyA.jpg,https://www.kobo.com/tw/zh/ebook/3cIVTFd3fz6t9pp0NaJsyA?sId=5c3b58da-565f-4b67-9893-22582c7bb347
2025-05-10,卡繆,異鄉人（卡繆版書衣）,154,3119861735450,https://cdn.kobo.com/book-images/24099253-90bc-4d80-8825-f6300e8b806f/353/569/90/False/gb2hSkF1KDGjqz18oam2aA.jpg,https://www.kobo.com/tw/zh/ebook/gb2hSkF1KDGjqz18oam2aA?sId=c08dac8b-6168-4331-be88-c056e60cbd94
2025-05-10,卡繆,卡繆荒謬系列四部曲套書：《異鄉人》＋《薛西弗斯的神話》＋《卡里古拉》＋《誤會》【全新法文名家直譯，首次完整出版，親炙完整的卡繆荒謬哲學】,625,3150000000693,https://cdn.kobo.com/book-images/462128f0-194c-4f37-91e4-c9cdfbe0d7b2/353/569/90/False/iBMVIqmTtjmYjH2oJl_r8A.jpg,https://www.kobo.com/tw/zh/ebook/iBMVIqmTtjmYjH2oJl_r8A?sId=c08dac8b-6168-4331-be88-c056e60cbd94
2025-05-10,卡繆,異鄉人（2020全新名家譯本，再現卡繆字句推敲的原義）,138,3150000000617,https://cdn.kobo.com/book-images/883f0dcf-e5f7-4dfe-b300-8d725a8da70d/353/569/90/False/0GQk9bH6VzyLV0Q9Faysow.jpg,https://www.kobo.com/tw/zh/ebook/0GQk9bH6VzyLV0Q9Faysow?sId=c08dac8b-6168-4331-be88-c056e60cbd94
2025-05-10,卡繆,瘟疫（2021最新名家譯本，卡繆對疫情下被禁錮人心的鼓舞）,210,9789860777192,https://cdn.kobo.com/book-images/9618975f-d9f0-47af-bd43-571387f8a06a/353/569/90/False/wJ6ORaWSDj60GIzsDTf9Zg.jpg,https://www.kobo.com/tw/zh/ebook/wJ6ORaWSDj60GIzsDTf9Zg?sId=c08dac8b-6168-4331-be88-c056e60cbd94
2025-05-10,卡繆,薛西弗斯的神話：卡繆的荒謬哲學,230,3120000000285,https://cdn.kobo.com/book-images/8cfb868b-d1ce-428f-9dc1-8a7b0724f790/353/569/90/False/dz7TJXld6DK-tFChkyuNug.jpg,https://www.kobo.com/tw/zh/ebook/dz7TJXld6DK-tFChkyuNug?sId=c08dac8b-6168-4331-be88-c056e60cbd94
2025-05-10,卡繆,卡繆荒謬與反抗系列作品全集套書：荒謬系列四部曲《異鄉人》《薛西弗斯的神話》《卡里古拉》《誤會》＋反抗系列三部曲《瘟疫》《反抗者》《正義者》【全新法文名家直譯，首次完整出版，親炙完整的卡繆荒謬哲學】,1200,3150000000694,https://cdn.kobo.com/book-images/76f16f12-492e-4435-b792-e97bba1721d5/353/569/90/False/Kx45Q5lYKTqv_nEYbdwV2A.jpg,https://www.kobo.com/tw/zh/ebook/Kx45Q5lYKTqv_nEYbdwV2A?sId=c08dac8b-6168-4331-be88-c056e60cbd94
2025-05-10,卡繆,正義者（首次出版，法文直譯名家譯本，卡繆展現對正義與反抗的考驗）,155,9789860777161,https://cdn.kobo.com/book-images/9291fc65-996d-4a27-83f4-a141c345d8cb/353/569/90/False/QQT3HgwFsT2xefv4IRMF9w.jpg,https://www.kobo.com/tw/zh/ebook/QQT3HgwFsT2xefv4IRMF9w?sId=c08dac8b-6168-4331-be88-c056e60cbd94
2025-05-10,卡繆,卡繆反抗三部曲套書：《瘟疫》＋《反抗者》＋《正義者》【全新法文名家直譯，首次完整出版，親炙完整的卡繆反抗思想】,575,3150000000687,https://cdn.kobo.com/book-images/9f980967-d3c1-4ac0-9f8c-f8e0ccbbcc60/353/569/90/False/B1m2jKOONjKjTMVkT5k1NQ.jpg,https://www.kobo.com/tw/zh/ebook/B1m2jKOONjKjTMVkT5k1NQ?sId=c08dac8b-6168-4331-be88-c056e60cbd94
2025-05-10,卡繆,薛西弗斯的神話,166,3150000000396,https://cdn.kobo.com/book-images/71d8cd60-c407-4367-bced-a36718fcf86f/353/569/90/False/t0r8j-Ym4jee3YDu96AA1w.jpg,https://www.kobo.com/tw/zh/ebook/t0r8j-Ym4jee3YDu96AA1w?sId=c08dac8b-6168-4331-be88-c056e60cbd94
2025-05-10,卡繆,鼠疫,210,3119861737522,https://cdn.kobo.com/book-images/56a09ae8-dac7-4eb0-9dde-b427a5a1aacb/353/569/90/False/tGTtah0cyzKVQIXzpZ7NTQ.jpg,https://www.kobo.com/tw/zh/ebook/tGTtah0cyzKVQIXzpZ7NTQ?sId=c08dac8b-6168-4331-be88-c056e60cbd94
2025-05-10,卡繆,快樂的死,175,3120000000639,https://cdn.kobo.com/book-images/57e8ecec-6b0d-4586-882a-1f7699f9b494/353/569/90/False/gnS7T3tgLTS1t3eLSRBEeA.jpg,https://www.kobo.com/tw/zh/ebook/gnS7T3tgLTS1t3eLSRBEeA?sId=c08dac8b-6168-4331-be88-c056e60cbd94
2025-05-10,卡繆,薛西弗斯的神話：點燃希望的哲學頌歌，法國七星文庫權威譯本【傅雷翻譯獎典藏版】,266,9786267596456,https://cdn.kobo.com/book-images/6ccfbf88-73ae-4691-b256-38387994ae56/353/569/90/False/7fFjSyTP9zKPTx3GcPFpfw.jpg,https://www.kobo.com/tw/zh/ebook/7fFjSyTP9zKPTx3GcPFpfw?sId=c08dac8b-6168-4331-be88-c056e60cbd94
2025-05-10,卡繆,誤會【1957年諾貝爾文學獎得主面對自我放逐之旅的核心之作】,155,9786267118139,https://cdn.kobo.com/book-images/f35af051-fd52-4e22-a2df-d19abd3abf6e/353/569/90/False/XznH9zQdijG-RQoi9MTYng.jpg,https://www.kobo.com/tw/zh/ebook/XznH9zQdijG-RQoi9MTYng?sId=1a70dd6b-4d51-4335-bc40-f7ee488501a2
2025-05-10,卡繆,卡里古拉【1957年諾貝爾文學獎得主描摹荒謬的經典代表作,166,9786267118108,https://cdn.kobo.com/book-images/228a6362-9e74-450c-806f-26d0291b0115/353/569/90/False/bUv8_ShWSDyzoufG54r66g.jpg,https://www.kobo.com/tw/zh/ebook/bUv8_ShWSDyzoufG54r66g?sId=1a70dd6b-4d51-4335-bc40-f7ee488501a2
2025-05-10,卡繆,放逐與王國：卡繆短篇小說,260,9789865482541,https://cdn.kobo.com/book-images/033f901a-cea5-456e-9a5c-534f67c7dd33/353/569/90/False/SmaLhyIaRTOPTVVkw9jskg.jpg,https://www.kobo.com/tw/zh/ebook/SmaLhyIaRTOPTVVkw9jskg?sId=1a70dd6b-4d51-4335-bc40-f7ee488501a2
2025-05-10,卡繆,異鄉人,179,3039571384641,https://cdn.kobo.com/book-images/81e2cbee-7fb1-445c-8a9a-54f11683b376/353/569/90/False/wUn6RJK3RjCYH8YflJqYFw.jpg,https://www.kobo.com/tw/zh/ebook/wUn6RJK3RjCYH8YflJqYFw?sId=1a70dd6b-4d51-4335-bc40-f7ee488501a2
2025-05-10,卡繆,異鄉人（卡繆經典暢銷作․中文版有聲書首度上市）,220,9789863449263,https://cdn.kobo.com/book-images/a910e55d-8df0-43d3-8ef2-df7dc21d51ba/353/569/90/False/t1OO6Q03qjuX0wfMsaUVPg.jpg,https://www.kobo.com/tw/zh/audiobook/t1OO6Q03qjuX0wfMsaUVPg?sId=1a70dd6b-4d51-4335-bc40-f7ee488501a2
2025-05-10,卡繆,鼠疫【全新名家譯本】（特別收錄哲學解析〈一部存在主義小說的後現代閱讀〉）,266,9789864895434,https://cdn.kobo.com/book-images/f4d068a2-498d-4817-97dd-d7492dc32b10/353/569/90/False/K9cd87y5oDGaSXDvYBOiAg.jpg,https://www.kobo.com/tw/zh/ebook/K9cd87y5oDGaSXDvYBOiAg?sId=1a70dd6b-4d51-4335-bc40-f7ee488501a2
2025-05-10,卡繆,反抗者（新版）,210,3150000000392,https://cdn.kobo.com/book-images/0169f08d-1636-4fe9-865e-ac9323facfa7/353/569/90/False/dnhkQv1woTKBLngzg4RbMg.jpg,https://www.kobo.com/tw/zh/ebook/dnhkQv1woTKBLngzg4RbMg?sId=1a70dd6b-4d51-4335-bc40-f7ee488501a2
2025-05-10,卡繆,瘟疫（名家經典新譯）,228,9789865482473,https://cdn.kobo.com/book-images/edbaf1b0-60cf-4781-90e1-dcb3d6358348/353/569/90/False/XSi3S6nkVz2SFyXwXYLq1g.jpg,https://www.kobo.com/tw/zh/ebook/XSi3S6nkVz2SFyXwXYLq1g?sId=1a70dd6b-4d51-4335-bc40-f7ee488501a2
2025-05-10,卡繆,異鄉人【獨家收錄沙特評論・2022全新名家譯本】,196,9789864896073,https://cdn.kobo.com/book-images/a71e071c-2ddd-47b0-ba0d-0ad67a3261c3/353/569/90/False/VQ2InesBOjKI-Xv96viLqA.jpg,https://www.kobo.com/tw/zh/ebook/VQ2InesBOjKI-Xv96viLqA?sId=1a70dd6b-4d51-4335-bc40-f7ee488501a2
2025-05-10,卡繆,異鄉人：最值得珍藏的名家譯本,224,3119864778287,https://cdn.kobo.com/book-images/59186bf1-d059-4aeb-afcb-36b164712ef7/353/569/90/False/XRU3eRrUUD6pvlI4liPZbg.jpg,https://www.kobo.com/tw/zh/ebook/XRU3eRrUUD6pvlI4liPZbg?sId=1a70dd6b-4d51-4335-bc40-f7ee488501a2
2025-05-10,卡繆,瘟疫,210,9789861785516,https://cdn.kobo.com/book-images/8d4f032e-dd57-4b50-a7d8-07f8e494bce5/353/569/90/False/sQ5ce_0gtz-yiFpE7SxWag.jpg,https://www.kobo.com/tw/zh/ebook/sQ5ce_0gtz-yiFpE7SxWag?sId=1a70dd6b-4d51-4335-bc40-f7ee488501a2
2025-05-10,卡繆,鼠疫（卡繆經典暢銷作․中文版有聲書首度上市）,300,9789863449270,https://cdn.kobo.com/book-images/ba766fe2-65df-4d69-83bc-798bf2340c10/353/569/90/False/AMe0qKS-yzinEfp_ItutUg.jpg,https://www.kobo.com/tw/zh/audiobook/AMe0qKS-yzinEfp_ItutUg?sId=1a70dd6b-4d51-4335-bc40-f7ee488501a2
2025-05-10,卡繆,放逐與王國,210,9789863874133,https://cdn.kobo.com/book-images/5f1ba02d-68c9-4aa5-85ab-824c904439e9/353/569/90/False/RVGALpaZsjaTbCo1SdZXqw.jpg,https://www.kobo.com/tw/zh/ebook/RVGALpaZsjaTbCo1SdZXqw?sId=2bbf071b-94c7-49e3-ae33-781305161ccd
2025-05-10,卡繆,異鄉人,170,6849862272770,https://cdn.kobo.com/book-images/2f2b24f2-6a61-4ae2-a409-29c8eb0bc992/353/569/90/False/GYi3emouATurt5CEXNGY7A.jpg,https://www.kobo.com/tw/zh/ebook/GYi3emouATurt5CEXNGY7A?sId=2bbf071b-94c7-49e3-ae33-781305161ccd
2025-05-10,卡繆,第一人：《異鄉人》存在主義大師的最後遺作！沒讀過《第一人》，就無法了解真正的卡繆！,360,7435000003050,https://cdn.kobo.com/book-images/1000dae4-0e54-4613-994a-2ca68f225aaf/353/569/90/False/mBrCwjCDbT-OmxW_MxQCPg.jpg,https://www.kobo.com/tw/zh/audiobook/mBrCwjCDbT-OmxW_MxQCPg?sId=2bbf071b-94c7-49e3-ae33-781305161ccd
2025-05-10,卡繆,異鄉人：荒謬三部曲，首部,210,7384000000024,https://cdn.kobo.com/book-images/12dc1249-e584-452a-a159-54be7be82c4d/353/569/90/False/MDkYBsM0cTm5Kq9j-44S0A.jpg,https://www.kobo.com/tw/zh/audiobook/MDkYBsM0cTm5Kq9j-44S0A?sId=2bbf071b-94c7-49e3-ae33-781305161ccd
2025-05-10,簡媜,十種寂寞,252,7390863873877,https://cdn.kobo.com/book-images/137d5050-a414-4644-a453-8236a3c7338c/353/569/90/False/SS3f6q_OmzG6ixjEoQQSBw.jpg,https://www.kobo.com/tw/zh/ebook/SS3f6q_OmzG6ixjEoQQSBw?sId=72f706ac-887b-4514-a728-015a78b8b12a
2025-05-10,簡媜,我為你灑下月光,336,7390863872337,https://cdn.kobo.com/book-images/8d8c685d-f3c5-4e43-a07c-4a7a91f5ad22/353/569/90/False/RBqeU8INXTCG7D8npjR0bw.jpg,https://www.kobo.com/tw/zh/ebook/RBqeU8INXTCG7D8npjR0bw?sId=72f706ac-887b-4514-a728-015a78b8b12a
2025-05-10,簡媜,紅嬰仔：一個女人和她的育嬰史,252,7390863873068,https://cdn.kobo.com/book-images/4c769dfc-5feb-45bb-bad9-d22ff6fe4425/353/569/90/False/3-XKV53DSzqry1rJm_LJEA.jpg,https://www.kobo.com/tw/zh/ebook/3-XKV53DSzqry1rJm_LJEA?sId=72f706ac-887b-4514-a728-015a78b8b12a
2025-05-10,簡媜,夢遊書,196,9789863874546,https://cdn.kobo.com/book-images/df1c79f2-8ad2-4ed8-9f37-293c81359dd8/353/569/90/False/p_nX7y-6_D6gGQiQ7O__sw.jpg,https://www.kobo.com/tw/zh/ebook/p_nX7y-6_D6gGQiQ7O__sw?sId=72f706ac-887b-4514-a728-015a78b8b12a
2025-05-10,簡媜,女兒紅,196,9789863874096,https://cdn.kobo.com/book-images/73163054-0990-4413-b92d-a3d20f20ebaa/353/569/90/False/DBqadeV-gT-bmmVuqDItJg.jpg,https://www.kobo.com/tw/zh/ebook/DBqadeV-gT-bmmVuqDItJg?sId=72f706ac-887b-4514-a728-015a78b8b12a
2025-05-10,簡媜,老師的十二樣見面禮,224,7390866873232,https://cdn.kobo.com/book-images/912cffcc-12b7-4881-820d-605be5c0f456/353/569/90/False/Opeot0Gw9zeKOcdaOXIiCg.jpg,https://www.kobo.com/tw/zh/ebook/Opeot0Gw9zeKOcdaOXIiCg?sId=72f706ac-887b-4514-a728-015a78b8b12a
2025-05-10,簡媜,與歲月同等心跳,210,9789863877479,https://cdn.kobo.com/book-images/5dc05880-531e-4ce8-9a89-99be05f5d02b/353/569/90/False/1Cgc_XKbQj6NkWrPuaKd2g.jpg,https://www.kobo.com/tw/zh/ebook/1Cgc_XKbQj6NkWrPuaKd2g?sId=72f706ac-887b-4514-a728-015a78b8b12a
2025-05-10,簡媜,誰在銀閃閃的地方，等你（增訂版）,392,9789863876021,https://cdn.kobo.com/book-images/18d8f7d3-ad8d-4473-b1b7-aba2ada08383/353/569/90/False/tyYjDkeqiza61CrkeCJu7w.jpg,https://www.kobo.com/tw/zh/ebook/tyYjDkeqiza61CrkeCJu7w?sId=72f706ac-887b-4514-a728-015a78b8b12a
2025-05-10,簡媜,一個人漫遊，古典森林,315,9789863877745,https://cdn.kobo.com/book-images/0c528bc8-18ea-46e3-acf0-f4c80125be95/353/569/90/False/Yyl9S4wUuDu8rltsfwH3UQ.jpg,https://www.kobo.com/tw/zh/ebook/Yyl9S4wUuDu8rltsfwH3UQ?sId=72f706ac-887b-4514-a728-015a78b8b12a
2025-05-10,簡媜,胭脂盆地,196,9789863874553,https://cdn.kobo.com/book-images/0ce65bd8-31e7-48ec-b6c2-f3b4da8f4cb7/353/569/90/False/_jcUd4QT3T6w0ZguwcDvlg.jpg,https://www.kobo.com/tw/zh/ebook/_jcUd4QT3T6w0ZguwcDvlg?sId=72f706ac-887b-4514-a728-015a78b8b12a
2025-05-10,簡媜,旅人之歌——神遊山水詩,210,9789863877516,https://cdn.kobo.com/book-images/ba7b0973-6125-415b-91a8-f4910ba8f09b/353/569/90/False/BEgyL0ETLzSJLhvVE5yKmQ.jpg,https://www.kobo.com/tw/zh/ebook/BEgyL0ETLzSJLhvVE5yKmQ?sId=72f706ac-887b-4514-a728-015a78b8b12a
2025-05-10,簡媜,老師的十二樣見面禮（增訂版）,329,9789863876236,https://cdn.kobo.com/book-images/5ddd0b2a-a9d1-403d-92c3-60f91baba3c6/353/569/90/False/7r6In9z6kTuCg3twvvZA2g.jpg,https://www.kobo.com/tw/zh/ebook/7r6In9z6kTuCg3twvvZA2g?sId=72f706ac-887b-4514-a728-015a78b8b12a
2025-05-10,簡媜,吃朋友,245,7390866631382,https://cdn.kobo.com/book-images/03cd221a-bef1-420d-96fa-a1ff5f2ec5f8/353/569/90/False/5xrS1tW6YT6YFfX6xajasQ.jpg,https://www.kobo.com/tw/zh/ebook/5xrS1tW6YT6YFfX6xajasQ?sId=df1055e2-8903-49f4-ba04-c8e557e66cec
2025-05-10,簡媜,下午茶,160,9789863876946,https://cdn.kobo.com/book-images/84781262-e7bd-4d10-a3c7-d19910fafa73/353/569/90/False/5iBW0pa_Wj2IztG5D0yKyw.jpg,https://www.kobo.com/tw/zh/ebook/5iBW0pa_Wj2IztG5D0yKyw?sId=df1055e2-8903-49f4-ba04-c8e557e66cec
2025-05-10,簡媜,密密語,280,9789863876953,https://cdn.kobo.com/book-images/76e8fe19-e84d-4b62-9707-03393a023486/353/569/90/False/mMg1YwJL9TemPTAVwHZbvw.jpg,https://www.kobo.com/tw/zh/ebook/mMg1YwJL9TemPTAVwHZbvw?sId=df1055e2-8903-49f4-ba04-c8e557e66cec
2025-05-10,簡媜,微暈的樹林,210,9789863875857,https://cdn.kobo.com/book-images/df67a2d3-dab3-4ea6-bdd2-0f0e2b62a151/353/569/90/False/lRjcIazDljKdQZof57Hd9A.jpg,https://www.kobo.com/tw/zh/ebook/lRjcIazDljKdQZof57Hd9A?sId=df1055e2-8903-49f4-ba04-c8e557e66cec
2025-05-10,簡媜,天涯海角──福爾摩沙抒情誌,245,7390863873471,https://cdn.kobo.com/book-images/af00ba7f-99c1-44ae-b3d3-81c4e6e37430/353/569/90/False/y2QggT-GWz28HjuY_ABx1w.jpg,https://www.kobo.com/tw/zh/ebook/y2QggT-GWz28HjuY_ABx1w?sId=df1055e2-8903-49f4-ba04-c8e557e66cec
2025-05-10,簡媜,舊情復燃,220,9789863876380,https://cdn.kobo.com/book-images/97241a9a-8187-4195-a573-9a921c04b9cc/353/569/90/False/wieReZ4jqT2vpPAPLsLmkA.jpg,https://www.kobo.com/tw/zh/ebook/wieReZ4jqT2vpPAPLsLmkA?sId=df1055e2-8903-49f4-ba04-c8e557e66cec
2025-05-10,簡媜,月娘照眠牀,220,9789863875314,https://cdn.kobo.com/book-images/1dc984df-000f-4cfb-86bf-d71ead052b02/353/569/90/False/yifYBw_kEz-sjWx9O6wmTg.jpg,https://www.kobo.com/tw/zh/ebook/yifYBw_kEz-sjWx9O6wmTg?sId=df1055e2-8903-49f4-ba04-c8e557e66cec
2025-05-10,簡媜,只緣身在此山中,224,9789863874911,https://cdn.kobo.com/book-images/a21ea0b7-2449-4d16-b4db-1aa18c1993f3/353/569/90/False/JR_gAXmObD6EROWQrNPmjw.jpg,https://www.kobo.com/tw/zh/ebook/JR_gAXmObD6EROWQrNPmjw?sId=df1055e2-8903-49f4-ba04-c8e557e66cec
2025-05-10,簡媜,好一座浮島,210,9789863875666,https://cdn.kobo.com/book-images/dcfdfd36-7d3d-4201-89ab-681303731c15/353/569/90/False/tR63QOkIkjSZNYP1XN8qJQ.jpg,https://www.kobo.com/tw/zh/ebook/tR63QOkIkjSZNYP1XN8qJQ?sId=df1055e2-8903-49f4-ba04-c8e557e66cec
2025-05-10,赫曼．赫塞,流浪者之歌／悉達多,252,9786267095010,https://cdn.kobo.com/book-images/3f321736-62ab-46cb-ae65-dabe29f7eea4/353/569/90/False/BZkTJbpWnTWsH4_ozeT9vA.jpg,https://www.kobo.com/tw/zh/ebook/BZkTJbpWnTWsH4_ozeT9vA?sId=d6601979-7050-43e1-a62e-529548a44063
2025-05-10,赫曼．赫塞,悉達多【獨家收錄保羅．科爾賀專文導讀、林懷民繆思分享】：一首印度的詩（流浪者之歌）,196,9789864895397,https://cdn.kobo.com/book-images/827cfb45-6d4c-43cb-866a-eb45ca8c20c7/353/569/90/False/8X4BYN4ZszavG3vs7B0Jdg.jpg,https://www.kobo.com/tw/zh/ebook/8X4BYN4ZszavG3vs7B0Jdg?sId=d6601979-7050-43e1-a62e-529548a44063
2025-05-10,赫曼．赫塞,流浪者之歌【感動解讀版】,400,9786269936137,https://cdn.kobo.com/book-images/921c4663-8c49-4f8f-a61f-e24755dbae11/353/569/90/False/JNfPTDEjDz-tAMfp3Egokg.jpg,https://www.kobo.com/tw/zh/ebook/JNfPTDEjDz-tAMfp3Egokg?sId=d6601979-7050-43e1-a62e-529548a44063
2025-05-10,赫曼．赫塞,園圃之歌：諾貝爾文學獎大師赫曼．赫塞的自然哲思與手繪詩畫,266,9786269638079,https://cdn.kobo.com/book-images/f7453d28-8edd-4d0b-87ae-3f947835f381/353/569/90/False/jHi5IlslGTmTLqpPkwxScQ.jpg,https://www.kobo.com/tw/zh/ebook/jHi5IlslGTmTLqpPkwxScQ?sId=d6601979-7050-43e1-a62e-529548a44063
2025-05-10,赫曼．赫塞,德米安：徬徨少年時 (告別徬徨，堅定地做你自己。全新無刪減完整譯本，慕尼黑大學圖書館愛藏版),245,3069869881963,https://cdn.kobo.com/book-images/a809baf5-4e7d-43c9-96e5-7d69fa248b50/353/569/90/False/6fn5ArUqVjSw56cshygW_Q.jpg,https://www.kobo.com/tw/zh/ebook/6fn5ArUqVjSw56cshygW_Q?sId=d6601979-7050-43e1-a62e-529548a44063
2025-05-10,赫曼．赫塞,赫曼赫塞童話故事集,250,3119864773930,https://cdn.kobo.com/book-images/5f4ae374-cda4-4a0c-a27f-58f4eb5939e0/353/569/90/False/fUpsq8DF8Tq5Lguv3pHWuQ.jpg,https://www.kobo.com/tw/zh/ebook/fUpsq8DF8Tq5Lguv3pHWuQ?sId=d6601979-7050-43e1-a62e-529548a44063
2025-05-10,赫曼．赫塞,流浪者之歌（首度德文直譯本）,210,3090000000515,https://cdn.kobo.com/book-images/f601d38b-894e-436d-852c-e48f41d06a75/353/569/90/False/uWrynH7_LjCJaQT5rWrZjg.jpg,https://www.kobo.com/tw/zh/ebook/uWrynH7_LjCJaQT5rWrZjg?sId=d6601979-7050-43e1-a62e-529548a44063
2025-05-10,赫曼．赫塞,德米安【獨家收錄詹姆斯・法蘭科專文導讀】：埃米爾．辛克萊年少時的故事（徬徨少年時）,210,9789864895403,https://cdn.kobo.com/book-images/ae0cd56f-8ec4-4e2d-bc97-29ea34073182/353/569/90/False/ib-jIoEV2Dqm0I1tAc6TWQ.jpg,https://www.kobo.com/tw/zh/ebook/ib-jIoEV2Dqm0I1tAc6TWQ?sId=d6601979-7050-43e1-a62e-529548a44063
2025-05-10,赫曼．赫塞,荒野之狼（首度德文直譯本）,245,3090000005737,https://cdn.kobo.com/book-images/449cd682-c515-465f-b6f3-c5b59e8310e3/353/569/90/False/VFQPtyjUrTGJSlcoqoICxg.jpg,https://www.kobo.com/tw/zh/ebook/VFQPtyjUrTGJSlcoqoICxg?sId=d6601979-7050-43e1-a62e-529548a44063
2025-05-10,赫曼．赫塞,荒野之狼,315,9786263966987,https://cdn.kobo.com/book-images/3bb495e7-b3a7-490f-be56-c4e3d0755850/353/569/90/False/8qvh-uvBNjeQ5sV5LtVHdw.jpg,https://www.kobo.com/tw/zh/ebook/8qvh-uvBNjeQ5sV5LtVHdw?sId=d6601979-7050-43e1-a62e-529548a44063
2025-05-10,赫曼．赫塞,流浪者之歌,245,9786263744417,https://cdn.kobo.com/book-images/dbaffb64-2df7-46df-9836-4b43eb375d74/353/569/90/False/SSmAUWRnWD-200t2EoH_qQ.jpg,https://www.kobo.com/tw/zh/ebook/SSmAUWRnWD-200t2EoH_qQ?sId=d6601979-7050-43e1-a62e-529548a44063
2025-05-10,赫曼．赫塞,德米安：彷徨少年時,228,7289867101822,https://cdn.kobo.com/book-images/897fa0c7-1c7f-4005-9de8-784febd6e287/353/569/90/False/ZNYK-tlfkD-IZy3hlnFJAw.jpg,https://www.kobo.com/tw/zh/ebook/ZNYK-tlfkD-IZy3hlnFJAw?sId=d6601979-7050-43e1-a62e-529548a44063
2025-05-10,赫曼．赫塞,車輪下（首度德文直譯本）,210,3090000000590,https://cdn.kobo.com/book-images/40dde703-286a-487c-acca-3d0e177e4d0a/353/569/90/False/iRXS-e-7fzumzrZdY8d_8Q.jpg,https://www.kobo.com/tw/zh/ebook/iRXS-e-7fzumzrZdY8d_8Q?sId=c475c524-d296-4cc1-bbe1-03dca7288f44
2025-05-10,赫曼．赫塞,在書中發現自己的靈魂：慢讀赫塞,250,3128000000104,https://cdn.kobo.com/book-images/5139dd71-3f40-4bbf-aaa6-752447892743/353/569/90/False/mj-jE6bxOTazX9ad0uwE7g.jpg,https://www.kobo.com/tw/zh/ebook/mj-jE6bxOTazX9ad0uwE7g?sId=c475c524-d296-4cc1-bbe1-03dca7288f44
2025-05-10,赫曼．赫塞,徬徨少年時（德文直譯本）,196,3090000030292,https://cdn.kobo.com/book-images/0eb8b492-c683-4d13-8a2e-40fd1872ced9/353/569/90/False/p9r2phjlUzO8q-gEc3Ysmg.jpg,https://www.kobo.com/tw/zh/ebook/p9r2phjlUzO8q-gEc3Ysmg?sId=c475c524-d296-4cc1-bbe1-03dca7288f44
2025-05-10,赫曼．赫塞,悠遊之歌（三版）,175,9789864023936,https://cdn.kobo.com/book-images/e52679bc-171d-45f8-bf8a-8a159a9891ed/353/569/90/False/UHZLCrSJATqst2fZDCkzBA.jpg,https://www.kobo.com/tw/zh/ebook/UHZLCrSJATqst2fZDCkzBA?sId=c475c524-d296-4cc1-bbe1-03dca7288f44
2025-05-10,赫曼．赫塞,生命之歌,210,3090000000496,https://cdn.kobo.com/book-images/cab95401-af95-4f91-9d80-41eee92dade2/353/569/90/False/kfbDCDZ4SD6jxk-LU1ireg.jpg,https://www.kobo.com/tw/zh/ebook/kfbDCDZ4SD6jxk-LU1ireg?sId=c475c524-d296-4cc1-bbe1-03dca7288f44
2025-05-10,赫曼．赫塞,中學生好享讀：諾貝爾大師短篇小說選,225,6709863201113,https://cdn.kobo.com/book-images/f48eb899-1243-4d56-a687-e9d45c5de9ef/353/569/90/False/pnJCPVTatTGHkaHGe4iYMw.jpg,https://www.kobo.com/tw/zh/ebook/pnJCPVTatTGHkaHGe4iYMw?sId=c475c524-d296-4cc1-bbe1-03dca7288f44
2025-05-10,赫曼．赫塞,鄉愁（德文直譯本）,196,3090000006527,https://cdn.kobo.com/book-images/567c8c31-ebf2-4ffb-a5b1-7e294bb27479/353/569/90/False/By8ilup3JjmH2kf5ty2N8g.jpg,https://www.kobo.com/tw/zh/ebook/By8ilup3JjmH2kf5ty2N8g?sId=c475c524-d296-4cc1-bbe1-03dca7288f44
2025-05-10,赫曼．赫塞,荒野之狼（德文新譯本）,294,3119864771400,https://cdn.kobo.com/book-images/c81844a1-3034-4867-a324-b6f0bd00c252/353/569/90/False/6g6wxeuiYjuWU71oa_5Mzg.jpg,https://www.kobo.com/tw/zh/ebook/6g6wxeuiYjuWU71oa_5Mzg?sId=c475c524-d296-4cc1-bbe1-03dca7288f44
2025-05-10,赫曼．赫塞,徬徨少年時,175,3090000000352,https://cdn.kobo.com/book-images/b98f888a-ae90-4674-8796-0c691b798c30/353/569/90/False/3cIVTFd3fz6t9pp0NaJsyA.jpg,https://www.kobo.com/tw/zh/ebook/3cIVTFd3fz6t9pp0NaJsyA?sId=c475c524-d296-4cc1-bbe1-03dca7288f44
2025-05-10,赫曼．赫塞,德米安：埃米爾．辛克萊年少時的故事（徬徨少年時）,210,7384000000027,https://cdn.kobo.com/book-images/e921900f-2bfe-42d8-8547-198c1b3b42b1/353/569/90/False/pO0YjhmJajyGRrdkzlKsnA.jpg,https://www.kobo.com/tw/zh/audiobook/pO0YjhmJajyGRrdkzlKsnA?sId=c475c524-d296-4cc1-bbe1-03dca7288f44
2025-05-10,赫曼．赫塞,悉達多：一首印度的詩（流浪者之歌）,210,7384000000026,https://cdn.kobo.com/book-images/2ebd8c79-acb7-430a-abd8-3998815f26dd/353/569/90/False/5P5w8osOvzauH183YElyCw.jpg,https://www.kobo.com/tw/zh/audiobook/5P5w8osOvzauH183YElyCw?sId=c475c524-d296-4cc1-bbe1-03dca7288f44
2025-05-11,卡繆,異鄉人（卡繆版書衣）,154,3119861735450,https://cdn.kobo.com/book-images/24099253-90bc-4d80-8825-f6300e8b806f/353/569/90/False/gb2hSkF1KDGjqz18oam2aA.jpg,https://www.kobo.com/tw/zh/ebook/gb2hSkF1KDGjqz18oam2aA?sId=85adcf0d-326e-4aed-ac2c-747768521a01
2025-05-11,卡繆,卡繆荒謬系列四部曲套書：《異鄉人》＋《薛西弗斯的神話》＋《卡里古拉》＋《誤會》【全新法文名家直譯，首次完整出版，親炙完整的卡繆荒謬哲學】,625,3150000000693,https://cdn.kobo.com/book-images/462128f0-194c-4f37-91e4-c9cdfbe0d7b2/353/569/90/False/iBMVIqmTtjmYjH2oJl_r8A.jpg,https://www.kobo.com/tw/zh/ebook/iBMVIqmTtjmYjH2oJl_r8A?sId=85adcf0d-326e-4aed-ac2c-747768521a01
2025-05-11,卡繆,異鄉人（2020全新名家譯本，再現卡繆字句推敲的原義）,138,3150000000617,https://cdn.kobo.com/book-images/883f0dcf-e5f7-4dfe-b300-8d725a8da70d/353/569/90/False/0GQk9bH6VzyLV0Q9Faysow.jpg,https://www.kobo.com/tw/zh/ebook/0GQk9bH6VzyLV0Q9Faysow?sId=85adcf0d-326e-4aed-ac2c-747768521a01
2025-05-11,卡繆,瘟疫（2021最新名家譯本，卡繆對疫情下被禁錮人心的鼓舞）,210,9789860777192,https://cdn.kobo.com/book-images/9618975f-d9f0-47af-bd43-571387f8a06a/353/569/90/False/wJ6ORaWSDj60GIzsDTf9Zg.jpg,https://www.kobo.com/tw/zh/ebook/wJ6ORaWSDj60GIzsDTf9Zg?sId=85adcf0d-326e-4aed-ac2c-747768521a01
2025-05-11,卡繆,薛西弗斯的神話：卡繆的荒謬哲學,230,3120000000285,https://cdn.kobo.com/book-images/8cfb868b-d1ce-428f-9dc1-8a7b0724f790/353/569/90/False/dz7TJXld6DK-tFChkyuNug.jpg,https://www.kobo.com/tw/zh/ebook/dz7TJXld6DK-tFChkyuNug?sId=85adcf0d-326e-4aed-ac2c-747768521a01
2025-05-11,卡繆,卡繆荒謬與反抗系列作品全集套書：荒謬系列四部曲《異鄉人》《薛西弗斯的神話》《卡里古拉》《誤會》＋反抗系列三部曲《瘟疫》《反抗者》《正義者》【全新法文名家直譯，首次完整出版，親炙完整的卡繆荒謬哲學】,1200,3150000000694,https://cdn.kobo.com/book-images/76f16f12-492e-4435-b792-e97bba1721d5/353/569/90/False/Kx45Q5lYKTqv_nEYbdwV2A.jpg,https://www.kobo.com/tw/zh/ebook/Kx45Q5lYKTqv_nEYbdwV2A?sId=85adcf0d-326e-4aed-ac2c-747768521a01
2025-05-11,卡繆,正義者（首次出版，法文直譯名家譯本，卡繆展現對正義與反抗的考驗）,155,9789860777161,https://cdn.kobo.com/book-images/9291fc65-996d-4a27-83f4-a141c345d8cb/353/569/90/False/QQT3HgwFsT2xefv4IRMF9w.jpg,https://www.kobo.com/tw/zh/ebook/QQT3HgwFsT2xefv4IRMF9w?sId=85adcf0d-326e-4aed-ac2c-747768521a01
2025-05-11,卡繆,薛西弗斯的神話,166,3150000000396,https://cdn.kobo.com/book-images/71d8cd60-c407-4367-bced-a36718fcf86f/353/569/90/False/t0r8j-Ym4jee3YDu96AA1w.jpg,https://www.kobo.com/tw/zh/ebook/t0r8j-Ym4jee3YDu96AA1w?sId=85adcf0d-326e-4aed-ac2c-747768521a01
2025-05-11,卡繆,卡繆反抗三部曲套書：《瘟疫》＋《反抗者》＋《正義者》【全新法文名家直譯，首次完整出版，親炙完整的卡繆反抗思想】,575,3150000000687,https://cdn.kobo.com/book-images/9f980967-d3c1-4ac0-9f8c-f8e0ccbbcc60/353/569/90/False/B1m2jKOONjKjTMVkT5k1NQ.jpg,https://www.kobo.com/tw/zh/ebook/B1m2jKOONjKjTMVkT5k1NQ?sId=85adcf0d-326e-4aed-ac2c-747768521a01
2025-05-11,卡繆,鼠疫,210,3119861737522,https://cdn.kobo.com/book-images/56a09ae8-dac7-4eb0-9dde-b427a5a1aacb/353/569/90/False/tGTtah0cyzKVQIXzpZ7NTQ.jpg,https://www.kobo.com/tw/zh/ebook/tGTtah0cyzKVQIXzpZ7NTQ?sId=85adcf0d-326e-4aed-ac2c-747768521a01
2025-05-11,卡繆,快樂的死,175,3120000000639,https://cdn.kobo.com/book-images/57e8ecec-6b0d-4586-882a-1f7699f9b494/353/569/90/False/gnS7T3tgLTS1t3eLSRBEeA.jpg,https://www.kobo.com/tw/zh/ebook/gnS7T3tgLTS1t3eLSRBEeA?sId=85adcf0d-326e-4aed-ac2c-747768521a01
2025-05-11,卡繆,薛西弗斯的神話：點燃希望的哲學頌歌，法國七星文庫權威譯本【傅雷翻譯獎典藏版】,,9786267596456,https://cdn.kobo.com/book-images/6ccfbf88-73ae-4691-b256-38387994ae56/353/569/90/False/7fFjSyTP9zKPTx3GcPFpfw.jpg,https://www.kobo.com/tw/zh/ebook/7fFjSyTP9zKPTx3GcPFpfw?sId=85adcf0d-326e-4aed-ac2c-747768521a01
2025-05-11,卡繆,誤會【1957年諾貝爾文學獎得主面對自我放逐之旅的核心之作】,155,9786267118139,https://cdn.kobo.com/book-images/f35af051-fd52-4e22-a2df-d19abd3abf6e/353/569/90/False/XznH9zQdijG-RQoi9MTYng.jpg,https://www.kobo.com/tw/zh/ebook/XznH9zQdijG-RQoi9MTYng?sId=59561f9d-127e-4e90-a199-084747f58c02
2025-05-11,卡繆,卡里古拉【1957年諾貝爾文學獎得主描摹荒謬的經典代表作,166,9786267118108,https://cdn.kobo.com/book-images/228a6362-9e74-450c-806f-26d0291b0115/353/569/90/False/bUv8_ShWSDyzoufG54r66g.jpg,https://www.kobo.com/tw/zh/ebook/bUv8_ShWSDyzoufG54r66g?sId=59561f9d-127e-4e90-a199-084747f58c02
2025-05-11,卡繆,放逐與王國：卡繆短篇小說,260,9789865482541,https://cdn.kobo.com/book-images/033f901a-cea5-456e-9a5c-534f67c7dd33/353/569/90/False/SmaLhyIaRTOPTVVkw9jskg.jpg,https://www.kobo.com/tw/zh/ebook/SmaLhyIaRTOPTVVkw9jskg?sId=59561f9d-127e-4e90-a199-084747f58c02
2025-05-11,卡繆,異鄉人,179,3039571384641,https://cdn.kobo.com/book-images/81e2cbee-7fb1-445c-8a9a-54f11683b376/353/569/90/False/wUn6RJK3RjCYH8YflJqYFw.jpg,https://www.kobo.com/tw/zh/ebook/wUn6RJK3RjCYH8YflJqYFw?sId=59561f9d-127e-4e90-a199-084747f58c02
2025-05-11,卡繆,異鄉人（卡繆經典暢銷作․中文版有聲書首度上市）,220,9789863449263,https://cdn.kobo.com/book-images/a910e55d-8df0-43d3-8ef2-df7dc21d51ba/353/569/90/False/t1OO6Q03qjuX0wfMsaUVPg.jpg,https://www.kobo.com/tw/zh/audiobook/t1OO6Q03qjuX0wfMsaUVPg?sId=59561f9d-127e-4e90-a199-084747f58c02
2025-05-11,卡繆,鼠疫【全新名家譯本】（特別收錄哲學解析〈一部存在主義小說的後現代閱讀〉）,266,9789864895434,https://cdn.kobo.com/book-images/f4d068a2-498d-4817-97dd-d7492dc32b10/353/569/90/False/K9cd87y5oDGaSXDvYBOiAg.jpg,https://www.kobo.com/tw/zh/ebook/K9cd87y5oDGaSXDvYBOiAg?sId=59561f9d-127e-4e90-a199-084747f58c02
2025-05-11,卡繆,反抗者（新版）,210,3150000000392,https://cdn.kobo.com/book-images/0169f08d-1636-4fe9-865e-ac9323facfa7/353/569/90/False/dnhkQv1woTKBLngzg4RbMg.jpg,https://www.kobo.com/tw/zh/ebook/dnhkQv1woTKBLngzg4RbMg?sId=59561f9d-127e-4e90-a199-084747f58c02
2025-05-11,卡繆,異鄉人【獨家收錄沙特評論・2022全新名家譯本】,196,9789864896073,https://cdn.kobo.com/book-images/a71e071c-2ddd-47b0-ba0d-0ad67a3261c3/353/569/90/False/VQ2InesBOjKI-Xv96viLqA.jpg,https://www.kobo.com/tw/zh/ebook/VQ2InesBOjKI-Xv96viLqA?sId=59561f9d-127e-4e90-a199-084747f58c02
2025-05-11,卡繆,瘟疫（名家經典新譯）,228,9789865482473,https://cdn.kobo.com/book-images/edbaf1b0-60cf-4781-90e1-dcb3d6358348/353/569/90/False/XSi3S6nkVz2SFyXwXYLq1g.jpg,https://www.kobo.com/tw/zh/ebook/XSi3S6nkVz2SFyXwXYLq1g?sId=59561f9d-127e-4e90-a199-084747f58c02
2025-05-11,卡繆,異鄉人：最值得珍藏的名家譯本,224,3119864778287,https://cdn.kobo.com/book-images/59186bf1-d059-4aeb-afcb-36b164712ef7/353/569/90/False/XRU3eRrUUD6pvlI4liPZbg.jpg,https://www.kobo.com/tw/zh/ebook/XRU3eRrUUD6pvlI4liPZbg?sId=59561f9d-127e-4e90-a199-084747f58c02
2025-05-11,卡繆,瘟疫,210,9789861785516,https://cdn.kobo.com/book-images/8d4f032e-dd57-4b50-a7d8-07f8e494bce5/353/569/90/False/sQ5ce_0gtz-yiFpE7SxWag.jpg,https://www.kobo.com/tw/zh/ebook/sQ5ce_0gtz-yiFpE7SxWag?sId=59561f9d-127e-4e90-a199-084747f58c02
2025-05-11,卡繆,鼠疫（卡繆經典暢銷作․中文版有聲書首度上市）,300,9789863449270,https://cdn.kobo.com/book-images/ba766fe2-65df-4d69-83bc-798bf2340c10/353/569/90/False/AMe0qKS-yzinEfp_ItutUg.jpg,https://www.kobo.com/tw/zh/audiobook/AMe0qKS-yzinEfp_ItutUg?sId=59561f9d-127e-4e90-a199-084747f58c02
2025-05-11,卡繆,放逐與王國,210,9789863874133,https://cdn.kobo.com/book-images/5f1ba02d-68c9-4aa5-85ab-824c904439e9/353/569/90/False/RVGALpaZsjaTbCo1SdZXqw.jpg,https://www.kobo.com/tw/zh/ebook/RVGALpaZsjaTbCo1SdZXqw?sId=72aafce6-06ee-477f-8a11-657420e49bcf
2025-05-11,卡繆,第一人：《異鄉人》存在主義大師的最後遺作！沒讀過《第一人》，就無法了解真正的卡繆！,360,7435000003050,https://cdn.kobo.com/book-images/1000dae4-0e54-4613-994a-2ca68f225aaf/353/569/90/False/mBrCwjCDbT-OmxW_MxQCPg.jpg,https://www.kobo.com/tw/zh/audiobook/mBrCwjCDbT-OmxW_MxQCPg?sId=72aafce6-06ee-477f-8a11-657420e49bcf
2025-05-11,卡繆,異鄉人,170,6849862272770,https://cdn.kobo.com/book-images/2f2b24f2-6a61-4ae2-a409-29c8eb0bc992/353/569/90/False/GYi3emouATurt5CEXNGY7A.jpg,https://www.kobo.com/tw/zh/ebook/GYi3emouATurt5CEXNGY7A?sId=72aafce6-06ee-477f-8a11-657420e49bcf
2025-05-11,卡繆,異鄉人：荒謬三部曲，首部,210,7384000000024,https://cdn.kobo.com/book-images/12dc1249-e584-452a-a159-54be7be82c4d/353/569/90/False/MDkYBsM0cTm5Kq9j-44S0A.jpg,https://www.kobo.com/tw/zh/audiobook/MDkYBsM0cTm5Kq9j-44S0A?sId=72aafce6-06ee-477f-8a11-657420e49bcf
2025-05-11,簡媜,十種寂寞,252,7390863873877,https://cdn.kobo.com/book-images/137d5050-a414-4644-a453-8236a3c7338c/353/569/90/False/SS3f6q_OmzG6ixjEoQQSBw.jpg,https://www.kobo.com/tw/zh/ebook/SS3f6q_OmzG6ixjEoQQSBw?sId=6794c382-103a-42a3-a4dd-9235de0f1565
2025-05-11,簡媜,我為你灑下月光,336,7390863872337,https://cdn.kobo.com/book-images/8d8c685d-f3c5-4e43-a07c-4a7a91f5ad22/353/569/90/False/RBqeU8INXTCG7D8npjR0bw.jpg,https://www.kobo.com/tw/zh/ebook/RBqeU8INXTCG7D8npjR0bw?sId=6794c382-103a-42a3-a4dd-9235de0f1565
2025-05-11,簡媜,紅嬰仔：一個女人和她的育嬰史,252,7390863873068,https://cdn.kobo.com/book-images/4c769dfc-5feb-45bb-bad9-d22ff6fe4425/353/569/90/False/3-XKV53DSzqry1rJm_LJEA.jpg,https://www.kobo.com/tw/zh/ebook/3-XKV53DSzqry1rJm_LJEA?sId=6794c382-103a-42a3-a4dd-9235de0f1565
2025-05-11,簡媜,夢遊書,196,9789863874546,https://cdn.kobo.com/book-images/df1c79f2-8ad2-4ed8-9f37-293c81359dd8/353/569/90/False/p_nX7y-6_D6gGQiQ7O__sw.jpg,https://www.kobo.com/tw/zh/ebook/p_nX7y-6_D6gGQiQ7O__sw?sId=6794c382-103a-42a3-a4dd-9235de0f1565
2025-05-11,簡媜,女兒紅,196,9789863874096,https://cdn.kobo.com/book-images/73163054-0990-4413-b92d-a3d20f20ebaa/353/569/90/False/DBqadeV-gT-bmmVuqDItJg.jpg,https://www.kobo.com/tw/zh/ebook/DBqadeV-gT-bmmVuqDItJg?sId=6794c382-103a-42a3-a4dd-9235de0f1565
2025-05-11,簡媜,老師的十二樣見面禮,224,7390866873232,https://cdn.kobo.com/book-images/912cffcc-12b7-4881-820d-605be5c0f456/353/569/90/False/Opeot0Gw9zeKOcdaOXIiCg.jpg,https://www.kobo.com/tw/zh/ebook/Opeot0Gw9zeKOcdaOXIiCg?sId=6794c382-103a-42a3-a4dd-9235de0f1565
2025-05-11,簡媜,與歲月同等心跳,210,9789863877479,https://cdn.kobo.com/book-images/5dc05880-531e-4ce8-9a89-99be05f5d02b/353/569/90/False/1Cgc_XKbQj6NkWrPuaKd2g.jpg,https://www.kobo.com/tw/zh/ebook/1Cgc_XKbQj6NkWrPuaKd2g?sId=6794c382-103a-42a3-a4dd-9235de0f1565
2025-05-11,簡媜,誰在銀閃閃的地方，等你（增訂版）,392,9789863876021,https://cdn.kobo.com/book-images/18d8f7d3-ad8d-4473-b1b7-aba2ada08383/353/569/90/False/tyYjDkeqiza61CrkeCJu7w.jpg,https://www.kobo.com/tw/zh/ebook/tyYjDkeqiza61CrkeCJu7w?sId=6794c382-103a-42a3-a4dd-9235de0f1565
2025-05-11,簡媜,一個人漫遊，古典森林,315,9789863877745,https://cdn.kobo.com/book-images/0c528bc8-18ea-46e3-acf0-f4c80125be95/353/569/90/False/Yyl9S4wUuDu8rltsfwH3UQ.jpg,https://www.kobo.com/tw/zh/ebook/Yyl9S4wUuDu8rltsfwH3UQ?sId=6794c382-103a-42a3-a4dd-9235de0f1565
2025-05-11,簡媜,胭脂盆地,196,9789863874553,https://cdn.kobo.com/book-images/0ce65bd8-31e7-48ec-b6c2-f3b4da8f4cb7/353/569/90/False/_jcUd4QT3T6w0ZguwcDvlg.jpg,https://www.kobo.com/tw/zh/ebook/_jcUd4QT3T6w0ZguwcDvlg?sId=6794c382-103a-42a3-a4dd-9235de0f1565
2025-05-11,簡媜,旅人之歌——神遊山水詩,210,9789863877516,https://cdn.kobo.com/book-images/ba7b0973-6125-415b-91a8-f4910ba8f09b/353/569/90/False/BEgyL0ETLzSJLhvVE5yKmQ.jpg,https://www.kobo.com/tw/zh/ebook/BEgyL0ETLzSJLhvVE5yKmQ?sId=6794c382-103a-42a3-a4dd-9235de0f1565
2025-05-11,簡媜,老師的十二樣見面禮（增訂版）,329,9789863876236,https://cdn.kobo.com/book-images/5ddd0b2a-a9d1-403d-92c3-60f91baba3c6/353/569/90/False/7r6In9z6kTuCg3twvvZA2g.jpg,https://www.kobo.com/tw/zh/ebook/7r6In9z6kTuCg3twvvZA2g?sId=6794c382-103a-42a3-a4dd-9235de0f1565
2025-05-11,簡媜,吃朋友,245,7390866631382,https://cdn.kobo.com/book-images/03cd221a-bef1-420d-96fa-a1ff5f2ec5f8/353/569/90/False/5xrS1tW6YT6YFfX6xajasQ.jpg,https://www.kobo.com/tw/zh/ebook/5xrS1tW6YT6YFfX6xajasQ?sId=343fc716-7ac4-4edc-a988-b7ed4121442a
2025-05-11,簡媜,下午茶,160,9789863876946,https://cdn.kobo.com/book-images/84781262-e7bd-4d10-a3c7-d19910fafa73/353/569/90/False/5iBW0pa_Wj2IztG5D0yKyw.jpg,https://www.kobo.com/tw/zh/ebook/5iBW0pa_Wj2IztG5D0yKyw?sId=343fc716-7ac4-4edc-a988-b7ed4121442a
2025-05-11,簡媜,密密語,280,9789863876953,https://cdn.kobo.com/book-images/76e8fe19-e84d-4b62-9707-03393a023486/353/569/90/False/mMg1YwJL9TemPTAVwHZbvw.jpg,https://www.kobo.com/tw/zh/ebook/mMg1YwJL9TemPTAVwHZbvw?sId=343fc716-7ac4-4edc-a988-b7ed4121442a
2025-05-11,簡媜,微暈的樹林,210,9789863875857,https://cdn.kobo.com/book-images/df67a2d3-dab3-4ea6-bdd2-0f0e2b62a151/353/569/90/False/lRjcIazDljKdQZof57Hd9A.jpg,https://www.kobo.com/tw/zh/ebook/lRjcIazDljKdQZof57Hd9A?sId=343fc716-7ac4-4edc-a988-b7ed4121442a
2025-05-11,簡媜,舊情復燃,220,9789863876380,https://cdn.kobo.com/book-images/97241a9a-8187-4195-a573-9a921c04b9cc/353/569/90/False/wieReZ4jqT2vpPAPLsLmkA.jpg,https://www.kobo.com/tw/zh/ebook/wieReZ4jqT2vpPAPLsLmkA?sId=343fc716-7ac4-4edc-a988-b7ed4121442a
2025-05-11,簡媜,天涯海角──福爾摩沙抒情誌,245,7390863873471,https://cdn.kobo.com/book-images/af00ba7f-99c1-44ae-b3d3-81c4e6e37430/353/569/90/False/y2QggT-GWz28HjuY_ABx1w.jpg,https://www.kobo.com/tw/zh/ebook/y2QggT-GWz28HjuY_ABx1w?sId=343fc716-7ac4-4edc-a988-b7ed4121442a
2025-05-11,簡媜,只緣身在此山中,224,9789863874911,https://cdn.kobo.com/book-images/a21ea0b7-2449-4d16-b4db-1aa18c1993f3/353/569/90/False/JR_gAXmObD6EROWQrNPmjw.jpg,https://www.kobo.com/tw/zh/ebook/JR_gAXmObD6EROWQrNPmjw?sId=343fc716-7ac4-4edc-a988-b7ed4121442a
2025-05-11,簡媜,月娘照眠牀,220,9789863875314,https://cdn.kobo.com/book-images/1dc984df-000f-4cfb-86bf-d71ead052b02/353/569/90/False/yifYBw_kEz-sjWx9O6wmTg.jpg,https://www.kobo.com/tw/zh/ebook/yifYBw_kEz-sjWx9O6wmTg?sId=343fc716-7ac4-4edc-a988-b7ed4121442a
2025-05-11,簡媜,好一座浮島,210,9789863875666,https://cdn.kobo.com/book-images/dcfdfd36-7d3d-4201-89ab-681303731c15/353/569/90/False/tR63QOkIkjSZNYP1XN8qJQ.jpg,https://www.kobo.com/tw/zh/ebook/tR63QOkIkjSZNYP1XN8qJQ?sId=343fc716-7ac4-4edc-a988-b7ed4121442a
2025-05-11,赫曼．赫塞,流浪者之歌／悉達多,252,9786267095010,https://cdn.kobo.com/book-images/3f321736-62ab-46cb-ae65-dabe29f7eea4/353/569/90/False/BZkTJbpWnTWsH4_ozeT9vA.jpg,https://www.kobo.com/tw/zh/ebook/BZkTJbpWnTWsH4_ozeT9vA?sId=68a12935-4f1b-420c-af49-17943a6ce970
2025-05-11,赫曼．赫塞,德米安：徬徨少年時 (告別徬徨，堅定地做你自己。全新無刪減完整譯本，慕尼黑大學圖書館愛藏版),245,3069869881963,https://cdn.kobo.com/book-images/a809baf5-4e7d-43c9-96e5-7d69fa248b50/353/569/90/False/6fn5ArUqVjSw56cshygW_Q.jpg,https://www.kobo.com/tw/zh/ebook/6fn5ArUqVjSw56cshygW_Q?sId=68a12935-4f1b-420c-af49-17943a6ce970
2025-05-11,赫曼．赫塞,悉達多【獨家收錄保羅．科爾賀專文導讀、林懷民繆思分享】：一首印度的詩（流浪者之歌）,196,9789864895397,https://cdn.kobo.com/book-images/827cfb45-6d4c-43cb-866a-eb45ca8c20c7/353/569/90/False/8X4BYN4ZszavG3vs7B0Jdg.jpg,https://www.kobo.com/tw/zh/ebook/8X4BYN4ZszavG3vs7B0Jdg?sId=68a12935-4f1b-420c-af49-17943a6ce970
2025-05-11,赫曼．赫塞,流浪者之歌【感動解讀版】,400,9786269936137,https://cdn.kobo.com/book-images/921c4663-8c49-4f8f-a61f-e24755dbae11/353/569/90/False/JNfPTDEjDz-tAMfp3Egokg.jpg,https://www.kobo.com/tw/zh/ebook/JNfPTDEjDz-tAMfp3Egokg?sId=68a12935-4f1b-420c-af49-17943a6ce970
2025-05-11,赫曼．赫塞,園圃之歌：諾貝爾文學獎大師赫曼．赫塞的自然哲思與手繪詩畫,266,9786269638079,https://cdn.kobo.com/book-images/f7453d28-8edd-4d0b-87ae-3f947835f381/353/569/90/False/jHi5IlslGTmTLqpPkwxScQ.jpg,https://www.kobo.com/tw/zh/ebook/jHi5IlslGTmTLqpPkwxScQ?sId=68a12935-4f1b-420c-af49-17943a6ce970
2025-05-11,赫曼．赫塞,赫曼赫塞童話故事集,250,3119864773930,https://cdn.kobo.com/book-images/5f4ae374-cda4-4a0c-a27f-58f4eb5939e0/353/569/90/False/fUpsq8DF8Tq5Lguv3pHWuQ.jpg,https://www.kobo.com/tw/zh/ebook/fUpsq8DF8Tq5Lguv3pHWuQ?sId=68a12935-4f1b-420c-af49-17943a6ce970
2025-05-11,赫曼．赫塞,流浪者之歌（首度德文直譯本）,210,3090000000515,https://cdn.kobo.com/book-images/f601d38b-894e-436d-852c-e48f41d06a75/353/569/90/False/uWrynH7_LjCJaQT5rWrZjg.jpg,https://www.kobo.com/tw/zh/ebook/uWrynH7_LjCJaQT5rWrZjg?sId=68a12935-4f1b-420c-af49-17943a6ce970
2025-05-11,赫曼．赫塞,德米安【獨家收錄詹姆斯・法蘭科專文導讀】：埃米爾．辛克萊年少時的故事（徬徨少年時）,210,9789864895403,https://cdn.kobo.com/book-images/ae0cd56f-8ec4-4e2d-bc97-29ea34073182/353/569/90/False/ib-jIoEV2Dqm0I1tAc6TWQ.jpg,https://www.kobo.com/tw/zh/ebook/ib-jIoEV2Dqm0I1tAc6TWQ?sId=68a12935-4f1b-420c-af49-17943a6ce970
2025-05-11,赫曼．赫塞,荒野之狼（首度德文直譯本）,245,3090000005737,https://cdn.kobo.com/book-images/449cd682-c515-465f-b6f3-c5b59e8310e3/353/569/90/False/VFQPtyjUrTGJSlcoqoICxg.jpg,https://www.kobo.com/tw/zh/ebook/VFQPtyjUrTGJSlcoqoICxg?sId=68a12935-4f1b-420c-af49-17943a6ce970
2025-05-11,赫曼．赫塞,荒野之狼,315,9786263966987,https://cdn.kobo.com/book-images/3bb495e7-b3a7-490f-be56-c4e3d0755850/353/569/90/False/8qvh-uvBNjeQ5sV5LtVHdw.jpg,https://www.kobo.com/tw/zh/ebook/8qvh-uvBNjeQ5sV5LtVHdw?sId=68a12935-4f1b-420c-af49-17943a6ce970
2025-05-11,赫曼．赫塞,流浪者之歌,245,9786263744417,https://cdn.kobo.com/book-images/dbaffb64-2df7-46df-9836-4b43eb375d74/353/569/90/False/SSmAUWRnWD-200t2EoH_qQ.jpg,https://www.kobo.com/tw/zh/ebook/SSmAUWRnWD-200t2EoH_qQ?sId=68a12935-4f1b-420c-af49-17943a6ce970
2025-05-11,赫曼．赫塞,德米安：彷徨少年時,228,7289867101822,https://cdn.kobo.com/book-images/897fa0c7-1c7f-4005-9de8-784febd6e287/353/569/90/False/ZNYK-tlfkD-IZy3hlnFJAw.jpg,https://www.kobo.com/tw/zh/ebook/ZNYK-tlfkD-IZy3hlnFJAw?sId=68a12935-4f1b-420c-af49-17943a6ce970
2025-05-11,赫曼．赫塞,車輪下（首度德文直譯本）,210,3090000000590,https://cdn.kobo.com/book-images/40dde703-286a-487c-acca-3d0e177e4d0a/353/569/90/False/iRXS-e-7fzumzrZdY8d_8Q.jpg,https://www.kobo.com/tw/zh/ebook/iRXS-e-7fzumzrZdY8d_8Q?sId=7d6a45a7-5323-4e5b-a500-f4675bcf1f74
2025-05-11,赫曼．赫塞,在書中發現自己的靈魂：慢讀赫塞,250,3128000000104,https://cdn.kobo.com/book-images/5139dd71-3f40-4bbf-aaa6-752447892743/353/569/90/False/mj-jE6bxOTazX9ad0uwE7g.jpg,https://www.kobo.com/tw/zh/ebook/mj-jE6bxOTazX9ad0uwE7g?sId=7d6a45a7-5323-4e5b-a500-f4675bcf1f74
2025-05-11,赫曼．赫塞,徬徨少年時（德文直譯本）,196,3090000030292,https://cdn.kobo.com/book-images/0eb8b492-c683-4d13-8a2e-40fd1872ced9/353/569/90/False/p9r2phjlUzO8q-gEc3Ysmg.jpg,https://www.kobo.com/tw/zh/ebook/p9r2phjlUzO8q-gEc3Ysmg?sId=7d6a45a7-5323-4e5b-a500-f4675bcf1f74
2025-05-11,赫曼．赫塞,悠遊之歌（三版）,175,9789864023936,https://cdn.kobo.com/book-images/e52679bc-171d-45f8-bf8a-8a159a9891ed/353/569/90/False/UHZLCrSJATqst2fZDCkzBA.jpg,https://www.kobo.com/tw/zh/ebook/UHZLCrSJATqst2fZDCkzBA?sId=7d6a45a7-5323-4e5b-a500-f4675bcf1f74
2025-05-11,赫曼．赫塞,生命之歌,210,3090000000496,https://cdn.kobo.com/book-images/cab95401-af95-4f91-9d80-41eee92dade2/353/569/90/False/kfbDCDZ4SD6jxk-LU1ireg.jpg,https://www.kobo.com/tw/zh/ebook/kfbDCDZ4SD6jxk-LU1ireg?sId=7d6a45a7-5323-4e5b-a500-f4675bcf1f74
2025-05-11,赫曼．赫塞,中學生好享讀：諾貝爾大師短篇小說選,225,6709863201113,https://cdn.kobo.com/book-images/f48eb899-1243-4d56-a687-e9d45c5de9ef/353/569/90/False/pnJCPVTatTGHkaHGe4iYMw.jpg,https://www.kobo.com/tw/zh/ebook/pnJCPVTatTGHkaHGe4iYMw?sId=7d6a45a7-5323-4e5b-a500-f4675bcf1f74
2025-05-11,赫曼．赫塞,鄉愁（德文直譯本）,196,3090000006527,https://cdn.kobo.com/book-images/567c8c31-ebf2-4ffb-a5b1-7e294bb27479/353/569/90/False/By8ilup3JjmH2kf5ty2N8g.jpg,https://www.kobo.com/tw/zh/ebook/By8ilup3JjmH2kf5ty2N8g?sId=7d6a45a7-5323-4e5b-a500-f4675bcf1f74
2025-05-11,赫曼．赫塞,荒野之狼（德文新譯本）,294,3119864771400,https://cdn.kobo.com/book-images/c81844a1-3034-4867-a324-b6f0bd00c252/353/569/90/False/6g6wxeuiYjuWU71oa_5Mzg.jpg,https://www.kobo.com/tw/zh/ebook/6g6wxeuiYjuWU71oa_5Mzg?sId=7d6a45a7-5323-4e5b-a500-f4675bcf1f74
2025-05-11,赫曼．赫塞,徬徨少年時,175,3090000000352,https://cdn.kobo.com/book-images/b98f888a-ae90-4674-8796-0c691b798c30/353/569/90/False/3cIVTFd3fz6t9pp0NaJsyA.jpg,https://www.kobo.com/tw/zh/ebook/3cIVTFd3fz6t9pp0NaJsyA?sId=7d6a45a7-5323-4e5b-a500-f4675bcf1f74
2025-05-11,赫曼．赫塞,悉達多：一首印度的詩（流浪者之歌）,210,7384000000026,https://cdn.kobo.com/book-images/2ebd8c79-acb7-430a-abd8-3998815f26dd/353/569/90/False/5P5w8osOvzauH183YElyCw.jpg,https://www.kobo.com/tw/zh/audiobook/5P5w8osOvzauH183YElyCw?sId=7d6a45a7-5323-4e5b-a500-f4675bcf1f74
2025-05-11,赫曼．赫塞,德米安：埃米爾．辛克萊年少時的故事（徬徨少年時）,210,7384000000027,https://cdn.kobo.com/book-images/e921900f-2bfe-42d8-8547-198c1b3b42b1/353/569/90/False/pO0YjhmJajyGRrdkzlKsnA.jpg,https://www.kobo.com/tw/zh/audiobook/pO0YjhmJajyGRrdkzlKsnA?sId=7d6a45a7-5323-4e5b-a500-f4675bcf1f74
2025-05-12,卡繆,異鄉人（卡繆版書衣）,154,3119861735450,https://cdn.kobo.com/book-images/24099253-90bc-4d80-8825-f6300e8b806f/353/569/90/False/gb2hSkF1KDGjqz18oam2aA.jpg,https://www.kobo.com/tw/zh/ebook/gb2hSkF1KDGjqz18oam2aA?sId=a1997157-e0e0-4aff-9f9f-cda7acd24dbb
2025-05-12,卡繆,卡繆荒謬系列四部曲套書：《異鄉人》＋《薛西弗斯的神話》＋《卡里古拉》＋《誤會》【全新法文名家直譯，首次完整出版，親炙完整的卡繆荒謬哲學】,625,3150000000693,https://cdn.kobo.com/book-images/462128f0-194c-4f37-91e4-c9cdfbe0d7b2/353/569/90/False/iBMVIqmTtjmYjH2oJl_r8A.jpg,https://www.kobo.com/tw/zh/ebook/iBMVIqmTtjmYjH2oJl_r8A?sId=a1997157-e0e0-4aff-9f9f-cda7acd24dbb
2025-05-12,卡繆,異鄉人（2020全新名家譯本，再現卡繆字句推敲的原義）,138,3150000000617,https://cdn.kobo.com/book-images/883f0dcf-e5f7-4dfe-b300-8d725a8da70d/353/569/90/False/0GQk9bH6VzyLV0Q9Faysow.jpg,https://www.kobo.com/tw/zh/ebook/0GQk9bH6VzyLV0Q9Faysow?sId=a1997157-e0e0-4aff-9f9f-cda7acd24dbb
2025-05-12,卡繆,瘟疫（2021最新名家譯本，卡繆對疫情下被禁錮人心的鼓舞）,210,9789860777192,https://cdn.kobo.com/book-images/9618975f-d9f0-47af-bd43-571387f8a06a/353/569/90/False/wJ6ORaWSDj60GIzsDTf9Zg.jpg,https://www.kobo.com/tw/zh/ebook/wJ6ORaWSDj60GIzsDTf9Zg?sId=a1997157-e0e0-4aff-9f9f-cda7acd24dbb
2025-05-12,卡繆,薛西弗斯的神話：卡繆的荒謬哲學,230,3120000000285,https://cdn.kobo.com/book-images/8cfb868b-d1ce-428f-9dc1-8a7b0724f790/353/569/90/False/dz7TJXld6DK-tFChkyuNug.jpg,https://www.kobo.com/tw/zh/ebook/dz7TJXld6DK-tFChkyuNug?sId=a1997157-e0e0-4aff-9f9f-cda7acd24dbb
2025-05-12,卡繆,正義者（首次出版，法文直譯名家譯本，卡繆展現對正義與反抗的考驗）,155,9789860777161,https://cdn.kobo.com/book-images/9291fc65-996d-4a27-83f4-a141c345d8cb/353/569/90/False/QQT3HgwFsT2xefv4IRMF9w.jpg,https://www.kobo.com/tw/zh/ebook/QQT3HgwFsT2xefv4IRMF9w?sId=a1997157-e0e0-4aff-9f9f-cda7acd24dbb
2025-05-12,卡繆,卡繆荒謬與反抗系列作品全集套書：荒謬系列四部曲《異鄉人》《薛西弗斯的神話》《卡里古拉》《誤會》＋反抗系列三部曲《瘟疫》《反抗者》《正義者》【全新法文名家直譯，首次完整出版，親炙完整的卡繆荒謬哲學】,1200,3150000000694,https://cdn.kobo.com/book-images/76f16f12-492e-4435-b792-e97bba1721d5/353/569/90/False/Kx45Q5lYKTqv_nEYbdwV2A.jpg,https://www.kobo.com/tw/zh/ebook/Kx45Q5lYKTqv_nEYbdwV2A?sId=a1997157-e0e0-4aff-9f9f-cda7acd24dbb
2025-05-12,卡繆,薛西弗斯的神話,166,3150000000396,https://cdn.kobo.com/book-images/71d8cd60-c407-4367-bced-a36718fcf86f/353/569/90/False/t0r8j-Ym4jee3YDu96AA1w.jpg,https://www.kobo.com/tw/zh/ebook/t0r8j-Ym4jee3YDu96AA1w?sId=a1997157-e0e0-4aff-9f9f-cda7acd24dbb
2025-05-12,卡繆,卡繆反抗三部曲套書：《瘟疫》＋《反抗者》＋《正義者》【全新法文名家直譯，首次完整出版，親炙完整的卡繆反抗思想】,575,3150000000687,https://cdn.kobo.com/book-images/9f980967-d3c1-4ac0-9f8c-f8e0ccbbcc60/353/569/90/False/B1m2jKOONjKjTMVkT5k1NQ.jpg,https://www.kobo.com/tw/zh/ebook/B1m2jKOONjKjTMVkT5k1NQ?sId=a1997157-e0e0-4aff-9f9f-cda7acd24dbb
2025-05-12,卡繆,鼠疫,210,3119861737522,https://cdn.kobo.com/book-images/56a09ae8-dac7-4eb0-9dde-b427a5a1aacb/353/569/90/False/tGTtah0cyzKVQIXzpZ7NTQ.jpg,https://www.kobo.com/tw/zh/ebook/tGTtah0cyzKVQIXzpZ7NTQ?sId=a1997157-e0e0-4aff-9f9f-cda7acd24dbb
2025-05-12,卡繆,快樂的死,175,3120000000639,https://cdn.kobo.com/book-images/57e8ecec-6b0d-4586-882a-1f7699f9b494/353/569/90/False/gnS7T3tgLTS1t3eLSRBEeA.jpg,https://www.kobo.com/tw/zh/ebook/gnS7T3tgLTS1t3eLSRBEeA?sId=a1997157-e0e0-4aff-9f9f-cda7acd24dbb
2025-05-12,卡繆,薛西弗斯的神話：點燃希望的哲學頌歌，法國七星文庫權威譯本【傅雷翻譯獎典藏版】,266,9786267596456,https://cdn.kobo.com/book-images/6ccfbf88-73ae-4691-b256-38387994ae56/353/569/90/False/7fFjSyTP9zKPTx3GcPFpfw.jpg,https://www.kobo.com/tw/zh/ebook/7fFjSyTP9zKPTx3GcPFpfw?sId=a1997157-e0e0-4aff-9f9f-cda7acd24dbb
2025-05-12,卡繆,誤會【1957年諾貝爾文學獎得主面對自我放逐之旅的核心之作】,155,9786267118139,https://cdn.kobo.com/book-images/f35af051-fd52-4e22-a2df-d19abd3abf6e/353/569/90/False/XznH9zQdijG-RQoi9MTYng.jpg,https://www.kobo.com/tw/zh/ebook/XznH9zQdijG-RQoi9MTYng?sId=6d3b7176-2427-4c49-8ec9-b8309f80c7cf
2025-05-12,卡繆,卡里古拉【1957年諾貝爾文學獎得主描摹荒謬的經典代表作,166,9786267118108,https://cdn.kobo.com/book-images/228a6362-9e74-450c-806f-26d0291b0115/353/569/90/False/bUv8_ShWSDyzoufG54r66g.jpg,https://www.kobo.com/tw/zh/ebook/bUv8_ShWSDyzoufG54r66g?sId=6d3b7176-2427-4c49-8ec9-b8309f80c7cf
2025-05-12,卡繆,放逐與王國：卡繆短篇小說,260,9789865482541,https://cdn.kobo.com/book-images/033f901a-cea5-456e-9a5c-534f67c7dd33/353/569/90/False/SmaLhyIaRTOPTVVkw9jskg.jpg,https://www.kobo.com/tw/zh/ebook/SmaLhyIaRTOPTVVkw9jskg?sId=6d3b7176-2427-4c49-8ec9-b8309f80c7cf
2025-05-12,卡繆,異鄉人,179,3039571384641,https://cdn.kobo.com/book-images/81e2cbee-7fb1-445c-8a9a-54f11683b376/353/569/90/False/wUn6RJK3RjCYH8YflJqYFw.jpg,https://www.kobo.com/tw/zh/ebook/wUn6RJK3RjCYH8YflJqYFw?sId=6d3b7176-2427-4c49-8ec9-b8309f80c7cf
2025-05-12,卡繆,異鄉人（卡繆經典暢銷作․中文版有聲書首度上市）,220,9789863449263,https://cdn.kobo.com/book-images/a910e55d-8df0-43d3-8ef2-df7dc21d51ba/353/569/90/False/t1OO6Q03qjuX0wfMsaUVPg.jpg,https://www.kobo.com/tw/zh/audiobook/t1OO6Q03qjuX0wfMsaUVPg?sId=6d3b7176-2427-4c49-8ec9-b8309f80c7cf
2025-05-12,卡繆,鼠疫【全新名家譯本】（特別收錄哲學解析〈一部存在主義小說的後現代閱讀〉）,266,9789864895434,https://cdn.kobo.com/book-images/f4d068a2-498d-4817-97dd-d7492dc32b10/353/569/90/False/K9cd87y5oDGaSXDvYBOiAg.jpg,https://www.kobo.com/tw/zh/ebook/K9cd87y5oDGaSXDvYBOiAg?sId=6d3b7176-2427-4c49-8ec9-b8309f80c7cf
2025-05-12,卡繆,反抗者（新版）,210,3150000000392,https://cdn.kobo.com/book-images/0169f08d-1636-4fe9-865e-ac9323facfa7/353/569/90/False/dnhkQv1woTKBLngzg4RbMg.jpg,https://www.kobo.com/tw/zh/ebook/dnhkQv1woTKBLngzg4RbMg?sId=6d3b7176-2427-4c49-8ec9-b8309f80c7cf
2025-05-12,卡繆,瘟疫（名家經典新譯）,228,9789865482473,https://cdn.kobo.com/book-images/edbaf1b0-60cf-4781-90e1-dcb3d6358348/353/569/90/False/XSi3S6nkVz2SFyXwXYLq1g.jpg,https://www.kobo.com/tw/zh/ebook/XSi3S6nkVz2SFyXwXYLq1g?sId=6d3b7176-2427-4c49-8ec9-b8309f80c7cf
2025-05-12,卡繆,異鄉人【獨家收錄沙特評論・2022全新名家譯本】,196,9789864896073,https://cdn.kobo.com/book-images/a71e071c-2ddd-47b0-ba0d-0ad67a3261c3/353/569/90/False/VQ2InesBOjKI-Xv96viLqA.jpg,https://www.kobo.com/tw/zh/ebook/VQ2InesBOjKI-Xv96viLqA?sId=6d3b7176-2427-4c49-8ec9-b8309f80c7cf
2025-05-12,卡繆,異鄉人：最值得珍藏的名家譯本,224,3119864778287,https://cdn.kobo.com/book-images/59186bf1-d059-4aeb-afcb-36b164712ef7/353/569/90/False/XRU3eRrUUD6pvlI4liPZbg.jpg,https://www.kobo.com/tw/zh/ebook/XRU3eRrUUD6pvlI4liPZbg?sId=6d3b7176-2427-4c49-8ec9-b8309f80c7cf
2025-05-12,卡繆,瘟疫,210,9789861785516,https://cdn.kobo.com/book-images/8d4f032e-dd57-4b50-a7d8-07f8e494bce5/353/569/90/False/sQ5ce_0gtz-yiFpE7SxWag.jpg,https://www.kobo.com/tw/zh/ebook/sQ5ce_0gtz-yiFpE7SxWag?sId=6d3b7176-2427-4c49-8ec9-b8309f80c7cf
2025-05-12,卡繆,鼠疫（卡繆經典暢銷作․中文版有聲書首度上市）,300,9789863449270,https://cdn.kobo.com/book-images/ba766fe2-65df-4d69-83bc-798bf2340c10/353/569/90/False/AMe0qKS-yzinEfp_ItutUg.jpg,https://www.kobo.com/tw/zh/audiobook/AMe0qKS-yzinEfp_ItutUg?sId=6d3b7176-2427-4c49-8ec9-b8309f80c7cf
2025-05-12,卡繆,放逐與王國,210,9789863874133,https://cdn.kobo.com/book-images/5f1ba02d-68c9-4aa5-85ab-824c904439e9/353/569/90/False/RVGALpaZsjaTbCo1SdZXqw.jpg,https://www.kobo.com/tw/zh/ebook/RVGALpaZsjaTbCo1SdZXqw?sId=167eb6de-6136-44af-9802-40af962ab8d2
2025-05-12,卡繆,第一人：《異鄉人》存在主義大師的最後遺作！沒讀過《第一人》，就無法了解真正的卡繆！,360,7435000003050,https://cdn.kobo.com/book-images/1000dae4-0e54-4613-994a-2ca68f225aaf/353/569/90/False/mBrCwjCDbT-OmxW_MxQCPg.jpg,https://www.kobo.com/tw/zh/audiobook/mBrCwjCDbT-OmxW_MxQCPg?sId=167eb6de-6136-44af-9802-40af962ab8d2
2025-05-12,卡繆,異鄉人,170,6849862272770,https://cdn.kobo.com/book-images/2f2b24f2-6a61-4ae2-a409-29c8eb0bc992/353/569/90/False/GYi3emouATurt5CEXNGY7A.jpg,https://www.kobo.com/tw/zh/ebook/GYi3emouATurt5CEXNGY7A?sId=167eb6de-6136-44af-9802-40af962ab8d2
2025-05-12,卡繆,異鄉人：荒謬三部曲，首部,210,7384000000024,https://cdn.kobo.com/book-images/12dc1249-e584-452a-a159-54be7be82c4d/353/569/90/False/MDkYBsM0cTm5Kq9j-44S0A.jpg,https://www.kobo.com/tw/zh/audiobook/MDkYBsM0cTm5Kq9j-44S0A?sId=167eb6de-6136-44af-9802-40af962ab8d2
2025-05-12,簡媜,十種寂寞,252,7390863873877,https://cdn.kobo.com/book-images/137d5050-a414-4644-a453-8236a3c7338c/353/569/90/False/SS3f6q_OmzG6ixjEoQQSBw.jpg,https://www.kobo.com/tw/zh/ebook/SS3f6q_OmzG6ixjEoQQSBw?sId=65f4be8e-3cc8-4a0a-bb76-0a8b5c219eb8
2025-05-12,簡媜,我為你灑下月光,336,7390863872337,https://cdn.kobo.com/book-images/8d8c685d-f3c5-4e43-a07c-4a7a91f5ad22/353/569/90/False/RBqeU8INXTCG7D8npjR0bw.jpg,https://www.kobo.com/tw/zh/ebook/RBqeU8INXTCG7D8npjR0bw?sId=65f4be8e-3cc8-4a0a-bb76-0a8b5c219eb8
2025-05-12,簡媜,夢遊書,196,9789863874546,https://cdn.kobo.com/book-images/df1c79f2-8ad2-4ed8-9f37-293c81359dd8/353/569/90/False/p_nX7y-6_D6gGQiQ7O__sw.jpg,https://www.kobo.com/tw/zh/ebook/p_nX7y-6_D6gGQiQ7O__sw?sId=65f4be8e-3cc8-4a0a-bb76-0a8b5c219eb8
2025-05-12,簡媜,紅嬰仔：一個女人和她的育嬰史,252,7390863873068,https://cdn.kobo.com/book-images/4c769dfc-5feb-45bb-bad9-d22ff6fe4425/353/569/90/False/3-XKV53DSzqry1rJm_LJEA.jpg,https://www.kobo.com/tw/zh/ebook/3-XKV53DSzqry1rJm_LJEA?sId=65f4be8e-3cc8-4a0a-bb76-0a8b5c219eb8
2025-05-12,簡媜,女兒紅,196,9789863874096,https://cdn.kobo.com/book-images/73163054-0990-4413-b92d-a3d20f20ebaa/353/569/90/False/DBqadeV-gT-bmmVuqDItJg.jpg,https://www.kobo.com/tw/zh/ebook/DBqadeV-gT-bmmVuqDItJg?sId=65f4be8e-3cc8-4a0a-bb76-0a8b5c219eb8
2025-05-12,簡媜,老師的十二樣見面禮,224,7390866873232,https://cdn.kobo.com/book-images/912cffcc-12b7-4881-820d-605be5c0f456/353/569/90/False/Opeot0Gw9zeKOcdaOXIiCg.jpg,https://www.kobo.com/tw/zh/ebook/Opeot0Gw9zeKOcdaOXIiCg?sId=65f4be8e-3cc8-4a0a-bb76-0a8b5c219eb8
2025-05-12,簡媜,與歲月同等心跳,210,9789863877479,https://cdn.kobo.com/book-images/5dc05880-531e-4ce8-9a89-99be05f5d02b/353/569/90/False/1Cgc_XKbQj6NkWrPuaKd2g.jpg,https://www.kobo.com/tw/zh/ebook/1Cgc_XKbQj6NkWrPuaKd2g?sId=65f4be8e-3cc8-4a0a-bb76-0a8b5c219eb8
2025-05-12,簡媜,誰在銀閃閃的地方，等你（增訂版）,392,9789863876021,https://cdn.kobo.com/book-images/18d8f7d3-ad8d-4473-b1b7-aba2ada08383/353/569/90/False/tyYjDkeqiza61CrkeCJu7w.jpg,https://www.kobo.com/tw/zh/ebook/tyYjDkeqiza61CrkeCJu7w?sId=65f4be8e-3cc8-4a0a-bb76-0a8b5c219eb8
2025-05-12,簡媜,一個人漫遊，古典森林,315,9789863877745,https://cdn.kobo.com/book-images/0c528bc8-18ea-46e3-acf0-f4c80125be95/353/569/90/False/Yyl9S4wUuDu8rltsfwH3UQ.jpg,https://www.kobo.com/tw/zh/ebook/Yyl9S4wUuDu8rltsfwH3UQ?sId=65f4be8e-3cc8-4a0a-bb76-0a8b5c219eb8
2025-05-12,簡媜,胭脂盆地,196,9789863874553,https://cdn.kobo.com/book-images/0ce65bd8-31e7-48ec-b6c2-f3b4da8f4cb7/353/569/90/False/_jcUd4QT3T6w0ZguwcDvlg.jpg,https://www.kobo.com/tw/zh/ebook/_jcUd4QT3T6w0ZguwcDvlg?sId=65f4be8e-3cc8-4a0a-bb76-0a8b5c219eb8
2025-05-12,簡媜,旅人之歌——神遊山水詩,210,9789863877516,https://cdn.kobo.com/book-images/ba7b0973-6125-415b-91a8-f4910ba8f09b/353/569/90/False/BEgyL0ETLzSJLhvVE5yKmQ.jpg,https://www.kobo.com/tw/zh/ebook/BEgyL0ETLzSJLhvVE5yKmQ?sId=65f4be8e-3cc8-4a0a-bb76-0a8b5c219eb8
2025-05-12,簡媜,老師的十二樣見面禮（增訂版）,329,9789863876236,https://cdn.kobo.com/book-images/5ddd0b2a-a9d1-403d-92c3-60f91baba3c6/353/569/90/False/7r6In9z6kTuCg3twvvZA2g.jpg,https://www.kobo.com/tw/zh/ebook/7r6In9z6kTuCg3twvvZA2g?sId=65f4be8e-3cc8-4a0a-bb76-0a8b5c219eb8
2025-05-12,簡媜,吃朋友,245,7390866631382,https://cdn.kobo.com/book-images/03cd221a-bef1-420d-96fa-a1ff5f2ec5f8/353/569/90/False/5xrS1tW6YT6YFfX6xajasQ.jpg,https://www.kobo.com/tw/zh/ebook/5xrS1tW6YT6YFfX6xajasQ?sId=ec65a8a3-64f0-40d6-b6cc-e0bf1a4d17ab
2025-05-12,簡媜,下午茶,160,9789863876946,https://cdn.kobo.com/book-images/84781262-e7bd-4d10-a3c7-d19910fafa73/353/569/90/False/5iBW0pa_Wj2IztG5D0yKyw.jpg,https://www.kobo.com/tw/zh/ebook/5iBW0pa_Wj2IztG5D0yKyw?sId=ec65a8a3-64f0-40d6-b6cc-e0bf1a4d17ab
2025-05-12,簡媜,密密語,280,9789863876953,https://cdn.kobo.com/book-images/76e8fe19-e84d-4b62-9707-03393a023486/353/569/90/False/mMg1YwJL9TemPTAVwHZbvw.jpg,https://www.kobo.com/tw/zh/ebook/mMg1YwJL9TemPTAVwHZbvw?sId=ec65a8a3-64f0-40d6-b6cc-e0bf1a4d17ab
2025-05-12,簡媜,微暈的樹林,210,9789863875857,https://cdn.kobo.com/book-images/df67a2d3-dab3-4ea6-bdd2-0f0e2b62a151/353/569/90/False/lRjcIazDljKdQZof57Hd9A.jpg,https://www.kobo.com/tw/zh/ebook/lRjcIazDljKdQZof57Hd9A?sId=ec65a8a3-64f0-40d6-b6cc-e0bf1a4d17ab
2025-05-12,簡媜,舊情復燃,220,9789863876380,https://cdn.kobo.com/book-images/97241a9a-8187-4195-a573-9a921c04b9cc/353/569/90/False/wieReZ4jqT2vpPAPLsLmkA.jpg,https://www.kobo.com/tw/zh/ebook/wieReZ4jqT2vpPAPLsLmkA?sId=ec65a8a3-64f0-40d6-b6cc-e0bf1a4d17ab
2025-05-12,簡媜,天涯海角──福爾摩沙抒情誌,245,7390863873471,https://cdn.kobo.com/book-images/af00ba7f-99c1-44ae-b3d3-81c4e6e37430/353/569/90/False/y2QggT-GWz28HjuY_ABx1w.jpg,https://www.kobo.com/tw/zh/ebook/y2QggT-GWz28HjuY_ABx1w?sId=ec65a8a3-64f0-40d6-b6cc-e0bf1a4d17ab
2025-05-12,簡媜,只緣身在此山中,224,9789863874911,https://cdn.kobo.com/book-images/a21ea0b7-2449-4d16-b4db-1aa18c1993f3/353/569/90/False/JR_gAXmObD6EROWQrNPmjw.jpg,https://www.kobo.com/tw/zh/ebook/JR_gAXmObD6EROWQrNPmjw?sId=ec65a8a3-64f0-40d6-b6cc-e0bf1a4d17ab
2025-05-12,簡媜,月娘照眠牀,220,9789863875314,https://cdn.kobo.com/book-images/1dc984df-000f-4cfb-86bf-d71ead052b02/353/569/90/False/yifYBw_kEz-sjWx9O6wmTg.jpg,https://www.kobo.com/tw/zh/ebook/yifYBw_kEz-sjWx9O6wmTg?sId=ec65a8a3-64f0-40d6-b6cc-e0bf1a4d17ab
2025-05-12,簡媜,好一座浮島,210,9789863875666,https://cdn.kobo.com/book-images/dcfdfd36-7d3d-4201-89ab-681303731c15/353/569/90/False/tR63QOkIkjSZNYP1XN8qJQ.jpg,https://www.kobo.com/tw/zh/ebook/tR63QOkIkjSZNYP1XN8qJQ?sId=ec65a8a3-64f0-40d6-b6cc-e0bf1a4d17ab
2025-05-12,赫曼．赫塞,流浪者之歌／悉達多,252,9786267095010,https://cdn.kobo.com/book-images/3f321736-62ab-46cb-ae65-dabe29f7eea4/353/569/90/False/BZkTJbpWnTWsH4_ozeT9vA.jpg,https://www.kobo.com/tw/zh/ebook/BZkTJbpWnTWsH4_ozeT9vA?sId=5c9b920b-5923-4766-8887-360d181a6f9b
2025-05-12,赫曼．赫塞,德米安：徬徨少年時 (告別徬徨，堅定地做你自己。全新無刪減完整譯本，慕尼黑大學圖書館愛藏版),245,3069869881963,https://cdn.kobo.com/book-images/a809baf5-4e7d-43c9-96e5-7d69fa248b50/353/569/90/False/6fn5ArUqVjSw56cshygW_Q.jpg,https://www.kobo.com/tw/zh/ebook/6fn5ArUqVjSw56cshygW_Q?sId=5c9b920b-5923-4766-8887-360d181a6f9b
2025-05-12,赫曼．赫塞,悉達多【獨家收錄保羅．科爾賀專文導讀、林懷民繆思分享】：一首印度的詩（流浪者之歌）,196,9789864895397,https://cdn.kobo.com/book-images/827cfb45-6d4c-43cb-866a-eb45ca8c20c7/353/569/90/False/8X4BYN4ZszavG3vs7B0Jdg.jpg,https://www.kobo.com/tw/zh/ebook/8X4BYN4ZszavG3vs7B0Jdg?sId=5c9b920b-5923-4766-8887-360d181a6f9b
2025-05-12,赫曼．赫塞,園圃之歌：諾貝爾文學獎大師赫曼．赫塞的自然哲思與手繪詩畫,266,9786269638079,https://cdn.kobo.com/book-images/f7453d28-8edd-4d0b-87ae-3f947835f381/353/569/90/False/jHi5IlslGTmTLqpPkwxScQ.jpg,https://www.kobo.com/tw/zh/ebook/jHi5IlslGTmTLqpPkwxScQ?sId=5c9b920b-5923-4766-8887-360d181a6f9b
2025-05-12,赫曼．赫塞,赫曼赫塞童話故事集,250,3119864773930,https://cdn.kobo.com/book-images/5f4ae374-cda4-4a0c-a27f-58f4eb5939e0/353/569/90/False/fUpsq8DF8Tq5Lguv3pHWuQ.jpg,https://www.kobo.com/tw/zh/ebook/fUpsq8DF8Tq5Lguv3pHWuQ?sId=5c9b920b-5923-4766-8887-360d181a6f9b
2025-05-12,赫曼．赫塞,流浪者之歌【感動解讀版】,400,9786269936137,https://cdn.kobo.com/book-images/921c4663-8c49-4f8f-a61f-e24755dbae11/353/569/90/False/JNfPTDEjDz-tAMfp3Egokg.jpg,https://www.kobo.com/tw/zh/ebook/JNfPTDEjDz-tAMfp3Egokg?sId=5c9b920b-5923-4766-8887-360d181a6f9b
2025-05-12,赫曼．赫塞,德米安【獨家收錄詹姆斯・法蘭科專文導讀】：埃米爾．辛克萊年少時的故事（徬徨少年時）,210,9789864895403,https://cdn.kobo.com/book-images/ae0cd56f-8ec4-4e2d-bc97-29ea34073182/353/569/90/False/ib-jIoEV2Dqm0I1tAc6TWQ.jpg,https://www.kobo.com/tw/zh/ebook/ib-jIoEV2Dqm0I1tAc6TWQ?sId=5c9b920b-5923-4766-8887-360d181a6f9b
2025-05-12,赫曼．赫塞,流浪者之歌（首度德文直譯本）,210,3090000000515,https://cdn.kobo.com/book-images/f601d38b-894e-436d-852c-e48f41d06a75/353/569/90/False/uWrynH7_LjCJaQT5rWrZjg.jpg,https://www.kobo.com/tw/zh/ebook/uWrynH7_LjCJaQT5rWrZjg?sId=5c9b920b-5923-4766-8887-360d181a6f9b
2025-05-12,赫曼．赫塞,荒野之狼（首度德文直譯本）,245,3090000005737,https://cdn.kobo.com/book-images/449cd682-c515-465f-b6f3-c5b59e8310e3/353/569/90/False/VFQPtyjUrTGJSlcoqoICxg.jpg,https://www.kobo.com/tw/zh/ebook/VFQPtyjUrTGJSlcoqoICxg?sId=5c9b920b-5923-4766-8887-360d181a6f9b
2025-05-12,赫曼．赫塞,荒野之狼,315,9786263966987,https://cdn.kobo.com/book-images/3bb495e7-b3a7-490f-be56-c4e3d0755850/353/569/90/False/8qvh-uvBNjeQ5sV5LtVHdw.jpg,https://www.kobo.com/tw/zh/ebook/8qvh-uvBNjeQ5sV5LtVHdw?sId=5c9b920b-5923-4766-8887-360d181a6f9b
2025-05-12,赫曼．赫塞,流浪者之歌,245,9786263744417,https://cdn.kobo.com/book-images/dbaffb64-2df7-46df-9836-4b43eb375d74/353/569/90/False/SSmAUWRnWD-200t2EoH_qQ.jpg,https://www.kobo.com/tw/zh/ebook/SSmAUWRnWD-200t2EoH_qQ?sId=5c9b920b-5923-4766-8887-360d181a6f9b
2025-05-12,赫曼．赫塞,德米安：彷徨少年時,228,7289867101822,https://cdn.kobo.com/book-images/897fa0c7-1c7f-4005-9de8-784febd6e287/353/569/90/False/ZNYK-tlfkD-IZy3hlnFJAw.jpg,https://www.kobo.com/tw/zh/ebook/ZNYK-tlfkD-IZy3hlnFJAw?sId=5c9b920b-5923-4766-8887-360d181a6f9b
2025-05-12,赫曼．赫塞,車輪下（首度德文直譯本）,210,3090000000590,https://cdn.kobo.com/book-images/40dde703-286a-487c-acca-3d0e177e4d0a/353/569/90/False/iRXS-e-7fzumzrZdY8d_8Q.jpg,https://www.kobo.com/tw/zh/ebook/iRXS-e-7fzumzrZdY8d_8Q?sId=63bf2772-f89b-470f-9059-435115b4d16d
2025-05-12,赫曼．赫塞,在書中發現自己的靈魂：慢讀赫塞,250,3128000000104,https://cdn.kobo.com/book-images/5139dd71-3f40-4bbf-aaa6-752447892743/353/569/90/False/mj-jE6bxOTazX9ad0uwE7g.jpg,https://www.kobo.com/tw/zh/ebook/mj-jE6bxOTazX9ad0uwE7g?sId=63bf2772-f89b-470f-9059-435115b4d16d
2025-05-12,赫曼．赫塞,徬徨少年時（德文直譯本）,196,3090000030292,https://cdn.kobo.com/book-images/0eb8b492-c683-4d13-8a2e-40fd1872ced9/353/569/90/False/p9r2phjlUzO8q-gEc3Ysmg.jpg,https://www.kobo.com/tw/zh/ebook/p9r2phjlUzO8q-gEc3Ysmg?sId=63bf2772-f89b-470f-9059-435115b4d16d
2025-05-12,赫曼．赫塞,悠遊之歌（三版）,175,9789864023936,https://cdn.kobo.com/book-images/e52679bc-171d-45f8-bf8a-8a159a9891ed/353/569/90/False/UHZLCrSJATqst2fZDCkzBA.jpg,https://www.kobo.com/tw/zh/ebook/UHZLCrSJATqst2fZDCkzBA?sId=63bf2772-f89b-470f-9059-435115b4d16d
2025-05-12,赫曼．赫塞,生命之歌,210,3090000000496,https://cdn.kobo.com/book-images/cab95401-af95-4f91-9d80-41eee92dade2/353/569/90/False/kfbDCDZ4SD6jxk-LU1ireg.jpg,https://www.kobo.com/tw/zh/ebook/kfbDCDZ4SD6jxk-LU1ireg?sId=63bf2772-f89b-470f-9059-435115b4d16d
2025-05-12,赫曼．赫塞,中學生好享讀：諾貝爾大師短篇小說選,225,6709863201113,https://cdn.kobo.com/book-images/f48eb899-1243-4d56-a687-e9d45c5de9ef/353/569/90/False/pnJCPVTatTGHkaHGe4iYMw.jpg,https://www.kobo.com/tw/zh/ebook/pnJCPVTatTGHkaHGe4iYMw?sId=63bf2772-f89b-470f-9059-435115b4d16d
2025-05-12,赫曼．赫塞,鄉愁（德文直譯本）,196,3090000006527,https://cdn.kobo.com/book-images/567c8c31-ebf2-4ffb-a5b1-7e294bb27479/353/569/90/False/By8ilup3JjmH2kf5ty2N8g.jpg,https://www.kobo.com/tw/zh/ebook/By8ilup3JjmH2kf5ty2N8g?sId=63bf2772-f89b-470f-9059-435115b4d16d
2025-05-12,赫曼．赫塞,荒野之狼（德文新譯本）,294,3119864771400,https://cdn.kobo.com/book-images/c81844a1-3034-4867-a324-b6f0bd00c252/353/569/90/False/6g6wxeuiYjuWU71oa_5Mzg.jpg,https://www.kobo.com/tw/zh/ebook/6g6wxeuiYjuWU71oa_5Mzg?sId=63bf2772-f89b-470f-9059-435115b4d16d
2025-05-12,赫曼．赫塞,徬徨少年時,175,3090000000352,https://cdn.kobo.com/book-images/b98f888a-ae90-4674-8796-0c691b798c30/353/569/90/False/3cIVTFd3fz6t9pp0NaJsyA.jpg,https://www.kobo.com/tw/zh/ebook/3cIVTFd3fz6t9pp0NaJsyA?sId=63bf2772-f89b-470f-9059-435115b4d16d
2025-05-12,赫曼．赫塞,悉達多：一首印度的詩（流浪者之歌）,210,7384000000026,https://cdn.kobo.com/book-images/2ebd8c79-acb7-430a-abd8-3998815f26dd/353/569/90/False/5P5w8osOvzauH183YElyCw.jpg,https://www.kobo.com/tw/zh/audiobook/5P5w8osOvzauH183YElyCw?sId=63bf2772-f89b-470f-9059-435115b4d16d
2025-05-12,赫曼．赫塞,德米安：埃米爾．辛克萊年少時的故事（徬徨少年時）,210,7384000000027,https://cdn.kobo.com/book-images/e921900f-2bfe-42d8-8547-198c1b3b42b1/353/569/90/False/pO0YjhmJajyGRrdkzlKsnA.jpg,https://www.kobo.com/tw/zh/audiobook/pO0YjhmJajyGRrdkzlKsnA?sId=63bf2772-f89b-470f-9059-435115b4d16d
2025-05-13,卡繆,異鄉人（卡繆版書衣）,154,3119861735450,https://cdn.kobo.com/book-images/24099253-90bc-4d80-8825-f6300e8b806f/353/569/90/False/gb2hSkF1KDGjqz18oam2aA.jpg,https://www.kobo.com/tw/zh/ebook/gb2hSkF1KDGjqz18oam2aA?sId=f5a84f89-76eb-4b7c-9a21-d945fc026116
2025-05-13,卡繆,卡繆荒謬系列四部曲套書：《異鄉人》＋《薛西弗斯的神話》＋《卡里古拉》＋《誤會》【全新法文名家直譯，首次完整出版，親炙完整的卡繆荒謬哲學】,625,3150000000693,https://cdn.kobo.com/book-images/462128f0-194c-4f37-91e4-c9cdfbe0d7b2/353/569/90/False/iBMVIqmTtjmYjH2oJl_r8A.jpg,https://www.kobo.com/tw/zh/ebook/iBMVIqmTtjmYjH2oJl_r8A?sId=f5a84f89-76eb-4b7c-9a21-d945fc026116
2025-05-13,卡繆,異鄉人（2020全新名家譯本，再現卡繆字句推敲的原義）,138,3150000000617,https://cdn.kobo.com/book-images/883f0dcf-e5f7-4dfe-b300-8d725a8da70d/353/569/90/False/0GQk9bH6VzyLV0Q9Faysow.jpg,https://www.kobo.com/tw/zh/ebook/0GQk9bH6VzyLV0Q9Faysow?sId=f5a84f89-76eb-4b7c-9a21-d945fc026116
2025-05-13,卡繆,瘟疫（2021最新名家譯本，卡繆對疫情下被禁錮人心的鼓舞）,210,9789860777192,https://cdn.kobo.com/book-images/9618975f-d9f0-47af-bd43-571387f8a06a/353/569/90/False/wJ6ORaWSDj60GIzsDTf9Zg.jpg,https://www.kobo.com/tw/zh/ebook/wJ6ORaWSDj60GIzsDTf9Zg?sId=f5a84f89-76eb-4b7c-9a21-d945fc026116
2025-05-13,卡繆,薛西弗斯的神話：卡繆的荒謬哲學,230,3120000000285,https://cdn.kobo.com/book-images/8cfb868b-d1ce-428f-9dc1-8a7b0724f790/353/569/90/False/dz7TJXld6DK-tFChkyuNug.jpg,https://www.kobo.com/tw/zh/ebook/dz7TJXld6DK-tFChkyuNug?sId=f5a84f89-76eb-4b7c-9a21-d945fc026116
2025-05-13,卡繆,正義者（首次出版，法文直譯名家譯本，卡繆展現對正義與反抗的考驗）,155,9789860777161,https://cdn.kobo.com/book-images/9291fc65-996d-4a27-83f4-a141c345d8cb/353/569/90/False/QQT3HgwFsT2xefv4IRMF9w.jpg,https://www.kobo.com/tw/zh/ebook/QQT3HgwFsT2xefv4IRMF9w?sId=f5a84f89-76eb-4b7c-9a21-d945fc026116
2025-05-13,卡繆,卡繆荒謬與反抗系列作品全集套書：荒謬系列四部曲《異鄉人》《薛西弗斯的神話》《卡里古拉》《誤會》＋反抗系列三部曲《瘟疫》《反抗者》《正義者》【全新法文名家直譯，首次完整出版，親炙完整的卡繆荒謬哲學】,1200,3150000000694,https://cdn.kobo.com/book-images/76f16f12-492e-4435-b792-e97bba1721d5/353/569/90/False/Kx45Q5lYKTqv_nEYbdwV2A.jpg,https://www.kobo.com/tw/zh/ebook/Kx45Q5lYKTqv_nEYbdwV2A?sId=f5a84f89-76eb-4b7c-9a21-d945fc026116
2025-05-13,卡繆,薛西弗斯的神話,166,3150000000396,https://cdn.kobo.com/book-images/71d8cd60-c407-4367-bced-a36718fcf86f/353/569/90/False/t0r8j-Ym4jee3YDu96AA1w.jpg,https://www.kobo.com/tw/zh/ebook/t0r8j-Ym4jee3YDu96AA1w?sId=f5a84f89-76eb-4b7c-9a21-d945fc026116
2025-05-13,卡繆,卡繆反抗三部曲套書：《瘟疫》＋《反抗者》＋《正義者》【全新法文名家直譯，首次完整出版，親炙完整的卡繆反抗思想】,575,3150000000687,https://cdn.kobo.com/book-images/9f980967-d3c1-4ac0-9f8c-f8e0ccbbcc60/353/569/90/False/B1m2jKOONjKjTMVkT5k1NQ.jpg,https://www.kobo.com/tw/zh/ebook/B1m2jKOONjKjTMVkT5k1NQ?sId=f5a84f89-76eb-4b7c-9a21-d945fc026116
2025-05-13,卡繆,快樂的死,175,3120000000639,https://cdn.kobo.com/book-images/57e8ecec-6b0d-4586-882a-1f7699f9b494/353/569/90/False/gnS7T3tgLTS1t3eLSRBEeA.jpg,https://www.kobo.com/tw/zh/ebook/gnS7T3tgLTS1t3eLSRBEeA?sId=f5a84f89-76eb-4b7c-9a21-d945fc026116
2025-05-13,卡繆,鼠疫,210,3119861737522,https://cdn.kobo.com/book-images/56a09ae8-dac7-4eb0-9dde-b427a5a1aacb/353/569/90/False/tGTtah0cyzKVQIXzpZ7NTQ.jpg,https://www.kobo.com/tw/zh/ebook/tGTtah0cyzKVQIXzpZ7NTQ?sId=f5a84f89-76eb-4b7c-9a21-d945fc026116
2025-05-13,卡繆,薛西弗斯的神話：點燃希望的哲學頌歌，法國七星文庫權威譯本【傅雷翻譯獎典藏版】,266,9786267596456,https://cdn.kobo.com/book-images/6ccfbf88-73ae-4691-b256-38387994ae56/353/569/90/False/7fFjSyTP9zKPTx3GcPFpfw.jpg,https://www.kobo.com/tw/zh/ebook/7fFjSyTP9zKPTx3GcPFpfw?sId=f5a84f89-76eb-4b7c-9a21-d945fc026116
2025-05-13,卡繆,誤會【1957年諾貝爾文學獎得主面對自我放逐之旅的核心之作】,155,9786267118139,https://cdn.kobo.com/book-images/f35af051-fd52-4e22-a2df-d19abd3abf6e/353/569/90/False/XznH9zQdijG-RQoi9MTYng.jpg,https://www.kobo.com/tw/zh/ebook/XznH9zQdijG-RQoi9MTYng?sId=080dacd6-ef75-4e10-9aa1-be6c1df43baf
2025-05-13,卡繆,卡里古拉【1957年諾貝爾文學獎得主描摹荒謬的經典代表作,166,9786267118108,https://cdn.kobo.com/book-images/228a6362-9e74-450c-806f-26d0291b0115/353/569/90/False/bUv8_ShWSDyzoufG54r66g.jpg,https://www.kobo.com/tw/zh/ebook/bUv8_ShWSDyzoufG54r66g?sId=080dacd6-ef75-4e10-9aa1-be6c1df43baf
2025-05-13,卡繆,放逐與王國：卡繆短篇小說,260,9789865482541,https://cdn.kobo.com/book-images/033f901a-cea5-456e-9a5c-534f67c7dd33/353/569/90/False/SmaLhyIaRTOPTVVkw9jskg.jpg,https://www.kobo.com/tw/zh/ebook/SmaLhyIaRTOPTVVkw9jskg?sId=080dacd6-ef75-4e10-9aa1-be6c1df43baf
2025-05-13,卡繆,異鄉人,179,3039571384641,https://cdn.kobo.com/book-images/81e2cbee-7fb1-445c-8a9a-54f11683b376/353/569/90/False/wUn6RJK3RjCYH8YflJqYFw.jpg,https://www.kobo.com/tw/zh/ebook/wUn6RJK3RjCYH8YflJqYFw?sId=080dacd6-ef75-4e10-9aa1-be6c1df43baf
2025-05-13,卡繆,異鄉人（卡繆經典暢銷作․中文版有聲書首度上市）,220,9789863449263,https://cdn.kobo.com/book-images/a910e55d-8df0-43d3-8ef2-df7dc21d51ba/353/569/90/False/t1OO6Q03qjuX0wfMsaUVPg.jpg,https://www.kobo.com/tw/zh/audiobook/t1OO6Q03qjuX0wfMsaUVPg?sId=080dacd6-ef75-4e10-9aa1-be6c1df43baf
2025-05-13,卡繆,鼠疫【全新名家譯本】（特別收錄哲學解析〈一部存在主義小說的後現代閱讀〉）,266,9789864895434,https://cdn.kobo.com/book-images/f4d068a2-498d-4817-97dd-d7492dc32b10/353/569/90/False/K9cd87y5oDGaSXDvYBOiAg.jpg,https://www.kobo.com/tw/zh/ebook/K9cd87y5oDGaSXDvYBOiAg?sId=080dacd6-ef75-4e10-9aa1-be6c1df43baf
2025-05-13,卡繆,反抗者（新版）,210,3150000000392,https://cdn.kobo.com/book-images/0169f08d-1636-4fe9-865e-ac9323facfa7/353/569/90/False/dnhkQv1woTKBLngzg4RbMg.jpg,https://www.kobo.com/tw/zh/ebook/dnhkQv1woTKBLngzg4RbMg?sId=080dacd6-ef75-4e10-9aa1-be6c1df43baf
2025-05-13,卡繆,瘟疫（名家經典新譯）,228,9789865482473,https://cdn.kobo.com/book-images/edbaf1b0-60cf-4781-90e1-dcb3d6358348/353/569/90/False/XSi3S6nkVz2SFyXwXYLq1g.jpg,https://www.kobo.com/tw/zh/ebook/XSi3S6nkVz2SFyXwXYLq1g?sId=080dacd6-ef75-4e10-9aa1-be6c1df43baf
2025-05-13,卡繆,異鄉人【獨家收錄沙特評論・2022全新名家譯本】,196,9789864896073,https://cdn.kobo.com/book-images/a71e071c-2ddd-47b0-ba0d-0ad67a3261c3/353/569/90/False/VQ2InesBOjKI-Xv96viLqA.jpg,https://www.kobo.com/tw/zh/ebook/VQ2InesBOjKI-Xv96viLqA?sId=080dacd6-ef75-4e10-9aa1-be6c1df43baf
2025-05-13,卡繆,異鄉人：最值得珍藏的名家譯本,224,3119864778287,https://cdn.kobo.com/book-images/59186bf1-d059-4aeb-afcb-36b164712ef7/353/569/90/False/XRU3eRrUUD6pvlI4liPZbg.jpg,https://www.kobo.com/tw/zh/ebook/XRU3eRrUUD6pvlI4liPZbg?sId=080dacd6-ef75-4e10-9aa1-be6c1df43baf
2025-05-13,卡繆,瘟疫,210,9789861785516,https://cdn.kobo.com/book-images/8d4f032e-dd57-4b50-a7d8-07f8e494bce5/353/569/90/False/sQ5ce_0gtz-yiFpE7SxWag.jpg,https://www.kobo.com/tw/zh/ebook/sQ5ce_0gtz-yiFpE7SxWag?sId=080dacd6-ef75-4e10-9aa1-be6c1df43baf
2025-05-13,卡繆,鼠疫（卡繆經典暢銷作․中文版有聲書首度上市）,300,9789863449270,https://cdn.kobo.com/book-images/ba766fe2-65df-4d69-83bc-798bf2340c10/353/569/90/False/AMe0qKS-yzinEfp_ItutUg.jpg,https://www.kobo.com/tw/zh/audiobook/AMe0qKS-yzinEfp_ItutUg?sId=080dacd6-ef75-4e10-9aa1-be6c1df43baf
2025-05-13,卡繆,放逐與王國,210,9789863874133,https://cdn.kobo.com/book-images/5f1ba02d-68c9-4aa5-85ab-824c904439e9/353/569/90/False/RVGALpaZsjaTbCo1SdZXqw.jpg,https://www.kobo.com/tw/zh/ebook/RVGALpaZsjaTbCo1SdZXqw?sId=f6d415a4-c012-4800-99ea-e5cbf4e9da3b
2025-05-13,卡繆,異鄉人,170,6849862272770,https://cdn.kobo.com/book-images/2f2b24f2-6a61-4ae2-a409-29c8eb0bc992/353/569/90/False/GYi3emouATurt5CEXNGY7A.jpg,https://www.kobo.com/tw/zh/ebook/GYi3emouATurt5CEXNGY7A?sId=f6d415a4-c012-4800-99ea-e5cbf4e9da3b
2025-05-13,卡繆,第一人：《異鄉人》存在主義大師的最後遺作！沒讀過《第一人》，就無法了解真正的卡繆！,360,7435000003050,https://cdn.kobo.com/book-images/1000dae4-0e54-4613-994a-2ca68f225aaf/353/569/90/False/mBrCwjCDbT-OmxW_MxQCPg.jpg,https://www.kobo.com/tw/zh/audiobook/mBrCwjCDbT-OmxW_MxQCPg?sId=f6d415a4-c012-4800-99ea-e5cbf4e9da3b
2025-05-13,卡繆,異鄉人：荒謬三部曲，首部,210,7384000000024,https://cdn.kobo.com/book-images/12dc1249-e584-452a-a159-54be7be82c4d/353/569/90/False/MDkYBsM0cTm5Kq9j-44S0A.jpg,https://www.kobo.com/tw/zh/audiobook/MDkYBsM0cTm5Kq9j-44S0A?sId=f6d415a4-c012-4800-99ea-e5cbf4e9da3b
2025-05-13,簡媜,十種寂寞,252,7390863873877,https://cdn.kobo.com/book-images/137d5050-a414-4644-a453-8236a3c7338c/353/569/90/False/SS3f6q_OmzG6ixjEoQQSBw.jpg,https://www.kobo.com/tw/zh/ebook/SS3f6q_OmzG6ixjEoQQSBw?sId=d1e8a426-d9da-4608-aa6a-8e573de46f07
2025-05-13,簡媜,我為你灑下月光,336,7390863872337,https://cdn.kobo.com/book-images/8d8c685d-f3c5-4e43-a07c-4a7a91f5ad22/353/569/90/False/RBqeU8INXTCG7D8npjR0bw.jpg,https://www.kobo.com/tw/zh/ebook/RBqeU8INXTCG7D8npjR0bw?sId=d1e8a426-d9da-4608-aa6a-8e573de46f07
2025-05-13,簡媜,夢遊書,196,9789863874546,https://cdn.kobo.com/book-images/df1c79f2-8ad2-4ed8-9f37-293c81359dd8/353/569/90/False/p_nX7y-6_D6gGQiQ7O__sw.jpg,https://www.kobo.com/tw/zh/ebook/p_nX7y-6_D6gGQiQ7O__sw?sId=d1e8a426-d9da-4608-aa6a-8e573de46f07
2025-05-13,簡媜,女兒紅,196,9789863874096,https://cdn.kobo.com/book-images/73163054-0990-4413-b92d-a3d20f20ebaa/353/569/90/False/DBqadeV-gT-bmmVuqDItJg.jpg,https://www.kobo.com/tw/zh/ebook/DBqadeV-gT-bmmVuqDItJg?sId=d1e8a426-d9da-4608-aa6a-8e573de46f07
2025-05-13,簡媜,老師的十二樣見面禮,224,7390866873232,https://cdn.kobo.com/book-images/912cffcc-12b7-4881-820d-605be5c0f456/353/569/90/False/Opeot0Gw9zeKOcdaOXIiCg.jpg,https://www.kobo.com/tw/zh/ebook/Opeot0Gw9zeKOcdaOXIiCg?sId=d1e8a426-d9da-4608-aa6a-8e573de46f07
2025-05-13,簡媜,紅嬰仔：一個女人和她的育嬰史,252,7390863873068,https://cdn.kobo.com/book-images/4c769dfc-5feb-45bb-bad9-d22ff6fe4425/353/569/90/False/3-XKV53DSzqry1rJm_LJEA.jpg,https://www.kobo.com/tw/zh/ebook/3-XKV53DSzqry1rJm_LJEA?sId=d1e8a426-d9da-4608-aa6a-8e573de46f07
2025-05-13,簡媜,與歲月同等心跳,210,9789863877479,https://cdn.kobo.com/book-images/5dc05880-531e-4ce8-9a89-99be05f5d02b/353/569/90/False/1Cgc_XKbQj6NkWrPuaKd2g.jpg,https://www.kobo.com/tw/zh/ebook/1Cgc_XKbQj6NkWrPuaKd2g?sId=d1e8a426-d9da-4608-aa6a-8e573de46f07
2025-05-13,簡媜,誰在銀閃閃的地方，等你（增訂版）,392,9789863876021,https://cdn.kobo.com/book-images/18d8f7d3-ad8d-4473-b1b7-aba2ada08383/353/569/90/False/tyYjDkeqiza61CrkeCJu7w.jpg,https://www.kobo.com/tw/zh/ebook/tyYjDkeqiza61CrkeCJu7w?sId=d1e8a426-d9da-4608-aa6a-8e573de46f07
2025-05-13,簡媜,一個人漫遊，古典森林,315,9789863877745,https://cdn.kobo.com/book-images/0c528bc8-18ea-46e3-acf0-f4c80125be95/353/569/90/False/Yyl9S4wUuDu8rltsfwH3UQ.jpg,https://www.kobo.com/tw/zh/ebook/Yyl9S4wUuDu8rltsfwH3UQ?sId=d1e8a426-d9da-4608-aa6a-8e573de46f07
2025-05-13,簡媜,胭脂盆地,196,9789863874553,https://cdn.kobo.com/book-images/0ce65bd8-31e7-48ec-b6c2-f3b4da8f4cb7/353/569/90/False/_jcUd4QT3T6w0ZguwcDvlg.jpg,https://www.kobo.com/tw/zh/ebook/_jcUd4QT3T6w0ZguwcDvlg?sId=d1e8a426-d9da-4608-aa6a-8e573de46f07
2025-05-13,簡媜,旅人之歌——神遊山水詩,210,9789863877516,https://cdn.kobo.com/book-images/ba7b0973-6125-415b-91a8-f4910ba8f09b/353/569/90/False/BEgyL0ETLzSJLhvVE5yKmQ.jpg,https://www.kobo.com/tw/zh/ebook/BEgyL0ETLzSJLhvVE5yKmQ?sId=d1e8a426-d9da-4608-aa6a-8e573de46f07
2025-05-13,簡媜,老師的十二樣見面禮（增訂版）,329,9789863876236,https://cdn.kobo.com/book-images/5ddd0b2a-a9d1-403d-92c3-60f91baba3c6/353/569/90/False/7r6In9z6kTuCg3twvvZA2g.jpg,https://www.kobo.com/tw/zh/ebook/7r6In9z6kTuCg3twvvZA2g?sId=d1e8a426-d9da-4608-aa6a-8e573de46f07
2025-05-13,簡媜,吃朋友,245,7390866631382,https://cdn.kobo.com/book-images/03cd221a-bef1-420d-96fa-a1ff5f2ec5f8/353/569/90/False/5xrS1tW6YT6YFfX6xajasQ.jpg,https://www.kobo.com/tw/zh/ebook/5xrS1tW6YT6YFfX6xajasQ?sId=c3b6db1d-b5c5-453f-98b3-33533d5f8f8d
2025-05-13,簡媜,下午茶,160,9789863876946,https://cdn.kobo.com/book-images/84781262-e7bd-4d10-a3c7-d19910fafa73/353/569/90/False/5iBW0pa_Wj2IztG5D0yKyw.jpg,https://www.kobo.com/tw/zh/ebook/5iBW0pa_Wj2IztG5D0yKyw?sId=c3b6db1d-b5c5-453f-98b3-33533d5f8f8d
2025-05-13,簡媜,密密語,280,9789863876953,https://cdn.kobo.com/book-images/76e8fe19-e84d-4b62-9707-03393a023486/353/569/90/False/mMg1YwJL9TemPTAVwHZbvw.jpg,https://www.kobo.com/tw/zh/ebook/mMg1YwJL9TemPTAVwHZbvw?sId=c3b6db1d-b5c5-453f-98b3-33533d5f8f8d
2025-05-13,簡媜,微暈的樹林,210,9789863875857,https://cdn.kobo.com/book-images/df67a2d3-dab3-4ea6-bdd2-0f0e2b62a151/353/569/90/False/lRjcIazDljKdQZof57Hd9A.jpg,https://www.kobo.com/tw/zh/ebook/lRjcIazDljKdQZof57Hd9A?sId=c3b6db1d-b5c5-453f-98b3-33533d5f8f8d
2025-05-13,簡媜,天涯海角──福爾摩沙抒情誌,245,7390863873471,https://cdn.kobo.com/book-images/af00ba7f-99c1-44ae-b3d3-81c4e6e37430/353/569/90/False/y2QggT-GWz28HjuY_ABx1w.jpg,https://www.kobo.com/tw/zh/ebook/y2QggT-GWz28HjuY_ABx1w?sId=c3b6db1d-b5c5-453f-98b3-33533d5f8f8d
2025-05-13,簡媜,舊情復燃,220,9789863876380,https://cdn.kobo.com/book-images/97241a9a-8187-4195-a573-9a921c04b9cc/353/569/90/False/wieReZ4jqT2vpPAPLsLmkA.jpg,https://www.kobo.com/tw/zh/ebook/wieReZ4jqT2vpPAPLsLmkA?sId=c3b6db1d-b5c5-453f-98b3-33533d5f8f8d
2025-05-13,簡媜,只緣身在此山中,224,9789863874911,https://cdn.kobo.com/book-images/a21ea0b7-2449-4d16-b4db-1aa18c1993f3/353/569/90/False/JR_gAXmObD6EROWQrNPmjw.jpg,https://www.kobo.com/tw/zh/ebook/JR_gAXmObD6EROWQrNPmjw?sId=c3b6db1d-b5c5-453f-98b3-33533d5f8f8d
2025-05-13,簡媜,月娘照眠牀,220,9789863875314,https://cdn.kobo.com/book-images/1dc984df-000f-4cfb-86bf-d71ead052b02/353/569/90/False/yifYBw_kEz-sjWx9O6wmTg.jpg,https://www.kobo.com/tw/zh/ebook/yifYBw_kEz-sjWx9O6wmTg?sId=c3b6db1d-b5c5-453f-98b3-33533d5f8f8d
2025-05-13,簡媜,好一座浮島,210,9789863875666,https://cdn.kobo.com/book-images/dcfdfd36-7d3d-4201-89ab-681303731c15/353/569/90/False/tR63QOkIkjSZNYP1XN8qJQ.jpg,https://www.kobo.com/tw/zh/ebook/tR63QOkIkjSZNYP1XN8qJQ?sId=c3b6db1d-b5c5-453f-98b3-33533d5f8f8d
2025-05-13,赫曼．赫塞,流浪者之歌／悉達多,252,9786267095010,https://cdn.kobo.com/book-images/3f321736-62ab-46cb-ae65-dabe29f7eea4/353/569/90/False/BZkTJbpWnTWsH4_ozeT9vA.jpg,https://www.kobo.com/tw/zh/ebook/BZkTJbpWnTWsH4_ozeT9vA?sId=d35c2578-d115-4788-80b9-f92ffc779229
2025-05-13,赫曼．赫塞,流浪者之歌（首度德文直譯本）,210,3090000000515,https://cdn.kobo.com/book-images/f601d38b-894e-436d-852c-e48f41d06a75/353/569/90/False/uWrynH7_LjCJaQT5rWrZjg.jpg,https://www.kobo.com/tw/zh/ebook/uWrynH7_LjCJaQT5rWrZjg?sId=d35c2578-d115-4788-80b9-f92ffc779229
2025-05-13,赫曼．赫塞,德米安：徬徨少年時 (告別徬徨，堅定地做你自己。全新無刪減完整譯本，慕尼黑大學圖書館愛藏版),245,3069869881963,https://cdn.kobo.com/book-images/a809baf5-4e7d-43c9-96e5-7d69fa248b50/353/569/90/False/6fn5ArUqVjSw56cshygW_Q.jpg,https://www.kobo.com/tw/zh/ebook/6fn5ArUqVjSw56cshygW_Q?sId=d35c2578-d115-4788-80b9-f92ffc779229
2025-05-13,赫曼．赫塞,流浪者之歌【感動解讀版】,400,9786269936137,https://cdn.kobo.com/book-images/921c4663-8c49-4f8f-a61f-e24755dbae11/353/569/90/False/JNfPTDEjDz-tAMfp3Egokg.jpg,https://www.kobo.com/tw/zh/ebook/JNfPTDEjDz-tAMfp3Egokg?sId=d35c2578-d115-4788-80b9-f92ffc779229
2025-05-13,赫曼．赫塞,悉達多【獨家收錄保羅．科爾賀專文導讀、林懷民繆思分享】：一首印度的詩（流浪者之歌）,196,9789864895397,https://cdn.kobo.com/book-images/827cfb45-6d4c-43cb-866a-eb45ca8c20c7/353/569/90/False/8X4BYN4ZszavG3vs7B0Jdg.jpg,https://www.kobo.com/tw/zh/ebook/8X4BYN4ZszavG3vs7B0Jdg?sId=d35c2578-d115-4788-80b9-f92ffc779229
2025-05-13,赫曼．赫塞,園圃之歌：諾貝爾文學獎大師赫曼．赫塞的自然哲思與手繪詩畫,266,9786269638079,https://cdn.kobo.com/book-images/f7453d28-8edd-4d0b-87ae-3f947835f381/353/569/90/False/jHi5IlslGTmTLqpPkwxScQ.jpg,https://www.kobo.com/tw/zh/ebook/jHi5IlslGTmTLqpPkwxScQ?sId=d35c2578-d115-4788-80b9-f92ffc779229
2025-05-13,赫曼．赫塞,赫曼赫塞童話故事集,250,3119864773930,https://cdn.kobo.com/book-images/5f4ae374-cda4-4a0c-a27f-58f4eb5939e0/353/569/90/False/fUpsq8DF8Tq5Lguv3pHWuQ.jpg,https://www.kobo.com/tw/zh/ebook/fUpsq8DF8Tq5Lguv3pHWuQ?sId=d35c2578-d115-4788-80b9-f92ffc779229
2025-05-13,赫曼．赫塞,德米安【獨家收錄詹姆斯・法蘭科專文導讀】：埃米爾．辛克萊年少時的故事（徬徨少年時）,210,9789864895403,https://cdn.kobo.com/book-images/ae0cd56f-8ec4-4e2d-bc97-29ea34073182/353/569/90/False/ib-jIoEV2Dqm0I1tAc6TWQ.jpg,https://www.kobo.com/tw/zh/ebook/ib-jIoEV2Dqm0I1tAc6TWQ?sId=d35c2578-d115-4788-80b9-f92ffc779229
2025-05-13,赫曼．赫塞,荒野之狼（首度德文直譯本）,245,3090000005737,https://cdn.kobo.com/book-images/449cd682-c515-465f-b6f3-c5b59e8310e3/353/569/90/False/VFQPtyjUrTGJSlcoqoICxg.jpg,https://www.kobo.com/tw/zh/ebook/VFQPtyjUrTGJSlcoqoICxg?sId=d35c2578-d115-4788-80b9-f92ffc779229
2025-05-13,赫曼．赫塞,荒野之狼,315,9786263966987,https://cdn.kobo.com/book-images/3bb495e7-b3a7-490f-be56-c4e3d0755850/353/569/90/False/8qvh-uvBNjeQ5sV5LtVHdw.jpg,https://www.kobo.com/tw/zh/ebook/8qvh-uvBNjeQ5sV5LtVHdw?sId=d35c2578-d115-4788-80b9-f92ffc779229
2025-05-13,赫曼．赫塞,流浪者之歌,245,9786263744417,https://cdn.kobo.com/book-images/dbaffb64-2df7-46df-9836-4b43eb375d74/353/569/90/False/SSmAUWRnWD-200t2EoH_qQ.jpg,https://www.kobo.com/tw/zh/ebook/SSmAUWRnWD-200t2EoH_qQ?sId=d35c2578-d115-4788-80b9-f92ffc779229
2025-05-13,赫曼．赫塞,德米安：彷徨少年時,228,7289867101822,https://cdn.kobo.com/book-images/897fa0c7-1c7f-4005-9de8-784febd6e287/353/569/90/False/ZNYK-tlfkD-IZy3hlnFJAw.jpg,https://www.kobo.com/tw/zh/ebook/ZNYK-tlfkD-IZy3hlnFJAw?sId=d35c2578-d115-4788-80b9-f92ffc779229
2025-05-13,赫曼．赫塞,鄉愁（德文直譯本）,196,3090000006527,https://cdn.kobo.com/book-images/567c8c31-ebf2-4ffb-a5b1-7e294bb27479/353/569/90/False/By8ilup3JjmH2kf5ty2N8g.jpg,https://www.kobo.com/tw/zh/ebook/By8ilup3JjmH2kf5ty2N8g?sId=de9e1dea-fa23-4a50-9d84-5dc9f16abbf3
2025-05-13,赫曼．赫塞,車輪下（首度德文直譯本）,210,3090000000590,https://cdn.kobo.com/book-images/40dde703-286a-487c-acca-3d0e177e4d0a/353/569/90/False/iRXS-e-7fzumzrZdY8d_8Q.jpg,https://www.kobo.com/tw/zh/ebook/iRXS-e-7fzumzrZdY8d_8Q?sId=de9e1dea-fa23-4a50-9d84-5dc9f16abbf3
2025-05-13,赫曼．赫塞,徬徨少年時（德文直譯本）,196,3090000030292,https://cdn.kobo.com/book-images/0eb8b492-c683-4d13-8a2e-40fd1872ced9/353/569/90/False/p9r2phjlUzO8q-gEc3Ysmg.jpg,https://www.kobo.com/tw/zh/ebook/p9r2phjlUzO8q-gEc3Ysmg?sId=de9e1dea-fa23-4a50-9d84-5dc9f16abbf3
2025-05-13,赫曼．赫塞,在書中發現自己的靈魂：慢讀赫塞,250,3128000000104,https://cdn.kobo.com/book-images/5139dd71-3f40-4bbf-aaa6-752447892743/353/569/90/False/mj-jE6bxOTazX9ad0uwE7g.jpg,https://www.kobo.com/tw/zh/ebook/mj-jE6bxOTazX9ad0uwE7g?sId=de9e1dea-fa23-4a50-9d84-5dc9f16abbf3
2025-05-13,赫曼．赫塞,悠遊之歌（三版）,175,9789864023936,https://cdn.kobo.com/book-images/e52679bc-171d-45f8-bf8a-8a159a9891ed/353/569/90/False/UHZLCrSJATqst2fZDCkzBA.jpg,https://www.kobo.com/tw/zh/ebook/UHZLCrSJATqst2fZDCkzBA?sId=de9e1dea-fa23-4a50-9d84-5dc9f16abbf3
2025-05-13,赫曼．赫塞,生命之歌,210,3090000000496,https://cdn.kobo.com/book-images/cab95401-af95-4f91-9d80-41eee92dade2/353/569/90/False/kfbDCDZ4SD6jxk-LU1ireg.jpg,https://www.kobo.com/tw/zh/ebook/kfbDCDZ4SD6jxk-LU1ireg?sId=de9e1dea-fa23-4a50-9d84-5dc9f16abbf3
2025-05-13,赫曼．赫塞,中學生好享讀：諾貝爾大師短篇小說選,225,6709863201113,https://cdn.kobo.com/book-images/f48eb899-1243-4d56-a687-e9d45c5de9ef/353/569/90/False/pnJCPVTatTGHkaHGe4iYMw.jpg,https://www.kobo.com/tw/zh/ebook/pnJCPVTatTGHkaHGe4iYMw?sId=de9e1dea-fa23-4a50-9d84-5dc9f16abbf3
2025-05-13,赫曼．赫塞,荒野之狼（德文新譯本）,294,3119864771400,https://cdn.kobo.com/book-images/c81844a1-3034-4867-a324-b6f0bd00c252/353/569/90/False/6g6wxeuiYjuWU71oa_5Mzg.jpg,https://www.kobo.com/tw/zh/ebook/6g6wxeuiYjuWU71oa_5Mzg?sId=de9e1dea-fa23-4a50-9d84-5dc9f16abbf3
2025-05-13,赫曼．赫塞,徬徨少年時,175,3090000000352,https://cdn.kobo.com/book-images/b98f888a-ae90-4674-8796-0c691b798c30/353/569/90/False/3cIVTFd3fz6t9pp0NaJsyA.jpg,https://www.kobo.com/tw/zh/ebook/3cIVTFd3fz6t9pp0NaJsyA?sId=de9e1dea-fa23-4a50-9d84-5dc9f16abbf3
2025-05-13,赫曼．赫塞,悉達多：一首印度的詩（流浪者之歌）,210,7384000000026,https://cdn.kobo.com/book-images/2ebd8c79-acb7-430a-abd8-3998815f26dd/353/569/90/False/5P5w8osOvzauH183YElyCw.jpg,https://www.kobo.com/tw/zh/audiobook/5P5w8osOvzauH183YElyCw?sId=de9e1dea-fa23-4a50-9d84-5dc9f16abbf3
2025-05-13,赫曼．赫塞,德米安：埃米爾．辛克萊年少時的故事（徬徨少年時）,210,7384000000027,https://cdn.kobo.com/book-images/e921900f-2bfe-42d8-8547-198c1b3b42b1/353/569/90/False/pO0YjhmJajyGRrdkzlKsnA.jpg,https://www.kobo.com/tw/zh/audiobook/pO0YjhmJajyGRrdkzlKsnA?sId=de9e1dea-fa23-4a50-9d84-5dc9f16abbf3
2025-05-14,卡繆,異鄉人（卡繆版書衣）,154,3119861735450,https://cdn.kobo.com/book-images/24099253-90bc-4d80-8825-f6300e8b806f/353/569/90/False/gb2hSkF1KDGjqz18oam2aA.jpg,https://www.kobo.com/tw/zh/ebook/gb2hSkF1KDGjqz18oam2aA?sId=eb50f19c-3fec-4caf-856d-ca4a9464abe0
2025-05-14,卡繆,卡繆荒謬系列四部曲套書：《異鄉人》＋《薛西弗斯的神話》＋《卡里古拉》＋《誤會》【全新法文名家直譯，首次完整出版，親炙完整的卡繆荒謬哲學】,625,3150000000693,https://cdn.kobo.com/book-images/462128f0-194c-4f37-91e4-c9cdfbe0d7b2/353/569/90/False/iBMVIqmTtjmYjH2oJl_r8A.jpg,https://www.kobo.com/tw/zh/ebook/iBMVIqmTtjmYjH2oJl_r8A?sId=eb50f19c-3fec-4caf-856d-ca4a9464abe0
2025-05-14,卡繆,瘟疫（2021最新名家譯本，卡繆對疫情下被禁錮人心的鼓舞）,210,9789860777192,https://cdn.kobo.com/book-images/9618975f-d9f0-47af-bd43-571387f8a06a/353/569/90/False/wJ6ORaWSDj60GIzsDTf9Zg.jpg,https://www.kobo.com/tw/zh/ebook/wJ6ORaWSDj60GIzsDTf9Zg?sId=eb50f19c-3fec-4caf-856d-ca4a9464abe0
2025-05-14,卡繆,異鄉人（2020全新名家譯本，再現卡繆字句推敲的原義）,138,3150000000617,https://cdn.kobo.com/book-images/883f0dcf-e5f7-4dfe-b300-8d725a8da70d/353/569/90/False/0GQk9bH6VzyLV0Q9Faysow.jpg,https://www.kobo.com/tw/zh/ebook/0GQk9bH6VzyLV0Q9Faysow?sId=eb50f19c-3fec-4caf-856d-ca4a9464abe0
2025-05-14,卡繆,薛西弗斯的神話：卡繆的荒謬哲學,230,3120000000285,https://cdn.kobo.com/book-images/8cfb868b-d1ce-428f-9dc1-8a7b0724f790/353/569/90/False/dz7TJXld6DK-tFChkyuNug.jpg,https://www.kobo.com/tw/zh/ebook/dz7TJXld6DK-tFChkyuNug?sId=eb50f19c-3fec-4caf-856d-ca4a9464abe0
2025-05-14,卡繆,正義者（首次出版，法文直譯名家譯本，卡繆展現對正義與反抗的考驗）,155,9789860777161,https://cdn.kobo.com/book-images/9291fc65-996d-4a27-83f4-a141c345d8cb/353/569/90/False/QQT3HgwFsT2xefv4IRMF9w.jpg,https://www.kobo.com/tw/zh/ebook/QQT3HgwFsT2xefv4IRMF9w?sId=eb50f19c-3fec-4caf-856d-ca4a9464abe0
2025-05-14,卡繆,卡繆荒謬與反抗系列作品全集套書：荒謬系列四部曲《異鄉人》《薛西弗斯的神話》《卡里古拉》《誤會》＋反抗系列三部曲《瘟疫》《反抗者》《正義者》【全新法文名家直譯，首次完整出版，親炙完整的卡繆荒謬哲學】,1200,3150000000694,https://cdn.kobo.com/book-images/76f16f12-492e-4435-b792-e97bba1721d5/353/569/90/False/Kx45Q5lYKTqv_nEYbdwV2A.jpg,https://www.kobo.com/tw/zh/ebook/Kx45Q5lYKTqv_nEYbdwV2A?sId=eb50f19c-3fec-4caf-856d-ca4a9464abe0
2025-05-14,卡繆,薛西弗斯的神話,,3150000000396,https://cdn.kobo.com/book-images/71d8cd60-c407-4367-bced-a36718fcf86f/353/569/90/False/t0r8j-Ym4jee3YDu96AA1w.jpg,https://www.kobo.com/tw/zh/ebook/t0r8j-Ym4jee3YDu96AA1w?sId=eb50f19c-3fec-4caf-856d-ca4a9464abe0
2025-05-14,卡繆,卡繆反抗三部曲套書：《瘟疫》＋《反抗者》＋《正義者》【全新法文名家直譯，首次完整出版，親炙完整的卡繆反抗思想】,575,3150000000687,https://cdn.kobo.com/book-images/9f980967-d3c1-4ac0-9f8c-f8e0ccbbcc60/353/569/90/False/B1m2jKOONjKjTMVkT5k1NQ.jpg,https://www.kobo.com/tw/zh/ebook/B1m2jKOONjKjTMVkT5k1NQ?sId=eb50f19c-3fec-4caf-856d-ca4a9464abe0
2025-05-14,卡繆,鼠疫,210,3119861737522,https://cdn.kobo.com/book-images/56a09ae8-dac7-4eb0-9dde-b427a5a1aacb/353/569/90/False/tGTtah0cyzKVQIXzpZ7NTQ.jpg,https://www.kobo.com/tw/zh/ebook/tGTtah0cyzKVQIXzpZ7NTQ?sId=eb50f19c-3fec-4caf-856d-ca4a9464abe0
2025-05-14,卡繆,快樂的死,175,3120000000639,https://cdn.kobo.com/book-images/57e8ecec-6b0d-4586-882a-1f7699f9b494/353/569/90/False/gnS7T3tgLTS1t3eLSRBEeA.jpg,https://www.kobo.com/tw/zh/ebook/gnS7T3tgLTS1t3eLSRBEeA?sId=eb50f19c-3fec-4caf-856d-ca4a9464abe0
2025-05-14,卡繆,薛西弗斯的神話：點燃希望的哲學頌歌，法國七星文庫權威譯本【傅雷翻譯獎典藏版】,266,9786267596456,https://cdn.kobo.com/book-images/6ccfbf88-73ae-4691-b256-38387994ae56/353/569/90/False/7fFjSyTP9zKPTx3GcPFpfw.jpg,https://www.kobo.com/tw/zh/ebook/7fFjSyTP9zKPTx3GcPFpfw?sId=eb50f19c-3fec-4caf-856d-ca4a9464abe0
2025-05-14,卡繆,誤會【1957年諾貝爾文學獎得主面對自我放逐之旅的核心之作】,155,9786267118139,https://cdn.kobo.com/book-images/f35af051-fd52-4e22-a2df-d19abd3abf6e/353/569/90/False/XznH9zQdijG-RQoi9MTYng.jpg,https://www.kobo.com/tw/zh/ebook/XznH9zQdijG-RQoi9MTYng?sId=40686602-3c13-49ba-ba2b-bee52551deed
2025-05-14,卡繆,卡里古拉【1957年諾貝爾文學獎得主描摹荒謬的經典代表作,166,9786267118108,https://cdn.kobo.com/book-images/228a6362-9e74-450c-806f-26d0291b0115/353/569/90/False/bUv8_ShWSDyzoufG54r66g.jpg,https://www.kobo.com/tw/zh/ebook/bUv8_ShWSDyzoufG54r66g?sId=40686602-3c13-49ba-ba2b-bee52551deed
2025-05-14,卡繆,放逐與王國：卡繆短篇小說,260,9789865482541,https://cdn.kobo.com/book-images/033f901a-cea5-456e-9a5c-534f67c7dd33/353/569/90/False/SmaLhyIaRTOPTVVkw9jskg.jpg,https://www.kobo.com/tw/zh/ebook/SmaLhyIaRTOPTVVkw9jskg?sId=40686602-3c13-49ba-ba2b-bee52551deed
2025-05-14,卡繆,異鄉人,179,3039571384641,https://cdn.kobo.com/book-images/81e2cbee-7fb1-445c-8a9a-54f11683b376/353/569/90/False/wUn6RJK3RjCYH8YflJqYFw.jpg,https://www.kobo.com/tw/zh/ebook/wUn6RJK3RjCYH8YflJqYFw?sId=40686602-3c13-49ba-ba2b-bee52551deed
2025-05-14,卡繆,異鄉人（卡繆經典暢銷作․中文版有聲書首度上市）,220,9789863449263,https://cdn.kobo.com/book-images/a910e55d-8df0-43d3-8ef2-df7dc21d51ba/353/569/90/False/t1OO6Q03qjuX0wfMsaUVPg.jpg,https://www.kobo.com/tw/zh/audiobook/t1OO6Q03qjuX0wfMsaUVPg?sId=40686602-3c13-49ba-ba2b-bee52551deed
2025-05-14,卡繆,鼠疫【全新名家譯本】（特別收錄哲學解析〈一部存在主義小說的後現代閱讀〉）,266,9789864895434,https://cdn.kobo.com/book-images/f4d068a2-498d-4817-97dd-d7492dc32b10/353/569/90/False/K9cd87y5oDGaSXDvYBOiAg.jpg,https://www.kobo.com/tw/zh/ebook/K9cd87y5oDGaSXDvYBOiAg?sId=40686602-3c13-49ba-ba2b-bee52551deed
2025-05-14,卡繆,反抗者（新版）,210,3150000000392,https://cdn.kobo.com/book-images/0169f08d-1636-4fe9-865e-ac9323facfa7/353/569/90/False/dnhkQv1woTKBLngzg4RbMg.jpg,https://www.kobo.com/tw/zh/ebook/dnhkQv1woTKBLngzg4RbMg?sId=40686602-3c13-49ba-ba2b-bee52551deed
2025-05-14,卡繆,瘟疫（名家經典新譯）,228,9789865482473,https://cdn.kobo.com/book-images/edbaf1b0-60cf-4781-90e1-dcb3d6358348/353/569/90/False/XSi3S6nkVz2SFyXwXYLq1g.jpg,https://www.kobo.com/tw/zh/ebook/XSi3S6nkVz2SFyXwXYLq1g?sId=40686602-3c13-49ba-ba2b-bee52551deed
2025-05-14,卡繆,異鄉人【獨家收錄沙特評論・2022全新名家譯本】,196,9789864896073,https://cdn.kobo.com/book-images/a71e071c-2ddd-47b0-ba0d-0ad67a3261c3/353/569/90/False/VQ2InesBOjKI-Xv96viLqA.jpg,https://www.kobo.com/tw/zh/ebook/VQ2InesBOjKI-Xv96viLqA?sId=40686602-3c13-49ba-ba2b-bee52551deed
2025-05-14,卡繆,異鄉人：最值得珍藏的名家譯本,224,3119864778287,https://cdn.kobo.com/book-images/59186bf1-d059-4aeb-afcb-36b164712ef7/353/569/90/False/XRU3eRrUUD6pvlI4liPZbg.jpg,https://www.kobo.com/tw/zh/ebook/XRU3eRrUUD6pvlI4liPZbg?sId=40686602-3c13-49ba-ba2b-bee52551deed
2025-05-14,卡繆,瘟疫,210,9789861785516,https://cdn.kobo.com/book-images/8d4f032e-dd57-4b50-a7d8-07f8e494bce5/353/569/90/False/sQ5ce_0gtz-yiFpE7SxWag.jpg,https://www.kobo.com/tw/zh/ebook/sQ5ce_0gtz-yiFpE7SxWag?sId=40686602-3c13-49ba-ba2b-bee52551deed
2025-05-14,卡繆,鼠疫（卡繆經典暢銷作․中文版有聲書首度上市）,300,9789863449270,https://cdn.kobo.com/book-images/ba766fe2-65df-4d69-83bc-798bf2340c10/353/569/90/False/AMe0qKS-yzinEfp_ItutUg.jpg,https://www.kobo.com/tw/zh/audiobook/AMe0qKS-yzinEfp_ItutUg?sId=40686602-3c13-49ba-ba2b-bee52551deed
2025-05-14,卡繆,放逐與王國,210,9789863874133,https://cdn.kobo.com/book-images/5f1ba02d-68c9-4aa5-85ab-824c904439e9/353/569/90/False/RVGALpaZsjaTbCo1SdZXqw.jpg,https://www.kobo.com/tw/zh/ebook/RVGALpaZsjaTbCo1SdZXqw?sId=5f2a2c76-8721-4297-9de0-14cf1ff738e3
2025-05-14,卡繆,異鄉人,170,6849862272770,https://cdn.kobo.com/book-images/2f2b24f2-6a61-4ae2-a409-29c8eb0bc992/353/569/90/False/GYi3emouATurt5CEXNGY7A.jpg,https://www.kobo.com/tw/zh/ebook/GYi3emouATurt5CEXNGY7A?sId=5f2a2c76-8721-4297-9de0-14cf1ff738e3
2025-05-14,卡繆,第一人：《異鄉人》存在主義大師的最後遺作！沒讀過《第一人》，就無法了解真正的卡繆！,360,7435000003050,https://cdn.kobo.com/book-images/1000dae4-0e54-4613-994a-2ca68f225aaf/353/569/90/False/mBrCwjCDbT-OmxW_MxQCPg.jpg,https://www.kobo.com/tw/zh/audiobook/mBrCwjCDbT-OmxW_MxQCPg?sId=5f2a2c76-8721-4297-9de0-14cf1ff738e3
2025-05-14,卡繆,墮落,182,9789861787558,https://cdn.kobo.com/book-images/023f55c5-13cf-4e65-aaa2-e1d0eebea177/353/569/90/False/ie-dvcJKuTWxECoQpt7ptg.jpg,https://www.kobo.com/tw/zh/ebook/ie-dvcJKuTWxECoQpt7ptg?sId=5f2a2c76-8721-4297-9de0-14cf1ff738e3
2025-05-14,卡繆,異鄉人：荒謬三部曲，首部,210,7384000000024,https://cdn.kobo.com/book-images/12dc1249-e584-452a-a159-54be7be82c4d/353/569/90/False/MDkYBsM0cTm5Kq9j-44S0A.jpg,https://www.kobo.com/tw/zh/audiobook/MDkYBsM0cTm5Kq9j-44S0A?sId=5f2a2c76-8721-4297-9de0-14cf1ff738e3
2025-05-14,簡媜,十種寂寞,252,7390863873877,https://cdn.kobo.com/book-images/137d5050-a414-4644-a453-8236a3c7338c/353/569/90/False/SS3f6q_OmzG6ixjEoQQSBw.jpg,https://www.kobo.com/tw/zh/ebook/SS3f6q_OmzG6ixjEoQQSBw?sId=00fe01a0-47ba-40f3-8b1b-6b28fe4ad78f
2025-05-14,簡媜,我為你灑下月光,336,7390863872337,https://cdn.kobo.com/book-images/8d8c685d-f3c5-4e43-a07c-4a7a91f5ad22/353/569/90/False/RBqeU8INXTCG7D8npjR0bw.jpg,https://www.kobo.com/tw/zh/ebook/RBqeU8INXTCG7D8npjR0bw?sId=00fe01a0-47ba-40f3-8b1b-6b28fe4ad78f
2025-05-14,簡媜,夢遊書,196,9789863874546,https://cdn.kobo.com/book-images/df1c79f2-8ad2-4ed8-9f37-293c81359dd8/353/569/90/False/p_nX7y-6_D6gGQiQ7O__sw.jpg,https://www.kobo.com/tw/zh/ebook/p_nX7y-6_D6gGQiQ7O__sw?sId=00fe01a0-47ba-40f3-8b1b-6b28fe4ad78f
2025-05-14,簡媜,女兒紅,196,9789863874096,https://cdn.kobo.com/book-images/73163054-0990-4413-b92d-a3d20f20ebaa/353/569/90/False/DBqadeV-gT-bmmVuqDItJg.jpg,https://www.kobo.com/tw/zh/ebook/DBqadeV-gT-bmmVuqDItJg?sId=00fe01a0-47ba-40f3-8b1b-6b28fe4ad78f
2025-05-14,簡媜,老師的十二樣見面禮,224,7390866873232,https://cdn.kobo.com/book-images/912cffcc-12b7-4881-820d-605be5c0f456/353/569/90/False/Opeot0Gw9zeKOcdaOXIiCg.jpg,https://www.kobo.com/tw/zh/ebook/Opeot0Gw9zeKOcdaOXIiCg?sId=00fe01a0-47ba-40f3-8b1b-6b28fe4ad78f
2025-05-14,簡媜,紅嬰仔：一個女人和她的育嬰史,252,7390863873068,https://cdn.kobo.com/book-images/4c769dfc-5feb-45bb-bad9-d22ff6fe4425/353/569/90/False/3-XKV53DSzqry1rJm_LJEA.jpg,https://www.kobo.com/tw/zh/ebook/3-XKV53DSzqry1rJm_LJEA?sId=00fe01a0-47ba-40f3-8b1b-6b28fe4ad78f
2025-05-14,簡媜,與歲月同等心跳,210,9789863877479,https://cdn.kobo.com/book-images/5dc05880-531e-4ce8-9a89-99be05f5d02b/353/569/90/False/1Cgc_XKbQj6NkWrPuaKd2g.jpg,https://www.kobo.com/tw/zh/ebook/1Cgc_XKbQj6NkWrPuaKd2g?sId=00fe01a0-47ba-40f3-8b1b-6b28fe4ad78f
2025-05-14,簡媜,無法取得書名,無法取得價格,無法取得 ISBN,無法取得圖片,https://www.kobo.com/tw/zh/ebook/tyYjDkeqiza61CrkeCJu7w?sId=00fe01a0-47ba-40f3-8b1b-6b28fe4ad78f
2025-05-14,簡媜,一個人漫遊，古典森林,315,9789863877745,https://cdn.kobo.com/book-images/0c528bc8-18ea-46e3-acf0-f4c80125be95/353/569/90/False/Yyl9S4wUuDu8rltsfwH3UQ.jpg,https://www.kobo.com/tw/zh/ebook/Yyl9S4wUuDu8rltsfwH3UQ?sId=00fe01a0-47ba-40f3-8b1b-6b28fe4ad78f
2025-05-14,簡媜,胭脂盆地,196,9789863874553,https://cdn.kobo.com/book-images/0ce65bd8-31e7-48ec-b6c2-f3b4da8f4cb7/353/569/90/False/_jcUd4QT3T6w0ZguwcDvlg.jpg,https://www.kobo.com/tw/zh/ebook/_jcUd4QT3T6w0ZguwcDvlg?sId=00fe01a0-47ba-40f3-8b1b-6b28fe4ad78f
2025-05-14,簡媜,旅人之歌——神遊山水詩,210,9789863877516,https://cdn.kobo.com/book-images/ba7b0973-6125-415b-91a8-f4910ba8f09b/353/569/90/False/BEgyL0ETLzSJLhvVE5yKmQ.jpg,https://www.kobo.com/tw/zh/ebook/BEgyL0ETLzSJLhvVE5yKmQ?sId=00fe01a0-47ba-40f3-8b1b-6b28fe4ad78f
2025-05-14,簡媜,老師的十二樣見面禮（增訂版）,329,9789863876236,https://cdn.kobo.com/book-images/5ddd0b2a-a9d1-403d-92c3-60f91baba3c6/353/569/90/False/7r6In9z6kTuCg3twvvZA2g.jpg,https://www.kobo.com/tw/zh/ebook/7r6In9z6kTuCg3twvvZA2g?sId=00fe01a0-47ba-40f3-8b1b-6b28fe4ad78f
2025-05-14,簡媜,吃朋友,245,7390866631382,https://cdn.kobo.com/book-images/03cd221a-bef1-420d-96fa-a1ff5f2ec5f8/353/569/90/False/5xrS1tW6YT6YFfX6xajasQ.jpg,https://www.kobo.com/tw/zh/ebook/5xrS1tW6YT6YFfX6xajasQ?sId=1531ba10-f0d9-4e50-9b14-1769da4e8318
2025-05-14,簡媜,下午茶,160,9789863876946,https://cdn.kobo.com/book-images/84781262-e7bd-4d10-a3c7-d19910fafa73/353/569/90/False/5iBW0pa_Wj2IztG5D0yKyw.jpg,https://www.kobo.com/tw/zh/ebook/5iBW0pa_Wj2IztG5D0yKyw?sId=1531ba10-f0d9-4e50-9b14-1769da4e8318
2025-05-14,簡媜,密密語,280,9789863876953,https://cdn.kobo.com/book-images/76e8fe19-e84d-4b62-9707-03393a023486/353/569/90/False/mMg1YwJL9TemPTAVwHZbvw.jpg,https://www.kobo.com/tw/zh/ebook/mMg1YwJL9TemPTAVwHZbvw?sId=1531ba10-f0d9-4e50-9b14-1769da4e8318
2025-05-14,簡媜,微暈的樹林,210,9789863875857,https://cdn.kobo.com/book-images/df67a2d3-dab3-4ea6-bdd2-0f0e2b62a151/353/569/90/False/lRjcIazDljKdQZof57Hd9A.jpg,https://www.kobo.com/tw/zh/ebook/lRjcIazDljKdQZof57Hd9A?sId=1531ba10-f0d9-4e50-9b14-1769da4e8318
2025-05-14,簡媜,天涯海角──福爾摩沙抒情誌,245,7390863873471,https://cdn.kobo.com/book-images/af00ba7f-99c1-44ae-b3d3-81c4e6e37430/353/569/90/False/y2QggT-GWz28HjuY_ABx1w.jpg,https://www.kobo.com/tw/zh/ebook/y2QggT-GWz28HjuY_ABx1w?sId=1531ba10-f0d9-4e50-9b14-1769da4e8318
2025-05-14,簡媜,舊情復燃,220,9789863876380,https://cdn.kobo.com/book-images/97241a9a-8187-4195-a573-9a921c04b9cc/353/569/90/False/wieReZ4jqT2vpPAPLsLmkA.jpg,https://www.kobo.com/tw/zh/ebook/wieReZ4jqT2vpPAPLsLmkA?sId=1531ba10-f0d9-4e50-9b14-1769da4e8318
2025-05-14,簡媜,月娘照眠牀,220,9789863875314,https://cdn.kobo.com/book-images/1dc984df-000f-4cfb-86bf-d71ead052b02/353/569/90/False/yifYBw_kEz-sjWx9O6wmTg.jpg,https://www.kobo.com/tw/zh/ebook/yifYBw_kEz-sjWx9O6wmTg?sId=1531ba10-f0d9-4e50-9b14-1769da4e8318
2025-05-14,簡媜,只緣身在此山中,224,9789863874911,https://cdn.kobo.com/book-images/a21ea0b7-2449-4d16-b4db-1aa18c1993f3/353/569/90/False/JR_gAXmObD6EROWQrNPmjw.jpg,https://www.kobo.com/tw/zh/ebook/JR_gAXmObD6EROWQrNPmjw?sId=1531ba10-f0d9-4e50-9b14-1769da4e8318
2025-05-14,簡媜,好一座浮島,210,9789863875666,https://cdn.kobo.com/book-images/dcfdfd36-7d3d-4201-89ab-681303731c15/353/569/90/False/tR63QOkIkjSZNYP1XN8qJQ.jpg,https://www.kobo.com/tw/zh/ebook/tR63QOkIkjSZNYP1XN8qJQ?sId=1531ba10-f0d9-4e50-9b14-1769da4e8318
2025-05-14,赫曼．赫塞,流浪者之歌／悉達多,252,9786267095010,https://cdn.kobo.com/book-images/3f321736-62ab-46cb-ae65-dabe29f7eea4/353/569/90/False/BZkTJbpWnTWsH4_ozeT9vA.jpg,https://www.kobo.com/tw/zh/ebook/BZkTJbpWnTWsH4_ozeT9vA?sId=b82f6f2a-fd0a-4508-a292-1a3054386a02
2025-05-14,赫曼．赫塞,德米安：徬徨少年時 (告別徬徨，堅定地做你自己。全新無刪減完整譯本，慕尼黑大學圖書館愛藏版),245,3069869881963,https://cdn.kobo.com/book-images/a809baf5-4e7d-43c9-96e5-7d69fa248b50/353/569/90/False/6fn5ArUqVjSw56cshygW_Q.jpg,https://www.kobo.com/tw/zh/ebook/6fn5ArUqVjSw56cshygW_Q?sId=b82f6f2a-fd0a-4508-a292-1a3054386a02
2025-05-14,赫曼．赫塞,流浪者之歌（首度德文直譯本）,210,3090000000515,https://cdn.kobo.com/book-images/f601d38b-894e-436d-852c-e48f41d06a75/353/569/90/False/uWrynH7_LjCJaQT5rWrZjg.jpg,https://www.kobo.com/tw/zh/ebook/uWrynH7_LjCJaQT5rWrZjg?sId=b82f6f2a-fd0a-4508-a292-1a3054386a02
2025-05-14,赫曼．赫塞,流浪者之歌【感動解讀版】,400,9786269936137,https://cdn.kobo.com/book-images/921c4663-8c49-4f8f-a61f-e24755dbae11/353/569/90/False/JNfPTDEjDz-tAMfp3Egokg.jpg,https://www.kobo.com/tw/zh/ebook/JNfPTDEjDz-tAMfp3Egokg?sId=b82f6f2a-fd0a-4508-a292-1a3054386a02
2025-05-14,赫曼．赫塞,悉達多【獨家收錄保羅．科爾賀專文導讀、林懷民繆思分享】：一首印度的詩（流浪者之歌）,196,9789864895397,https://cdn.kobo.com/book-images/827cfb45-6d4c-43cb-866a-eb45ca8c20c7/353/569/90/False/8X4BYN4ZszavG3vs7B0Jdg.jpg,https://www.kobo.com/tw/zh/ebook/8X4BYN4ZszavG3vs7B0Jdg?sId=b82f6f2a-fd0a-4508-a292-1a3054386a02
2025-05-14,赫曼．赫塞,園圃之歌：諾貝爾文學獎大師赫曼．赫塞的自然哲思與手繪詩畫,266,9786269638079,https://cdn.kobo.com/book-images/f7453d28-8edd-4d0b-87ae-3f947835f381/353/569/90/False/jHi5IlslGTmTLqpPkwxScQ.jpg,https://www.kobo.com/tw/zh/ebook/jHi5IlslGTmTLqpPkwxScQ?sId=b82f6f2a-fd0a-4508-a292-1a3054386a02
2025-05-14,赫曼．赫塞,赫曼赫塞童話故事集,250,3119864773930,https://cdn.kobo.com/book-images/5f4ae374-cda4-4a0c-a27f-58f4eb5939e0/353/569/90/False/fUpsq8DF8Tq5Lguv3pHWuQ.jpg,https://www.kobo.com/tw/zh/ebook/fUpsq8DF8Tq5Lguv3pHWuQ?sId=b82f6f2a-fd0a-4508-a292-1a3054386a02
2025-05-14,赫曼．赫塞,德米安【獨家收錄詹姆斯・法蘭科專文導讀】：埃米爾．辛克萊年少時的故事（徬徨少年時）,210,9789864895403,https://cdn.kobo.com/book-images/ae0cd56f-8ec4-4e2d-bc97-29ea34073182/353/569/90/False/ib-jIoEV2Dqm0I1tAc6TWQ.jpg,https://www.kobo.com/tw/zh/ebook/ib-jIoEV2Dqm0I1tAc6TWQ?sId=b82f6f2a-fd0a-4508-a292-1a3054386a02
2025-05-14,赫曼．赫塞,荒野之狼（首度德文直譯本）,245,3090000005737,https://cdn.kobo.com/book-images/449cd682-c515-465f-b6f3-c5b59e8310e3/353/569/90/False/VFQPtyjUrTGJSlcoqoICxg.jpg,https://www.kobo.com/tw/zh/ebook/VFQPtyjUrTGJSlcoqoICxg?sId=b82f6f2a-fd0a-4508-a292-1a3054386a02
2025-05-14,赫曼．赫塞,流浪者之歌,245,9786263744417,https://cdn.kobo.com/book-images/dbaffb64-2df7-46df-9836-4b43eb375d74/353/569/90/False/SSmAUWRnWD-200t2EoH_qQ.jpg,https://www.kobo.com/tw/zh/ebook/SSmAUWRnWD-200t2EoH_qQ?sId=b82f6f2a-fd0a-4508-a292-1a3054386a02
2025-05-14,赫曼．赫塞,荒野之狼,315,9786263966987,https://cdn.kobo.com/book-images/3bb495e7-b3a7-490f-be56-c4e3d0755850/353/569/90/False/8qvh-uvBNjeQ5sV5LtVHdw.jpg,https://www.kobo.com/tw/zh/ebook/8qvh-uvBNjeQ5sV5LtVHdw?sId=b82f6f2a-fd0a-4508-a292-1a3054386a02
2025-05-14,赫曼．赫塞,德米安：彷徨少年時,228,7289867101822,https://cdn.kobo.com/book-images/897fa0c7-1c7f-4005-9de8-784febd6e287/353/569/90/False/ZNYK-tlfkD-IZy3hlnFJAw.jpg,https://www.kobo.com/tw/zh/ebook/ZNYK-tlfkD-IZy3hlnFJAw?sId=b82f6f2a-fd0a-4508-a292-1a3054386a02
2025-05-14,赫曼．赫塞,在書中發現自己的靈魂：慢讀赫塞,250,3128000000104,https://cdn.kobo.com/book-images/5139dd71-3f40-4bbf-aaa6-752447892743/353/569/90/False/mj-jE6bxOTazX9ad0uwE7g.jpg,https://www.kobo.com/tw/zh/ebook/mj-jE6bxOTazX9ad0uwE7g?sId=ede1c654-66f0-4f1c-947c-b5b1397f50ca
2025-05-14,赫曼．赫塞,鄉愁（德文直譯本）,196,3090000006527,https://cdn.kobo.com/book-images/567c8c31-ebf2-4ffb-a5b1-7e294bb27479/353/569/90/False/By8ilup3JjmH2kf5ty2N8g.jpg,https://www.kobo.com/tw/zh/ebook/By8ilup3JjmH2kf5ty2N8g?sId=ede1c654-66f0-4f1c-947c-b5b1397f50ca
2025-05-14,赫曼．赫塞,徬徨少年時（德文直譯本）,196,3090000030292,https://cdn.kobo.com/book-images/0eb8b492-c683-4d13-8a2e-40fd1872ced9/353/569/90/False/p9r2phjlUzO8q-gEc3Ysmg.jpg,https://www.kobo.com/tw/zh/ebook/p9r2phjlUzO8q-gEc3Ysmg?sId=ede1c654-66f0-4f1c-947c-b5b1397f50ca
2025-05-14,赫曼．赫塞,車輪下（首度德文直譯本）,210,3090000000590,https://cdn.kobo.com/book-images/40dde703-286a-487c-acca-3d0e177e4d0a/353/569/90/False/iRXS-e-7fzumzrZdY8d_8Q.jpg,https://www.kobo.com/tw/zh/ebook/iRXS-e-7fzumzrZdY8d_8Q?sId=ede1c654-66f0-4f1c-947c-b5b1397f50ca
2025-05-14,赫曼．赫塞,悠遊之歌（三版）,175,9789864023936,https://cdn.kobo.com/book-images/e52679bc-171d-45f8-bf8a-8a159a9891ed/353/569/90/False/UHZLCrSJATqst2fZDCkzBA.jpg,https://www.kobo.com/tw/zh/ebook/UHZLCrSJATqst2fZDCkzBA?sId=ede1c654-66f0-4f1c-947c-b5b1397f50ca
2025-05-14,赫曼．赫塞,生命之歌,210,3090000000496,https://cdn.kobo.com/book-images/cab95401-af95-4f91-9d80-41eee92dade2/353/569/90/False/kfbDCDZ4SD6jxk-LU1ireg.jpg,https://www.kobo.com/tw/zh/ebook/kfbDCDZ4SD6jxk-LU1ireg?sId=ede1c654-66f0-4f1c-947c-b5b1397f50ca
2025-05-14,赫曼．赫塞,中學生好享讀：諾貝爾大師短篇小說選,225,6709863201113,https://cdn.kobo.com/book-images/f48eb899-1243-4d56-a687-e9d45c5de9ef/353/569/90/False/pnJCPVTatTGHkaHGe4iYMw.jpg,https://www.kobo.com/tw/zh/ebook/pnJCPVTatTGHkaHGe4iYMw?sId=ede1c654-66f0-4f1c-947c-b5b1397f50ca
2025-05-14,赫曼．赫塞,荒野之狼（德文新譯本）,294,3119864771400,https://cdn.kobo.com/book-images/c81844a1-3034-4867-a324-b6f0bd00c252/353/569/90/False/6g6wxeuiYjuWU71oa_5Mzg.jpg,https://www.kobo.com/tw/zh/ebook/6g6wxeuiYjuWU71oa_5Mzg?sId=ede1c654-66f0-4f1c-947c-b5b1397f50ca
2025-05-14,赫曼．赫塞,徬徨少年時,175,3090000000352,https://cdn.kobo.com/book-images/b98f888a-ae90-4674-8796-0c691b798c30/353/569/90/False/3cIVTFd3fz6t9pp0NaJsyA.jpg,https://www.kobo.com/tw/zh/ebook/3cIVTFd3fz6t9pp0NaJsyA?sId=ede1c654-66f0-4f1c-947c-b5b1397f50ca
2025-05-14,赫曼．赫塞,德米安：埃米爾．辛克萊年少時的故事（徬徨少年時）,210,7384000000027,https://cdn.kobo.com/book-images/e921900f-2bfe-42d8-8547-198c1b3b42b1/353/569/90/False/pO0YjhmJajyGRrdkzlKsnA.jpg,https://www.kobo.com/tw/zh/audiobook/pO0YjhmJajyGRrdkzlKsnA?sId=ede1c654-66f0-4f1c-947c-b5b1397f50ca
2025-05-14,赫曼．赫塞,悉達多：一首印度的詩（流浪者之歌）,210,7384000000026,https://cdn.kobo.com/book-images/2ebd8c79-acb7-430a-abd8-3998815f26dd/353/569/90/False/5P5w8osOvzauH183YElyCw.jpg,https://www.kobo.com/tw/zh/audiobook/5P5w8osOvzauH183YElyCw?sId=ede1c654-66f0-4f1c-947c-b5b1397f50ca
2025-05-15,卡繆,異鄉人（卡繆版書衣）,154,3119861735450,https://cdn.kobo.com/book-images/24099253-90bc-4d80-8825-f6300e8b806f/353/569/90/False/gb2hSkF1KDGjqz18oam2aA.jpg,https://www.kobo.com/tw/zh/ebook/gb2hSkF1KDGjqz18oam2aA?sId=a5de5731-5018-4872-aff3-ce681d7c597e
2025-05-15,卡繆,異鄉人（2020全新名家譯本，再現卡繆字句推敲的原義）,138,3150000000617,https://cdn.kobo.com/book-images/883f0dcf-e5f7-4dfe-b300-8d725a8da70d/353/569/90/False/0GQk9bH6VzyLV0Q9Faysow.jpg,https://www.kobo.com/tw/zh/ebook/0GQk9bH6VzyLV0Q9Faysow?sId=a5de5731-5018-4872-aff3-ce681d7c597e
2025-05-15,卡繆,卡繆荒謬系列四部曲套書：《異鄉人》＋《薛西弗斯的神話》＋《卡里古拉》＋《誤會》【全新法文名家直譯，首次完整出版，親炙完整的卡繆荒謬哲學】,625,3150000000693,https://cdn.kobo.com/book-images/462128f0-194c-4f37-91e4-c9cdfbe0d7b2/353/569/90/False/iBMVIqmTtjmYjH2oJl_r8A.jpg,https://www.kobo.com/tw/zh/ebook/iBMVIqmTtjmYjH2oJl_r8A?sId=a5de5731-5018-4872-aff3-ce681d7c597e
2025-05-15,卡繆,瘟疫（2021最新名家譯本，卡繆對疫情下被禁錮人心的鼓舞）,210,9789860777192,https://cdn.kobo.com/book-images/9618975f-d9f0-47af-bd43-571387f8a06a/353/569/90/False/wJ6ORaWSDj60GIzsDTf9Zg.jpg,https://www.kobo.com/tw/zh/ebook/wJ6ORaWSDj60GIzsDTf9Zg?sId=a5de5731-5018-4872-aff3-ce681d7c597e
2025-05-15,卡繆,薛西弗斯的神話：卡繆的荒謬哲學,230,3120000000285,https://cdn.kobo.com/book-images/8cfb868b-d1ce-428f-9dc1-8a7b0724f790/353/569/90/False/dz7TJXld6DK-tFChkyuNug.jpg,https://www.kobo.com/tw/zh/ebook/dz7TJXld6DK-tFChkyuNug?sId=a5de5731-5018-4872-aff3-ce681d7c597e
2025-05-15,卡繆,正義者（首次出版，法文直譯名家譯本，卡繆展現對正義與反抗的考驗）,,9789860777161,https://cdn.kobo.com/book-images/9291fc65-996d-4a27-83f4-a141c345d8cb/353/569/90/False/QQT3HgwFsT2xefv4IRMF9w.jpg,https://www.kobo.com/tw/zh/ebook/QQT3HgwFsT2xefv4IRMF9w?sId=a5de5731-5018-4872-aff3-ce681d7c597e
2025-05-15,卡繆,卡繆荒謬與反抗系列作品全集套書：荒謬系列四部曲《異鄉人》《薛西弗斯的神話》《卡里古拉》《誤會》＋反抗系列三部曲《瘟疫》《反抗者》《正義者》【全新法文名家直譯，首次完整出版，親炙完整的卡繆荒謬哲學】,1200,3150000000694,https://cdn.kobo.com/book-images/76f16f12-492e-4435-b792-e97bba1721d5/353/569/90/False/Kx45Q5lYKTqv_nEYbdwV2A.jpg,https://www.kobo.com/tw/zh/ebook/Kx45Q5lYKTqv_nEYbdwV2A?sId=a5de5731-5018-4872-aff3-ce681d7c597e
2025-05-15,卡繆,卡繆反抗三部曲套書：《瘟疫》＋《反抗者》＋《正義者》【全新法文名家直譯，首次完整出版，親炙完整的卡繆反抗思想】,575,3150000000687,https://cdn.kobo.com/book-images/9f980967-d3c1-4ac0-9f8c-f8e0ccbbcc60/353/569/90/False/B1m2jKOONjKjTMVkT5k1NQ.jpg,https://www.kobo.com/tw/zh/ebook/B1m2jKOONjKjTMVkT5k1NQ?sId=a5de5731-5018-4872-aff3-ce681d7c597e
2025-05-15,卡繆,薛西弗斯的神話,166,3150000000396,https://cdn.kobo.com/book-images/71d8cd60-c407-4367-bced-a36718fcf86f/353/569/90/False/t0r8j-Ym4jee3YDu96AA1w.jpg,https://www.kobo.com/tw/zh/ebook/t0r8j-Ym4jee3YDu96AA1w?sId=a5de5731-5018-4872-aff3-ce681d7c597e
2025-05-15,卡繆,薛西弗斯的神話：點燃希望的哲學頌歌，法國七星文庫權威譯本【傅雷翻譯獎典藏版】,266,9786267596456,https://cdn.kobo.com/book-images/6ccfbf88-73ae-4691-b256-38387994ae56/353/569/90/False/7fFjSyTP9zKPTx3GcPFpfw.jpg,https://www.kobo.com/tw/zh/ebook/7fFjSyTP9zKPTx3GcPFpfw?sId=a5de5731-5018-4872-aff3-ce681d7c597e
2025-05-15,卡繆,鼠疫,210,3119861737522,https://cdn.kobo.com/book-images/56a09ae8-dac7-4eb0-9dde-b427a5a1aacb/353/569/90/False/tGTtah0cyzKVQIXzpZ7NTQ.jpg,https://www.kobo.com/tw/zh/ebook/tGTtah0cyzKVQIXzpZ7NTQ?sId=a5de5731-5018-4872-aff3-ce681d7c597e
2025-05-15,卡繆,快樂的死,175,3120000000639,https://cdn.kobo.com/book-images/57e8ecec-6b0d-4586-882a-1f7699f9b494/353/569/90/False/gnS7T3tgLTS1t3eLSRBEeA.jpg,https://www.kobo.com/tw/zh/ebook/gnS7T3tgLTS1t3eLSRBEeA?sId=a5de5731-5018-4872-aff3-ce681d7c597e
2025-05-15,卡繆,誤會【1957年諾貝爾文學獎得主面對自我放逐之旅的核心之作】,155,9786267118139,https://cdn.kobo.com/book-images/f35af051-fd52-4e22-a2df-d19abd3abf6e/353/569/90/False/XznH9zQdijG-RQoi9MTYng.jpg,https://www.kobo.com/tw/zh/ebook/XznH9zQdijG-RQoi9MTYng?sId=59891d9e-56b1-46e4-be19-5b5a368e4eaa
2025-05-15,卡繆,卡里古拉【1957年諾貝爾文學獎得主描摹荒謬的經典代表作,166,9786267118108,https://cdn.kobo.com/book-images/228a6362-9e74-450c-806f-26d0291b0115/353/569/90/False/bUv8_ShWSDyzoufG54r66g.jpg,https://www.kobo.com/tw/zh/ebook/bUv8_ShWSDyzoufG54r66g?sId=59891d9e-56b1-46e4-be19-5b5a368e4eaa
2025-05-15,卡繆,放逐與王國：卡繆短篇小說,260,9789865482541,https://cdn.kobo.com/book-images/033f901a-cea5-456e-9a5c-534f67c7dd33/353/569/90/False/SmaLhyIaRTOPTVVkw9jskg.jpg,https://www.kobo.com/tw/zh/ebook/SmaLhyIaRTOPTVVkw9jskg?sId=59891d9e-56b1-46e4-be19-5b5a368e4eaa
2025-05-15,卡繆,異鄉人,179,3039571384641,https://cdn.kobo.com/book-images/81e2cbee-7fb1-445c-8a9a-54f11683b376/353/569/90/False/wUn6RJK3RjCYH8YflJqYFw.jpg,https://www.kobo.com/tw/zh/ebook/wUn6RJK3RjCYH8YflJqYFw?sId=59891d9e-56b1-46e4-be19-5b5a368e4eaa
2025-05-15,卡繆,鼠疫【全新名家譯本】（特別收錄哲學解析〈一部存在主義小說的後現代閱讀〉）,266,9789864895434,https://cdn.kobo.com/book-images/f4d068a2-498d-4817-97dd-d7492dc32b10/353/569/90/False/K9cd87y5oDGaSXDvYBOiAg.jpg,https://www.kobo.com/tw/zh/ebook/K9cd87y5oDGaSXDvYBOiAg?sId=59891d9e-56b1-46e4-be19-5b5a368e4eaa
2025-05-15,卡繆,反抗者（新版）,210,3150000000392,https://cdn.kobo.com/book-images/0169f08d-1636-4fe9-865e-ac9323facfa7/353/569/90/False/dnhkQv1woTKBLngzg4RbMg.jpg,https://www.kobo.com/tw/zh/ebook/dnhkQv1woTKBLngzg4RbMg?sId=59891d9e-56b1-46e4-be19-5b5a368e4eaa
2025-05-15,卡繆,異鄉人【獨家收錄沙特評論・2022全新名家譯本】,196,9789864896073,https://cdn.kobo.com/book-images/a71e071c-2ddd-47b0-ba0d-0ad67a3261c3/353/569/90/False/VQ2InesBOjKI-Xv96viLqA.jpg,https://www.kobo.com/tw/zh/ebook/VQ2InesBOjKI-Xv96viLqA?sId=59891d9e-56b1-46e4-be19-5b5a368e4eaa
2025-05-15,卡繆,瘟疫（名家經典新譯）,228,9789865482473,https://cdn.kobo.com/book-images/edbaf1b0-60cf-4781-90e1-dcb3d6358348/353/569/90/False/XSi3S6nkVz2SFyXwXYLq1g.jpg,https://www.kobo.com/tw/zh/ebook/XSi3S6nkVz2SFyXwXYLq1g?sId=59891d9e-56b1-46e4-be19-5b5a368e4eaa
2025-05-15,卡繆,異鄉人（卡繆經典暢銷作․中文版有聲書首度上市）,220,9789863449263,https://cdn.kobo.com/book-images/a910e55d-8df0-43d3-8ef2-df7dc21d51ba/353/569/90/False/t1OO6Q03qjuX0wfMsaUVPg.jpg,https://www.kobo.com/tw/zh/audiobook/t1OO6Q03qjuX0wfMsaUVPg?sId=59891d9e-56b1-46e4-be19-5b5a368e4eaa
2025-05-15,卡繆,異鄉人：最值得珍藏的名家譯本,224,3119864778287,https://cdn.kobo.com/book-images/59186bf1-d059-4aeb-afcb-36b164712ef7/353/569/90/False/XRU3eRrUUD6pvlI4liPZbg.jpg,https://www.kobo.com/tw/zh/ebook/XRU3eRrUUD6pvlI4liPZbg?sId=59891d9e-56b1-46e4-be19-5b5a368e4eaa
2025-05-15,卡繆,鼠疫（卡繆經典暢銷作․中文版有聲書首度上市）,300,9789863449270,https://cdn.kobo.com/book-images/ba766fe2-65df-4d69-83bc-798bf2340c10/353/569/90/False/AMe0qKS-yzinEfp_ItutUg.jpg,https://www.kobo.com/tw/zh/audiobook/AMe0qKS-yzinEfp_ItutUg?sId=59891d9e-56b1-46e4-be19-5b5a368e4eaa
2025-05-15,卡繆,瘟疫,210,9789861785516,https://cdn.kobo.com/book-images/8d4f032e-dd57-4b50-a7d8-07f8e494bce5/353/569/90/False/sQ5ce_0gtz-yiFpE7SxWag.jpg,https://www.kobo.com/tw/zh/ebook/sQ5ce_0gtz-yiFpE7SxWag?sId=59891d9e-56b1-46e4-be19-5b5a368e4eaa
2025-05-15,卡繆,放逐與王國,210,9789863874133,https://cdn.kobo.com/book-images/5f1ba02d-68c9-4aa5-85ab-824c904439e9/353/569/90/False/RVGALpaZsjaTbCo1SdZXqw.jpg,https://www.kobo.com/tw/zh/ebook/RVGALpaZsjaTbCo1SdZXqw?sId=d82cf6ce-dbb1-44e5-969c-7d9245d67bb9
2025-05-15,卡繆,異鄉人,170,6849862272770,https://cdn.kobo.com/book-images/2f2b24f2-6a61-4ae2-a409-29c8eb0bc992/353/569/90/False/GYi3emouATurt5CEXNGY7A.jpg,https://www.kobo.com/tw/zh/ebook/GYi3emouATurt5CEXNGY7A?sId=d82cf6ce-dbb1-44e5-969c-7d9245d67bb9
2025-05-15,卡繆,第一人：《異鄉人》存在主義大師的最後遺作！沒讀過《第一人》，就無法了解真正的卡繆！,360,7435000003050,https://cdn.kobo.com/book-images/1000dae4-0e54-4613-994a-2ca68f225aaf/353/569/90/False/mBrCwjCDbT-OmxW_MxQCPg.jpg,https://www.kobo.com/tw/zh/audiobook/mBrCwjCDbT-OmxW_MxQCPg?sId=d82cf6ce-dbb1-44e5-969c-7d9245d67bb9
2025-05-15,卡繆,墮落,182,9789861787558,https://cdn.kobo.com/book-images/023f55c5-13cf-4e65-aaa2-e1d0eebea177/353/569/90/False/ie-dvcJKuTWxECoQpt7ptg.jpg,https://www.kobo.com/tw/zh/ebook/ie-dvcJKuTWxECoQpt7ptg?sId=d82cf6ce-dbb1-44e5-969c-7d9245d67bb9
2025-05-15,卡繆,異鄉人：荒謬三部曲，首部,210,7384000000024,https://cdn.kobo.com/book-images/12dc1249-e584-452a-a159-54be7be82c4d/353/569/90/False/MDkYBsM0cTm5Kq9j-44S0A.jpg,https://www.kobo.com/tw/zh/audiobook/MDkYBsM0cTm5Kq9j-44S0A?sId=d82cf6ce-dbb1-44e5-969c-7d9245d67bb9
2025-05-15,簡媜,十種寂寞,252,7390863873877,https://cdn.kobo.com/book-images/137d5050-a414-4644-a453-8236a3c7338c/353/569/90/False/SS3f6q_OmzG6ixjEoQQSBw.jpg,https://www.kobo.com/tw/zh/ebook/SS3f6q_OmzG6ixjEoQQSBw?sId=5d943ea8-fb6b-49e6-a0a6-fea723e725dc
2025-05-15,簡媜,女兒紅,196,9789863874096,https://cdn.kobo.com/book-images/73163054-0990-4413-b92d-a3d20f20ebaa/353/569/90/False/DBqadeV-gT-bmmVuqDItJg.jpg,https://www.kobo.com/tw/zh/ebook/DBqadeV-gT-bmmVuqDItJg?sId=5d943ea8-fb6b-49e6-a0a6-fea723e725dc
2025-05-15,簡媜,我為你灑下月光,336,7390863872337,https://cdn.kobo.com/book-images/8d8c685d-f3c5-4e43-a07c-4a7a91f5ad22/353/569/90/False/RBqeU8INXTCG7D8npjR0bw.jpg,https://www.kobo.com/tw/zh/ebook/RBqeU8INXTCG7D8npjR0bw?sId=5d943ea8-fb6b-49e6-a0a6-fea723e725dc
2025-05-15,簡媜,夢遊書,196,9789863874546,https://cdn.kobo.com/book-images/df1c79f2-8ad2-4ed8-9f37-293c81359dd8/353/569/90/False/p_nX7y-6_D6gGQiQ7O__sw.jpg,https://www.kobo.com/tw/zh/ebook/p_nX7y-6_D6gGQiQ7O__sw?sId=5d943ea8-fb6b-49e6-a0a6-fea723e725dc
2025-05-15,簡媜,老師的十二樣見面禮,224,7390866873232,https://cdn.kobo.com/book-images/912cffcc-12b7-4881-820d-605be5c0f456/353/569/90/False/Opeot0Gw9zeKOcdaOXIiCg.jpg,https://www.kobo.com/tw/zh/ebook/Opeot0Gw9zeKOcdaOXIiCg?sId=5d943ea8-fb6b-49e6-a0a6-fea723e725dc
2025-05-15,簡媜,紅嬰仔：一個女人和她的育嬰史,252,7390863873068,https://cdn.kobo.com/book-images/4c769dfc-5feb-45bb-bad9-d22ff6fe4425/353/569/90/False/3-XKV53DSzqry1rJm_LJEA.jpg,https://www.kobo.com/tw/zh/ebook/3-XKV53DSzqry1rJm_LJEA?sId=5d943ea8-fb6b-49e6-a0a6-fea723e725dc
2025-05-15,簡媜,與歲月同等心跳,210,9789863877479,https://cdn.kobo.com/book-images/5dc05880-531e-4ce8-9a89-99be05f5d02b/353/569/90/False/1Cgc_XKbQj6NkWrPuaKd2g.jpg,https://www.kobo.com/tw/zh/ebook/1Cgc_XKbQj6NkWrPuaKd2g?sId=5d943ea8-fb6b-49e6-a0a6-fea723e725dc
2025-05-15,簡媜,誰在銀閃閃的地方，等你（增訂版）,392,9789863876021,https://cdn.kobo.com/book-images/18d8f7d3-ad8d-4473-b1b7-aba2ada08383/353/569/90/False/tyYjDkeqiza61CrkeCJu7w.jpg,https://www.kobo.com/tw/zh/ebook/tyYjDkeqiza61CrkeCJu7w?sId=5d943ea8-fb6b-49e6-a0a6-fea723e725dc
2025-05-15,簡媜,一個人漫遊，古典森林,315,9789863877745,https://cdn.kobo.com/book-images/0c528bc8-18ea-46e3-acf0-f4c80125be95/353/569/90/False/Yyl9S4wUuDu8rltsfwH3UQ.jpg,https://www.kobo.com/tw/zh/ebook/Yyl9S4wUuDu8rltsfwH3UQ?sId=5d943ea8-fb6b-49e6-a0a6-fea723e725dc
2025-05-15,簡媜,胭脂盆地,196,9789863874553,https://cdn.kobo.com/book-images/0ce65bd8-31e7-48ec-b6c2-f3b4da8f4cb7/353/569/90/False/_jcUd4QT3T6w0ZguwcDvlg.jpg,https://www.kobo.com/tw/zh/ebook/_jcUd4QT3T6w0ZguwcDvlg?sId=5d943ea8-fb6b-49e6-a0a6-fea723e725dc
2025-05-15,簡媜,旅人之歌——神遊山水詩,210,9789863877516,https://cdn.kobo.com/book-images/ba7b0973-6125-415b-91a8-f4910ba8f09b/353/569/90/False/BEgyL0ETLzSJLhvVE5yKmQ.jpg,https://www.kobo.com/tw/zh/ebook/BEgyL0ETLzSJLhvVE5yKmQ?sId=5d943ea8-fb6b-49e6-a0a6-fea723e725dc
2025-05-15,簡媜,老師的十二樣見面禮（增訂版）,329,9789863876236,https://cdn.kobo.com/book-images/5ddd0b2a-a9d1-403d-92c3-60f91baba3c6/353/569/90/False/7r6In9z6kTuCg3twvvZA2g.jpg,https://www.kobo.com/tw/zh/ebook/7r6In9z6kTuCg3twvvZA2g?sId=5d943ea8-fb6b-49e6-a0a6-fea723e725dc
2025-05-15,簡媜,吃朋友,245,7390866631382,https://cdn.kobo.com/book-images/03cd221a-bef1-420d-96fa-a1ff5f2ec5f8/353/569/90/False/5xrS1tW6YT6YFfX6xajasQ.jpg,https://www.kobo.com/tw/zh/ebook/5xrS1tW6YT6YFfX6xajasQ?sId=23d7e097-7d1a-4759-9a1a-4bcad1a8d3c1
2025-05-15,簡媜,密密語,280,9789863876953,https://cdn.kobo.com/book-images/76e8fe19-e84d-4b62-9707-03393a023486/353/569/90/False/mMg1YwJL9TemPTAVwHZbvw.jpg,https://www.kobo.com/tw/zh/ebook/mMg1YwJL9TemPTAVwHZbvw?sId=23d7e097-7d1a-4759-9a1a-4bcad1a8d3c1
2025-05-15,簡媜,微暈的樹林,210,9789863875857,https://cdn.kobo.com/book-images/df67a2d3-dab3-4ea6-bdd2-0f0e2b62a151/353/569/90/False/lRjcIazDljKdQZof57Hd9A.jpg,https://www.kobo.com/tw/zh/ebook/lRjcIazDljKdQZof57Hd9A?sId=23d7e097-7d1a-4759-9a1a-4bcad1a8d3c1
2025-05-15,簡媜,下午茶,160,9789863876946,https://cdn.kobo.com/book-images/84781262-e7bd-4d10-a3c7-d19910fafa73/353/569/90/False/5iBW0pa_Wj2IztG5D0yKyw.jpg,https://www.kobo.com/tw/zh/ebook/5iBW0pa_Wj2IztG5D0yKyw?sId=23d7e097-7d1a-4759-9a1a-4bcad1a8d3c1
2025-05-15,簡媜,天涯海角──福爾摩沙抒情誌,245,7390863873471,https://cdn.kobo.com/book-images/af00ba7f-99c1-44ae-b3d3-81c4e6e37430/353/569/90/False/y2QggT-GWz28HjuY_ABx1w.jpg,https://www.kobo.com/tw/zh/ebook/y2QggT-GWz28HjuY_ABx1w?sId=23d7e097-7d1a-4759-9a1a-4bcad1a8d3c1
2025-05-15,簡媜,舊情復燃,220,9789863876380,https://cdn.kobo.com/book-images/97241a9a-8187-4195-a573-9a921c04b9cc/353/569/90/False/wieReZ4jqT2vpPAPLsLmkA.jpg,https://www.kobo.com/tw/zh/ebook/wieReZ4jqT2vpPAPLsLmkA?sId=23d7e097-7d1a-4759-9a1a-4bcad1a8d3c1
2025-05-15,簡媜,月娘照眠牀,220,9789863875314,https://cdn.kobo.com/book-images/1dc984df-000f-4cfb-86bf-d71ead052b02/353/569/90/False/yifYBw_kEz-sjWx9O6wmTg.jpg,https://www.kobo.com/tw/zh/ebook/yifYBw_kEz-sjWx9O6wmTg?sId=23d7e097-7d1a-4759-9a1a-4bcad1a8d3c1
2025-05-15,簡媜,只緣身在此山中,224,9789863874911,https://cdn.kobo.com/book-images/a21ea0b7-2449-4d16-b4db-1aa18c1993f3/353/569/90/False/JR_gAXmObD6EROWQrNPmjw.jpg,https://www.kobo.com/tw/zh/ebook/JR_gAXmObD6EROWQrNPmjw?sId=23d7e097-7d1a-4759-9a1a-4bcad1a8d3c1
2025-05-15,簡媜,好一座浮島,210,9789863875666,https://cdn.kobo.com/book-images/dcfdfd36-7d3d-4201-89ab-681303731c15/353/569/90/False/tR63QOkIkjSZNYP1XN8qJQ.jpg,https://www.kobo.com/tw/zh/ebook/tR63QOkIkjSZNYP1XN8qJQ?sId=23d7e097-7d1a-4759-9a1a-4bcad1a8d3c1
2025-05-15,赫曼．赫塞,流浪者之歌／悉達多,252,9786267095010,https://cdn.kobo.com/book-images/3f321736-62ab-46cb-ae65-dabe29f7eea4/353/569/90/False/BZkTJbpWnTWsH4_ozeT9vA.jpg,https://www.kobo.com/tw/zh/ebook/BZkTJbpWnTWsH4_ozeT9vA?sId=75cef0e5-4ccb-4d6f-944b-f1de8b303436
2025-05-15,赫曼．赫塞,德米安：徬徨少年時 (告別徬徨，堅定地做你自己。全新無刪減完整譯本，慕尼黑大學圖書館愛藏版),245,3069869881963,https://cdn.kobo.com/book-images/a809baf5-4e7d-43c9-96e5-7d69fa248b50/353/569/90/False/6fn5ArUqVjSw56cshygW_Q.jpg,https://www.kobo.com/tw/zh/ebook/6fn5ArUqVjSw56cshygW_Q?sId=75cef0e5-4ccb-4d6f-944b-f1de8b303436
2025-05-15,赫曼．赫塞,流浪者之歌（首度德文直譯本）,210,3090000000515,https://cdn.kobo.com/book-images/f601d38b-894e-436d-852c-e48f41d06a75/353/569/90/False/uWrynH7_LjCJaQT5rWrZjg.jpg,https://www.kobo.com/tw/zh/ebook/uWrynH7_LjCJaQT5rWrZjg?sId=75cef0e5-4ccb-4d6f-944b-f1de8b303436
2025-05-15,赫曼．赫塞,赫曼赫塞童話故事集,250,3119864773930,https://cdn.kobo.com/book-images/5f4ae374-cda4-4a0c-a27f-58f4eb5939e0/353/569/90/False/fUpsq8DF8Tq5Lguv3pHWuQ.jpg,https://www.kobo.com/tw/zh/ebook/fUpsq8DF8Tq5Lguv3pHWuQ?sId=75cef0e5-4ccb-4d6f-944b-f1de8b303436
2025-05-15,赫曼．赫塞,流浪者之歌【感動解讀版】,400,9786269936137,https://cdn.kobo.com/book-images/921c4663-8c49-4f8f-a61f-e24755dbae11/353/569/90/False/JNfPTDEjDz-tAMfp3Egokg.jpg,https://www.kobo.com/tw/zh/ebook/JNfPTDEjDz-tAMfp3Egokg?sId=75cef0e5-4ccb-4d6f-944b-f1de8b303436
2025-05-15,赫曼．赫塞,園圃之歌：諾貝爾文學獎大師赫曼．赫塞的自然哲思與手繪詩畫,266,9786269638079,https://cdn.kobo.com/book-images/f7453d28-8edd-4d0b-87ae-3f947835f381/353/569/90/False/jHi5IlslGTmTLqpPkwxScQ.jpg,https://www.kobo.com/tw/zh/ebook/jHi5IlslGTmTLqpPkwxScQ?sId=75cef0e5-4ccb-4d6f-944b-f1de8b303436
2025-05-15,赫曼．赫塞,悉達多【獨家收錄保羅．科爾賀專文導讀、林懷民繆思分享】：一首印度的詩（流浪者之歌）,196,9789864895397,https://cdn.kobo.com/book-images/827cfb45-6d4c-43cb-866a-eb45ca8c20c7/353/569/90/False/8X4BYN4ZszavG3vs7B0Jdg.jpg,https://www.kobo.com/tw/zh/ebook/8X4BYN4ZszavG3vs7B0Jdg?sId=75cef0e5-4ccb-4d6f-944b-f1de8b303436
2025-05-15,赫曼．赫塞,德米安【獨家收錄詹姆斯・法蘭科專文導讀】：埃米爾．辛克萊年少時的故事（徬徨少年時）,210,9789864895403,https://cdn.kobo.com/book-images/ae0cd56f-8ec4-4e2d-bc97-29ea34073182/353/569/90/False/ib-jIoEV2Dqm0I1tAc6TWQ.jpg,https://www.kobo.com/tw/zh/ebook/ib-jIoEV2Dqm0I1tAc6TWQ?sId=75cef0e5-4ccb-4d6f-944b-f1de8b303436
2025-05-15,赫曼．赫塞,流浪者之歌,245,9786263744417,https://cdn.kobo.com/book-images/dbaffb64-2df7-46df-9836-4b43eb375d74/353/569/90/False/SSmAUWRnWD-200t2EoH_qQ.jpg,https://www.kobo.com/tw/zh/ebook/SSmAUWRnWD-200t2EoH_qQ?sId=75cef0e5-4ccb-4d6f-944b-f1de8b303436
2025-05-15,赫曼．赫塞,荒野之狼（首度德文直譯本）,245,3090000005737,https://cdn.kobo.com/book-images/449cd682-c515-465f-b6f3-c5b59e8310e3/353/569/90/False/VFQPtyjUrTGJSlcoqoICxg.jpg,https://www.kobo.com/tw/zh/ebook/VFQPtyjUrTGJSlcoqoICxg?sId=75cef0e5-4ccb-4d6f-944b-f1de8b303436
2025-05-15,赫曼．赫塞,荒野之狼,315,9786263966987,https://cdn.kobo.com/book-images/3bb495e7-b3a7-490f-be56-c4e3d0755850/353/569/90/False/8qvh-uvBNjeQ5sV5LtVHdw.jpg,https://www.kobo.com/tw/zh/ebook/8qvh-uvBNjeQ5sV5LtVHdw?sId=75cef0e5-4ccb-4d6f-944b-f1de8b303436
2025-05-15,赫曼．赫塞,德米安：彷徨少年時,228,7289867101822,https://cdn.kobo.com/book-images/897fa0c7-1c7f-4005-9de8-784febd6e287/353/569/90/False/ZNYK-tlfkD-IZy3hlnFJAw.jpg,https://www.kobo.com/tw/zh/ebook/ZNYK-tlfkD-IZy3hlnFJAw?sId=75cef0e5-4ccb-4d6f-944b-f1de8b303436
2025-05-15,赫曼．赫塞,在書中發現自己的靈魂：慢讀赫塞,250,3128000000104,https://cdn.kobo.com/book-images/5139dd71-3f40-4bbf-aaa6-752447892743/353/569/90/False/mj-jE6bxOTazX9ad0uwE7g.jpg,https://www.kobo.com/tw/zh/ebook/mj-jE6bxOTazX9ad0uwE7g?sId=c79782a5-a5f9-4232-96a4-d279e688b11a
2025-05-15,赫曼．赫塞,徬徨少年時（德文直譯本）,196,3090000030292,https://cdn.kobo.com/book-images/0eb8b492-c683-4d13-8a2e-40fd1872ced9/353/569/90/False/p9r2phjlUzO8q-gEc3Ysmg.jpg,https://www.kobo.com/tw/zh/ebook/p9r2phjlUzO8q-gEc3Ysmg?sId=c79782a5-a5f9-4232-96a4-d279e688b11a
2025-05-15,赫曼．赫塞,車輪下（首度德文直譯本）,210,3090000000590,https://cdn.kobo.com/book-images/40dde703-286a-487c-acca-3d0e177e4d0a/353/569/90/False/iRXS-e-7fzumzrZdY8d_8Q.jpg,https://www.kobo.com/tw/zh/ebook/iRXS-e-7fzumzrZdY8d_8Q?sId=c79782a5-a5f9-4232-96a4-d279e688b11a
2025-05-15,赫曼．赫塞,鄉愁（德文直譯本）,196,3090000006527,https://cdn.kobo.com/book-images/567c8c31-ebf2-4ffb-a5b1-7e294bb27479/353/569/90/False/By8ilup3JjmH2kf5ty2N8g.jpg,https://www.kobo.com/tw/zh/ebook/By8ilup3JjmH2kf5ty2N8g?sId=c79782a5-a5f9-4232-96a4-d279e688b11a
2025-05-15,赫曼．赫塞,悠遊之歌（三版）,175,9789864023936,https://cdn.kobo.com/book-images/e52679bc-171d-45f8-bf8a-8a159a9891ed/353/569/90/False/UHZLCrSJATqst2fZDCkzBA.jpg,https://www.kobo.com/tw/zh/ebook/UHZLCrSJATqst2fZDCkzBA?sId=c79782a5-a5f9-4232-96a4-d279e688b11a
2025-05-15,赫曼．赫塞,生命之歌,210,3090000000496,https://cdn.kobo.com/book-images/cab95401-af95-4f91-9d80-41eee92dade2/353/569/90/False/kfbDCDZ4SD6jxk-LU1ireg.jpg,https://www.kobo.com/tw/zh/ebook/kfbDCDZ4SD6jxk-LU1ireg?sId=c79782a5-a5f9-4232-96a4-d279e688b11a
2025-05-15,赫曼．赫塞,中學生好享讀：諾貝爾大師短篇小說選,225,6709863201113,https://cdn.kobo.com/book-images/f48eb899-1243-4d56-a687-e9d45c5de9ef/353/569/90/False/pnJCPVTatTGHkaHGe4iYMw.jpg,https://www.kobo.com/tw/zh/ebook/pnJCPVTatTGHkaHGe4iYMw?sId=c79782a5-a5f9-4232-96a4-d279e688b11a
2025-05-15,赫曼．赫塞,荒野之狼（德文新譯本）,294,3119864771400,https://cdn.kobo.com/book-images/c81844a1-3034-4867-a324-b6f0bd00c252/353/569/90/False/6g6wxeuiYjuWU71oa_5Mzg.jpg,https://www.kobo.com/tw/zh/ebook/6g6wxeuiYjuWU71oa_5Mzg?sId=c79782a5-a5f9-4232-96a4-d279e688b11a
2025-05-15,赫曼．赫塞,徬徨少年時,175,3090000000352,https://cdn.kobo.com/book-images/b98f888a-ae90-4674-8796-0c691b798c30/353/569/90/False/3cIVTFd3fz6t9pp0NaJsyA.jpg,https://www.kobo.com/tw/zh/ebook/3cIVTFd3fz6t9pp0NaJsyA?sId=c79782a5-a5f9-4232-96a4-d279e688b11a
2025-05-15,赫曼．赫塞,悉達多：一首印度的詩（流浪者之歌）,210,7384000000026,https://cdn.kobo.com/book-images/2ebd8c79-acb7-430a-abd8-3998815f26dd/353/569/90/False/5P5w8osOvzauH183YElyCw.jpg,https://www.kobo.com/tw/zh/audiobook/5P5w8osOvzauH183YElyCw?sId=c79782a5-a5f9-4232-96a4-d279e688b11a
2025-05-15,赫曼．赫塞,德米安：埃米爾．辛克萊年少時的故事（徬徨少年時）,210,7384000000027,https://cdn.kobo.com/book-images/e921900f-2bfe-42d8-8547-198c1b3b42b1/353/569/90/False/pO0YjhmJajyGRrdkzlKsnA.jpg,https://www.kobo.com/tw/zh/audiobook/pO0YjhmJajyGRrdkzlKsnA?sId=c79782a5-a5f9-4232-96a4-d279e688b11a
2025-05-16,卡繆,異鄉人（卡繆版書衣）,154,3119861735450,https://cdn.kobo.com/book-images/24099253-90bc-4d80-8825-f6300e8b806f/353/569/90/False/gb2hSkF1KDGjqz18oam2aA.jpg,https://www.kobo.com/tw/zh/ebook/gb2hSkF1KDGjqz18oam2aA?sId=7132d131-5f76-4a72-aad5-78891940c84e
2025-05-16,卡繆,卡繆荒謬系列四部曲套書：《異鄉人》＋《薛西弗斯的神話》＋《卡里古拉》＋《誤會》【全新法文名家直譯，首次完整出版，親炙完整的卡繆荒謬哲學】,625,3150000000693,https://cdn.kobo.com/book-images/462128f0-194c-4f37-91e4-c9cdfbe0d7b2/353/569/90/False/iBMVIqmTtjmYjH2oJl_r8A.jpg,https://www.kobo.com/tw/zh/ebook/iBMVIqmTtjmYjH2oJl_r8A?sId=7132d131-5f76-4a72-aad5-78891940c84e
2025-05-16,卡繆,異鄉人（2020全新名家譯本，再現卡繆字句推敲的原義）,138,3150000000617,https://cdn.kobo.com/book-images/883f0dcf-e5f7-4dfe-b300-8d725a8da70d/353/569/90/False/0GQk9bH6VzyLV0Q9Faysow.jpg,https://www.kobo.com/tw/zh/ebook/0GQk9bH6VzyLV0Q9Faysow?sId=7132d131-5f76-4a72-aad5-78891940c84e
2025-05-16,卡繆,瘟疫（2021最新名家譯本，卡繆對疫情下被禁錮人心的鼓舞）,210,9789860777192,https://cdn.kobo.com/book-images/9618975f-d9f0-47af-bd43-571387f8a06a/353/569/90/False/wJ6ORaWSDj60GIzsDTf9Zg.jpg,https://www.kobo.com/tw/zh/ebook/wJ6ORaWSDj60GIzsDTf9Zg?sId=7132d131-5f76-4a72-aad5-78891940c84e
2025-05-16,卡繆,薛西弗斯的神話：卡繆的荒謬哲學,230,3120000000285,https://cdn.kobo.com/book-images/8cfb868b-d1ce-428f-9dc1-8a7b0724f790/353/569/90/False/dz7TJXld6DK-tFChkyuNug.jpg,https://www.kobo.com/tw/zh/ebook/dz7TJXld6DK-tFChkyuNug?sId=7132d131-5f76-4a72-aad5-78891940c84e
2025-05-16,卡繆,正義者（首次出版，法文直譯名家譯本，卡繆展現對正義與反抗的考驗）,155,9789860777161,https://cdn.kobo.com/book-images/9291fc65-996d-4a27-83f4-a141c345d8cb/353/569/90/False/QQT3HgwFsT2xefv4IRMF9w.jpg,https://www.kobo.com/tw/zh/ebook/QQT3HgwFsT2xefv4IRMF9w?sId=7132d131-5f76-4a72-aad5-78891940c84e
2025-05-16,卡繆,卡繆荒謬與反抗系列作品全集套書：荒謬系列四部曲《異鄉人》《薛西弗斯的神話》《卡里古拉》《誤會》＋反抗系列三部曲《瘟疫》《反抗者》《正義者》【全新法文名家直譯，首次完整出版，親炙完整的卡繆荒謬哲學】,1200,3150000000694,https://cdn.kobo.com/book-images/76f16f12-492e-4435-b792-e97bba1721d5/353/569/90/False/Kx45Q5lYKTqv_nEYbdwV2A.jpg,https://www.kobo.com/tw/zh/ebook/Kx45Q5lYKTqv_nEYbdwV2A?sId=7132d131-5f76-4a72-aad5-78891940c84e
2025-05-16,卡繆,薛西弗斯的神話,166,3150000000396,https://cdn.kobo.com/book-images/71d8cd60-c407-4367-bced-a36718fcf86f/353/569/90/False/t0r8j-Ym4jee3YDu96AA1w.jpg,https://www.kobo.com/tw/zh/ebook/t0r8j-Ym4jee3YDu96AA1w?sId=7132d131-5f76-4a72-aad5-78891940c84e
2025-05-16,卡繆,卡繆反抗三部曲套書：《瘟疫》＋《反抗者》＋《正義者》【全新法文名家直譯，首次完整出版，親炙完整的卡繆反抗思想】,575,3150000000687,https://cdn.kobo.com/book-images/9f980967-d3c1-4ac0-9f8c-f8e0ccbbcc60/353/569/90/False/B1m2jKOONjKjTMVkT5k1NQ.jpg,https://www.kobo.com/tw/zh/ebook/B1m2jKOONjKjTMVkT5k1NQ?sId=7132d131-5f76-4a72-aad5-78891940c84e
2025-05-16,卡繆,快樂的死,175,3120000000639,https://cdn.kobo.com/book-images/57e8ecec-6b0d-4586-882a-1f7699f9b494/353/569/90/False/gnS7T3tgLTS1t3eLSRBEeA.jpg,https://www.kobo.com/tw/zh/ebook/gnS7T3tgLTS1t3eLSRBEeA?sId=7132d131-5f76-4a72-aad5-78891940c84e
2025-05-16,卡繆,鼠疫,210,3119861737522,https://cdn.kobo.com/book-images/56a09ae8-dac7-4eb0-9dde-b427a5a1aacb/353/569/90/False/tGTtah0cyzKVQIXzpZ7NTQ.jpg,https://www.kobo.com/tw/zh/ebook/tGTtah0cyzKVQIXzpZ7NTQ?sId=7132d131-5f76-4a72-aad5-78891940c84e
2025-05-16,卡繆,薛西弗斯的神話：點燃希望的哲學頌歌，法國七星文庫權威譯本【傅雷翻譯獎典藏版】,226,9786267596456,https://cdn.kobo.com/book-images/6ccfbf88-73ae-4691-b256-38387994ae56/353/569/90/False/7fFjSyTP9zKPTx3GcPFpfw.jpg,https://www.kobo.com/tw/zh/ebook/7fFjSyTP9zKPTx3GcPFpfw?sId=7132d131-5f76-4a72-aad5-78891940c84e
2025-05-16,卡繆,誤會【1957年諾貝爾文學獎得主面對自我放逐之旅的核心之作】,155,9786267118139,https://cdn.kobo.com/book-images/f35af051-fd52-4e22-a2df-d19abd3abf6e/353/569/90/False/XznH9zQdijG-RQoi9MTYng.jpg,https://www.kobo.com/tw/zh/ebook/XznH9zQdijG-RQoi9MTYng?sId=9c0f31bc-fac1-4b3b-a93a-a535ef9f9e7b
2025-05-16,卡繆,卡里古拉【1957年諾貝爾文學獎得主描摹荒謬的經典代表作,166,9786267118108,https://cdn.kobo.com/book-images/228a6362-9e74-450c-806f-26d0291b0115/353/569/90/False/bUv8_ShWSDyzoufG54r66g.jpg,https://www.kobo.com/tw/zh/ebook/bUv8_ShWSDyzoufG54r66g?sId=9c0f31bc-fac1-4b3b-a93a-a535ef9f9e7b
2025-05-16,卡繆,放逐與王國：卡繆短篇小說,260,9789865482541,https://cdn.kobo.com/book-images/033f901a-cea5-456e-9a5c-534f67c7dd33/353/569/90/False/SmaLhyIaRTOPTVVkw9jskg.jpg,https://www.kobo.com/tw/zh/ebook/SmaLhyIaRTOPTVVkw9jskg?sId=9c0f31bc-fac1-4b3b-a93a-a535ef9f9e7b
2025-05-16,卡繆,異鄉人,179,3039571384641,https://cdn.kobo.com/book-images/81e2cbee-7fb1-445c-8a9a-54f11683b376/353/569/90/False/wUn6RJK3RjCYH8YflJqYFw.jpg,https://www.kobo.com/tw/zh/ebook/wUn6RJK3RjCYH8YflJqYFw?sId=9c0f31bc-fac1-4b3b-a93a-a535ef9f9e7b
2025-05-16,卡繆,鼠疫【全新名家譯本】（特別收錄哲學解析〈一部存在主義小說的後現代閱讀〉）,266,9789864895434,https://cdn.kobo.com/book-images/f4d068a2-498d-4817-97dd-d7492dc32b10/353/569/90/False/K9cd87y5oDGaSXDvYBOiAg.jpg,https://www.kobo.com/tw/zh/ebook/K9cd87y5oDGaSXDvYBOiAg?sId=9c0f31bc-fac1-4b3b-a93a-a535ef9f9e7b
2025-05-16,卡繆,異鄉人【獨家收錄沙特評論・2022全新名家譯本】,196,9789864896073,https://cdn.kobo.com/book-images/a71e071c-2ddd-47b0-ba0d-0ad67a3261c3/353/569/90/False/VQ2InesBOjKI-Xv96viLqA.jpg,https://www.kobo.com/tw/zh/ebook/VQ2InesBOjKI-Xv96viLqA?sId=9c0f31bc-fac1-4b3b-a93a-a535ef9f9e7b
2025-05-16,卡繆,反抗者（新版）,210,3150000000392,https://cdn.kobo.com/book-images/0169f08d-1636-4fe9-865e-ac9323facfa7/353/569/90/False/dnhkQv1woTKBLngzg4RbMg.jpg,https://www.kobo.com/tw/zh/ebook/dnhkQv1woTKBLngzg4RbMg?sId=9c0f31bc-fac1-4b3b-a93a-a535ef9f9e7b
2025-05-16,卡繆,瘟疫（名家經典新譯）,228,9789865482473,https://cdn.kobo.com/book-images/edbaf1b0-60cf-4781-90e1-dcb3d6358348/353/569/90/False/XSi3S6nkVz2SFyXwXYLq1g.jpg,https://www.kobo.com/tw/zh/ebook/XSi3S6nkVz2SFyXwXYLq1g?sId=9c0f31bc-fac1-4b3b-a93a-a535ef9f9e7b
2025-05-16,卡繆,異鄉人（卡繆經典暢銷作․中文版有聲書首度上市）,220,9789863449263,https://cdn.kobo.com/book-images/a910e55d-8df0-43d3-8ef2-df7dc21d51ba/353/569/90/False/t1OO6Q03qjuX0wfMsaUVPg.jpg,https://www.kobo.com/tw/zh/audiobook/t1OO6Q03qjuX0wfMsaUVPg?sId=9c0f31bc-fac1-4b3b-a93a-a535ef9f9e7b
2025-05-16,卡繆,異鄉人：最值得珍藏的名家譯本,224,3119864778287,https://cdn.kobo.com/book-images/59186bf1-d059-4aeb-afcb-36b164712ef7/353/569/90/False/XRU3eRrUUD6pvlI4liPZbg.jpg,https://www.kobo.com/tw/zh/ebook/XRU3eRrUUD6pvlI4liPZbg?sId=9c0f31bc-fac1-4b3b-a93a-a535ef9f9e7b
2025-05-16,卡繆,鼠疫（卡繆經典暢銷作․中文版有聲書首度上市）,300,9789863449270,https://cdn.kobo.com/book-images/ba766fe2-65df-4d69-83bc-798bf2340c10/353/569/90/False/AMe0qKS-yzinEfp_ItutUg.jpg,https://www.kobo.com/tw/zh/audiobook/AMe0qKS-yzinEfp_ItutUg?sId=9c0f31bc-fac1-4b3b-a93a-a535ef9f9e7b
2025-05-16,卡繆,瘟疫,210,9789861785516,https://cdn.kobo.com/book-images/8d4f032e-dd57-4b50-a7d8-07f8e494bce5/353/569/90/False/sQ5ce_0gtz-yiFpE7SxWag.jpg,https://www.kobo.com/tw/zh/ebook/sQ5ce_0gtz-yiFpE7SxWag?sId=9c0f31bc-fac1-4b3b-a93a-a535ef9f9e7b
2025-05-16,卡繆,放逐與王國,210,9789863874133,https://cdn.kobo.com/book-images/5f1ba02d-68c9-4aa5-85ab-824c904439e9/353/569/90/False/RVGALpaZsjaTbCo1SdZXqw.jpg,https://www.kobo.com/tw/zh/ebook/RVGALpaZsjaTbCo1SdZXqw?sId=c6329db4-4b56-453e-952a-f76fd9e0839f
2025-05-16,卡繆,異鄉人,170,6849862272770,https://cdn.kobo.com/book-images/2f2b24f2-6a61-4ae2-a409-29c8eb0bc992/353/569/90/False/GYi3emouATurt5CEXNGY7A.jpg,https://www.kobo.com/tw/zh/ebook/GYi3emouATurt5CEXNGY7A?sId=c6329db4-4b56-453e-952a-f76fd9e0839f
2025-05-16,卡繆,第一人：《異鄉人》存在主義大師的最後遺作！沒讀過《第一人》，就無法了解真正的卡繆！,360,7435000003050,https://cdn.kobo.com/book-images/1000dae4-0e54-4613-994a-2ca68f225aaf/353/569/90/False/mBrCwjCDbT-OmxW_MxQCPg.jpg,https://www.kobo.com/tw/zh/audiobook/mBrCwjCDbT-OmxW_MxQCPg?sId=c6329db4-4b56-453e-952a-f76fd9e0839f
2025-05-16,卡繆,墮落,182,9789861787558,https://cdn.kobo.com/book-images/023f55c5-13cf-4e65-aaa2-e1d0eebea177/353/569/90/False/ie-dvcJKuTWxECoQpt7ptg.jpg,https://www.kobo.com/tw/zh/ebook/ie-dvcJKuTWxECoQpt7ptg?sId=c6329db4-4b56-453e-952a-f76fd9e0839f
2025-05-16,卡繆,異鄉人：荒謬三部曲，首部,210,7384000000024,https://cdn.kobo.com/book-images/12dc1249-e584-452a-a159-54be7be82c4d/353/569/90/False/MDkYBsM0cTm5Kq9j-44S0A.jpg,https://www.kobo.com/tw/zh/audiobook/MDkYBsM0cTm5Kq9j-44S0A?sId=c6329db4-4b56-453e-952a-f76fd9e0839f
2025-05-16,簡媜,女兒紅,196,9789863874096,https://cdn.kobo.com/book-images/73163054-0990-4413-b92d-a3d20f20ebaa/353/569/90/False/DBqadeV-gT-bmmVuqDItJg.jpg,https://www.kobo.com/tw/zh/ebook/DBqadeV-gT-bmmVuqDItJg?sId=5c69c39c-e03c-4a14-87c9-fb7726d98b56
2025-05-16,簡媜,十種寂寞,252,7390863873877,https://cdn.kobo.com/book-images/137d5050-a414-4644-a453-8236a3c7338c/353/569/90/False/SS3f6q_OmzG6ixjEoQQSBw.jpg,https://www.kobo.com/tw/zh/ebook/SS3f6q_OmzG6ixjEoQQSBw?sId=5c69c39c-e03c-4a14-87c9-fb7726d98b56
2025-05-16,簡媜,誰在銀閃閃的地方，等你（增訂版）,392,9789863876021,https://cdn.kobo.com/book-images/18d8f7d3-ad8d-4473-b1b7-aba2ada08383/353/569/90/False/tyYjDkeqiza61CrkeCJu7w.jpg,https://www.kobo.com/tw/zh/ebook/tyYjDkeqiza61CrkeCJu7w?sId=5c69c39c-e03c-4a14-87c9-fb7726d98b56
2025-05-16,簡媜,我為你灑下月光,336,7390863872337,https://cdn.kobo.com/book-images/8d8c685d-f3c5-4e43-a07c-4a7a91f5ad22/353/569/90/False/RBqeU8INXTCG7D8npjR0bw.jpg,https://www.kobo.com/tw/zh/ebook/RBqeU8INXTCG7D8npjR0bw?sId=5c69c39c-e03c-4a14-87c9-fb7726d98b56
2025-05-16,簡媜,夢遊書,196,9789863874546,https://cdn.kobo.com/book-images/df1c79f2-8ad2-4ed8-9f37-293c81359dd8/353/569/90/False/p_nX7y-6_D6gGQiQ7O__sw.jpg,https://www.kobo.com/tw/zh/ebook/p_nX7y-6_D6gGQiQ7O__sw?sId=5c69c39c-e03c-4a14-87c9-fb7726d98b56
2025-05-16,簡媜,老師的十二樣見面禮,224,7390866873232,https://cdn.kobo.com/book-images/912cffcc-12b7-4881-820d-605be5c0f456/353/569/90/False/Opeot0Gw9zeKOcdaOXIiCg.jpg,https://www.kobo.com/tw/zh/ebook/Opeot0Gw9zeKOcdaOXIiCg?sId=5c69c39c-e03c-4a14-87c9-fb7726d98b56
2025-05-16,簡媜,紅嬰仔：一個女人和她的育嬰史,252,7390863873068,https://cdn.kobo.com/book-images/4c769dfc-5feb-45bb-bad9-d22ff6fe4425/353/569/90/False/3-XKV53DSzqry1rJm_LJEA.jpg,https://www.kobo.com/tw/zh/ebook/3-XKV53DSzqry1rJm_LJEA?sId=5c69c39c-e03c-4a14-87c9-fb7726d98b56
2025-05-16,簡媜,與歲月同等心跳,210,9789863877479,https://cdn.kobo.com/book-images/5dc05880-531e-4ce8-9a89-99be05f5d02b/353/569/90/False/1Cgc_XKbQj6NkWrPuaKd2g.jpg,https://www.kobo.com/tw/zh/ebook/1Cgc_XKbQj6NkWrPuaKd2g?sId=5c69c39c-e03c-4a14-87c9-fb7726d98b56
2025-05-16,簡媜,一個人漫遊，古典森林,315,9789863877745,https://cdn.kobo.com/book-images/0c528bc8-18ea-46e3-acf0-f4c80125be95/353/569/90/False/Yyl9S4wUuDu8rltsfwH3UQ.jpg,https://www.kobo.com/tw/zh/ebook/Yyl9S4wUuDu8rltsfwH3UQ?sId=5c69c39c-e03c-4a14-87c9-fb7726d98b56
2025-05-16,簡媜,胭脂盆地,196,9789863874553,https://cdn.kobo.com/book-images/0ce65bd8-31e7-48ec-b6c2-f3b4da8f4cb7/353/569/90/False/_jcUd4QT3T6w0ZguwcDvlg.jpg,https://www.kobo.com/tw/zh/ebook/_jcUd4QT3T6w0ZguwcDvlg?sId=5c69c39c-e03c-4a14-87c9-fb7726d98b56
2025-05-16,簡媜,旅人之歌——神遊山水詩,210,9789863877516,https://cdn.kobo.com/book-images/ba7b0973-6125-415b-91a8-f4910ba8f09b/353/569/90/False/BEgyL0ETLzSJLhvVE5yKmQ.jpg,https://www.kobo.com/tw/zh/ebook/BEgyL0ETLzSJLhvVE5yKmQ?sId=5c69c39c-e03c-4a14-87c9-fb7726d98b56
2025-05-16,簡媜,老師的十二樣見面禮（增訂版）,329,9789863876236,https://cdn.kobo.com/book-images/5ddd0b2a-a9d1-403d-92c3-60f91baba3c6/353/569/90/False/7r6In9z6kTuCg3twvvZA2g.jpg,https://www.kobo.com/tw/zh/ebook/7r6In9z6kTuCg3twvvZA2g?sId=5c69c39c-e03c-4a14-87c9-fb7726d98b56
2025-05-16,簡媜,吃朋友,245,7390866631382,https://cdn.kobo.com/book-images/03cd221a-bef1-420d-96fa-a1ff5f2ec5f8/353/569/90/False/5xrS1tW6YT6YFfX6xajasQ.jpg,https://www.kobo.com/tw/zh/ebook/5xrS1tW6YT6YFfX6xajasQ?sId=d716e99b-f412-4d9f-8cbb-4a3511f04388
2025-05-16,簡媜,密密語,280,9789863876953,https://cdn.kobo.com/book-images/76e8fe19-e84d-4b62-9707-03393a023486/353/569/90/False/mMg1YwJL9TemPTAVwHZbvw.jpg,https://www.kobo.com/tw/zh/ebook/mMg1YwJL9TemPTAVwHZbvw?sId=d716e99b-f412-4d9f-8cbb-4a3511f04388
2025-05-16,簡媜,微暈的樹林,210,9789863875857,https://cdn.kobo.com/book-images/df67a2d3-dab3-4ea6-bdd2-0f0e2b62a151/353/569/90/False/lRjcIazDljKdQZof57Hd9A.jpg,https://www.kobo.com/tw/zh/ebook/lRjcIazDljKdQZof57Hd9A?sId=d716e99b-f412-4d9f-8cbb-4a3511f04388
2025-05-16,簡媜,下午茶,160,9789863876946,https://cdn.kobo.com/book-images/84781262-e7bd-4d10-a3c7-d19910fafa73/353/569/90/False/5iBW0pa_Wj2IztG5D0yKyw.jpg,https://www.kobo.com/tw/zh/ebook/5iBW0pa_Wj2IztG5D0yKyw?sId=d716e99b-f412-4d9f-8cbb-4a3511f04388
2025-05-16,簡媜,天涯海角──福爾摩沙抒情誌,245,7390863873471,https://cdn.kobo.com/book-images/af00ba7f-99c1-44ae-b3d3-81c4e6e37430/353/569/90/False/y2QggT-GWz28HjuY_ABx1w.jpg,https://www.kobo.com/tw/zh/ebook/y2QggT-GWz28HjuY_ABx1w?sId=d716e99b-f412-4d9f-8cbb-4a3511f04388
2025-05-16,簡媜,舊情復燃,220,9789863876380,https://cdn.kobo.com/book-images/97241a9a-8187-4195-a573-9a921c04b9cc/353/569/90/False/wieReZ4jqT2vpPAPLsLmkA.jpg,https://www.kobo.com/tw/zh/ebook/wieReZ4jqT2vpPAPLsLmkA?sId=d716e99b-f412-4d9f-8cbb-4a3511f04388
2025-05-16,簡媜,月娘照眠牀,220,9789863875314,https://cdn.kobo.com/book-images/1dc984df-000f-4cfb-86bf-d71ead052b02/353/569/90/False/yifYBw_kEz-sjWx9O6wmTg.jpg,https://www.kobo.com/tw/zh/ebook/yifYBw_kEz-sjWx9O6wmTg?sId=d716e99b-f412-4d9f-8cbb-4a3511f04388
2025-05-16,簡媜,只緣身在此山中,224,9789863874911,https://cdn.kobo.com/book-images/a21ea0b7-2449-4d16-b4db-1aa18c1993f3/353/569/90/False/JR_gAXmObD6EROWQrNPmjw.jpg,https://www.kobo.com/tw/zh/ebook/JR_gAXmObD6EROWQrNPmjw?sId=d716e99b-f412-4d9f-8cbb-4a3511f04388
2025-05-16,簡媜,好一座浮島,210,9789863875666,https://cdn.kobo.com/book-images/dcfdfd36-7d3d-4201-89ab-681303731c15/353/569/90/False/tR63QOkIkjSZNYP1XN8qJQ.jpg,https://www.kobo.com/tw/zh/ebook/tR63QOkIkjSZNYP1XN8qJQ?sId=d716e99b-f412-4d9f-8cbb-4a3511f04388
2025-05-16,赫曼．赫塞,流浪者之歌／悉達多,214,9786267095010,https://cdn.kobo.com/book-images/3f321736-62ab-46cb-ae65-dabe29f7eea4/353/569/90/False/BZkTJbpWnTWsH4_ozeT9vA.jpg,https://www.kobo.com/tw/zh/ebook/BZkTJbpWnTWsH4_ozeT9vA?sId=73f6c69f-fecb-48a1-a162-0c8d6a2ac851
2025-05-16,赫曼．赫塞,德米安：徬徨少年時 (告別徬徨，堅定地做你自己。全新無刪減完整譯本，慕尼黑大學圖書館愛藏版),245,3069869881963,https://cdn.kobo.com/book-images/a809baf5-4e7d-43c9-96e5-7d69fa248b50/353/569/90/False/6fn5ArUqVjSw56cshygW_Q.jpg,https://www.kobo.com/tw/zh/ebook/6fn5ArUqVjSw56cshygW_Q?sId=73f6c69f-fecb-48a1-a162-0c8d6a2ac851
2025-05-16,赫曼．赫塞,流浪者之歌（首度德文直譯本）,210,3090000000515,https://cdn.kobo.com/book-images/f601d38b-894e-436d-852c-e48f41d06a75/353/569/90/False/uWrynH7_LjCJaQT5rWrZjg.jpg,https://www.kobo.com/tw/zh/ebook/uWrynH7_LjCJaQT5rWrZjg?sId=73f6c69f-fecb-48a1-a162-0c8d6a2ac851
2025-05-16,赫曼．赫塞,赫曼赫塞童話故事集,250,3119864773930,https://cdn.kobo.com/book-images/5f4ae374-cda4-4a0c-a27f-58f4eb5939e0/353/569/90/False/fUpsq8DF8Tq5Lguv3pHWuQ.jpg,https://www.kobo.com/tw/zh/ebook/fUpsq8DF8Tq5Lguv3pHWuQ?sId=73f6c69f-fecb-48a1-a162-0c8d6a2ac851
2025-05-16,赫曼．赫塞,流浪者之歌,245,9786263744417,https://cdn.kobo.com/book-images/dbaffb64-2df7-46df-9836-4b43eb375d74/353/569/90/False/SSmAUWRnWD-200t2EoH_qQ.jpg,https://www.kobo.com/tw/zh/ebook/SSmAUWRnWD-200t2EoH_qQ?sId=73f6c69f-fecb-48a1-a162-0c8d6a2ac851
2025-05-16,赫曼．赫塞,悉達多【獨家收錄保羅．科爾賀專文導讀、林懷民繆思分享】：一首印度的詩（流浪者之歌）,196,9789864895397,https://cdn.kobo.com/book-images/827cfb45-6d4c-43cb-866a-eb45ca8c20c7/353/569/90/False/8X4BYN4ZszavG3vs7B0Jdg.jpg,https://www.kobo.com/tw/zh/ebook/8X4BYN4ZszavG3vs7B0Jdg?sId=73f6c69f-fecb-48a1-a162-0c8d6a2ac851
2025-05-16,赫曼．赫塞,園圃之歌：諾貝爾文學獎大師赫曼．赫塞的自然哲思與手繪詩畫,266,9786269638079,https://cdn.kobo.com/book-images/f7453d28-8edd-4d0b-87ae-3f947835f381/353/569/90/False/jHi5IlslGTmTLqpPkwxScQ.jpg,https://www.kobo.com/tw/zh/ebook/jHi5IlslGTmTLqpPkwxScQ?sId=73f6c69f-fecb-48a1-a162-0c8d6a2ac851
2025-05-16,赫曼．赫塞,流浪者之歌【感動解讀版】,400,9786269936137,https://cdn.kobo.com/book-images/921c4663-8c49-4f8f-a61f-e24755dbae11/353/569/90/False/JNfPTDEjDz-tAMfp3Egokg.jpg,https://www.kobo.com/tw/zh/ebook/JNfPTDEjDz-tAMfp3Egokg?sId=73f6c69f-fecb-48a1-a162-0c8d6a2ac851
2025-05-16,赫曼．赫塞,德米安【獨家收錄詹姆斯・法蘭科專文導讀】：埃米爾．辛克萊年少時的故事（徬徨少年時）,210,9789864895403,https://cdn.kobo.com/book-images/ae0cd56f-8ec4-4e2d-bc97-29ea34073182/353/569/90/False/ib-jIoEV2Dqm0I1tAc6TWQ.jpg,https://www.kobo.com/tw/zh/ebook/ib-jIoEV2Dqm0I1tAc6TWQ?sId=73f6c69f-fecb-48a1-a162-0c8d6a2ac851
2025-05-16,赫曼．赫塞,荒野之狼（首度德文直譯本）,245,3090000005737,https://cdn.kobo.com/book-images/449cd682-c515-465f-b6f3-c5b59e8310e3/353/569/90/False/VFQPtyjUrTGJSlcoqoICxg.jpg,https://www.kobo.com/tw/zh/ebook/VFQPtyjUrTGJSlcoqoICxg?sId=73f6c69f-fecb-48a1-a162-0c8d6a2ac851
2025-05-16,赫曼．赫塞,荒野之狼,315,9786263966987,https://cdn.kobo.com/book-images/3bb495e7-b3a7-490f-be56-c4e3d0755850/353/569/90/False/8qvh-uvBNjeQ5sV5LtVHdw.jpg,https://www.kobo.com/tw/zh/ebook/8qvh-uvBNjeQ5sV5LtVHdw?sId=73f6c69f-fecb-48a1-a162-0c8d6a2ac851
2025-05-16,赫曼．赫塞,德米安：彷徨少年時,228,7289867101822,https://cdn.kobo.com/book-images/897fa0c7-1c7f-4005-9de8-784febd6e287/353/569/90/False/ZNYK-tlfkD-IZy3hlnFJAw.jpg,https://www.kobo.com/tw/zh/ebook/ZNYK-tlfkD-IZy3hlnFJAw?sId=73f6c69f-fecb-48a1-a162-0c8d6a2ac851
2025-05-16,赫曼．赫塞,在書中發現自己的靈魂：慢讀赫塞,250,3128000000104,https://cdn.kobo.com/book-images/5139dd71-3f40-4bbf-aaa6-752447892743/353/569/90/False/mj-jE6bxOTazX9ad0uwE7g.jpg,https://www.kobo.com/tw/zh/ebook/mj-jE6bxOTazX9ad0uwE7g?sId=bcbe6a5e-7959-4f27-9bf2-8024d32e10b3
2025-05-16,赫曼．赫塞,徬徨少年時（德文直譯本）,196,3090000030292,https://cdn.kobo.com/book-images/0eb8b492-c683-4d13-8a2e-40fd1872ced9/353/569/90/False/p9r2phjlUzO8q-gEc3Ysmg.jpg,https://www.kobo.com/tw/zh/ebook/p9r2phjlUzO8q-gEc3Ysmg?sId=bcbe6a5e-7959-4f27-9bf2-8024d32e10b3
2025-05-16,赫曼．赫塞,車輪下（首度德文直譯本）,210,3090000000590,https://cdn.kobo.com/book-images/40dde703-286a-487c-acca-3d0e177e4d0a/353/569/90/False/iRXS-e-7fzumzrZdY8d_8Q.jpg,https://www.kobo.com/tw/zh/ebook/iRXS-e-7fzumzrZdY8d_8Q?sId=bcbe6a5e-7959-4f27-9bf2-8024d32e10b3
2025-05-16,赫曼．赫塞,悠遊之歌（三版）,175,9789864023936,https://cdn.kobo.com/book-images/e52679bc-171d-45f8-bf8a-8a159a9891ed/353/569/90/False/UHZLCrSJATqst2fZDCkzBA.jpg,https://www.kobo.com/tw/zh/ebook/UHZLCrSJATqst2fZDCkzBA?sId=bcbe6a5e-7959-4f27-9bf2-8024d32e10b3
2025-05-16,赫曼．赫塞,鄉愁（德文直譯本）,196,3090000006527,https://cdn.kobo.com/book-images/567c8c31-ebf2-4ffb-a5b1-7e294bb27479/353/569/90/False/By8ilup3JjmH2kf5ty2N8g.jpg,https://www.kobo.com/tw/zh/ebook/By8ilup3JjmH2kf5ty2N8g?sId=bcbe6a5e-7959-4f27-9bf2-8024d32e10b3
2025-05-16,赫曼．赫塞,生命之歌,210,3090000000496,https://cdn.kobo.com/book-images/cab95401-af95-4f91-9d80-41eee92dade2/353/569/90/False/kfbDCDZ4SD6jxk-LU1ireg.jpg,https://www.kobo.com/tw/zh/ebook/kfbDCDZ4SD6jxk-LU1ireg?sId=bcbe6a5e-7959-4f27-9bf2-8024d32e10b3
2025-05-16,赫曼．赫塞,中學生好享讀：諾貝爾大師短篇小說選,225,6709863201113,https://cdn.kobo.com/book-images/f48eb899-1243-4d56-a687-e9d45c5de9ef/353/569/90/False/pnJCPVTatTGHkaHGe4iYMw.jpg,https://www.kobo.com/tw/zh/ebook/pnJCPVTatTGHkaHGe4iYMw?sId=bcbe6a5e-7959-4f27-9bf2-8024d32e10b3
2025-05-16,赫曼．赫塞,荒野之狼（德文新譯本）,294,3119864771400,https://cdn.kobo.com/book-images/c81844a1-3034-4867-a324-b6f0bd00c252/353/569/90/False/6g6wxeuiYjuWU71oa_5Mzg.jpg,https://www.kobo.com/tw/zh/ebook/6g6wxeuiYjuWU71oa_5Mzg?sId=bcbe6a5e-7959-4f27-9bf2-8024d32e10b3
2025-05-16,赫曼．赫塞,徬徨少年時,175,3090000000352,https://cdn.kobo.com/book-images/b98f888a-ae90-4674-8796-0c691b798c30/353/569/90/False/3cIVTFd3fz6t9pp0NaJsyA.jpg,https://www.kobo.com/tw/zh/ebook/3cIVTFd3fz6t9pp0NaJsyA?sId=bcbe6a5e-7959-4f27-9bf2-8024d32e10b3
2025-05-16,赫曼．赫塞,德米安：埃米爾．辛克萊年少時的故事（徬徨少年時）,210,7384000000027,https://cdn.kobo.com/book-images/e921900f-2bfe-42d8-8547-198c1b3b42b1/353/569/90/False/pO0YjhmJajyGRrdkzlKsnA.jpg,https://www.kobo.com/tw/zh/audiobook/pO0YjhmJajyGRrdkzlKsnA?sId=bcbe6a5e-7959-4f27-9bf2-8024d32e10b3
2025-05-16,赫曼．赫塞,悉達多：一首印度的詩（流浪者之歌）,210,7384000000026,https://cdn.kobo.com/book-images/2ebd8c79-acb7-430a-abd8-3998815f26dd/353/569/90/False/5P5w8osOvzauH183YElyCw.jpg,https://www.kobo.com/tw/zh/audiobook/5P5w8osOvzauH183YElyCw?sId=bcbe6a5e-7959-4f27-9bf2-8024d32e10b3
2025-05-17,卡繆,異鄉人（卡繆版書衣）,154,3119861735450,https://cdn.kobo.com/book-images/24099253-90bc-4d80-8825-f6300e8b806f/353/569/90/False/gb2hSkF1KDGjqz18oam2aA.jpg,https://www.kobo.com/tw/zh/ebook/gb2hSkF1KDGjqz18oam2aA?sId=42a68989-1f0f-4789-a0b8-2b90a3d85e82
2025-05-17,卡繆,卡繆荒謬系列四部曲套書：《異鄉人》＋《薛西弗斯的神話》＋《卡里古拉》＋《誤會》【全新法文名家直譯，首次完整出版，親炙完整的卡繆荒謬哲學】,625,3150000000693,https://cdn.kobo.com/book-images/462128f0-194c-4f37-91e4-c9cdfbe0d7b2/353/569/90/False/iBMVIqmTtjmYjH2oJl_r8A.jpg,https://www.kobo.com/tw/zh/ebook/iBMVIqmTtjmYjH2oJl_r8A?sId=42a68989-1f0f-4789-a0b8-2b90a3d85e82
2025-05-17,卡繆,異鄉人（2020全新名家譯本，再現卡繆字句推敲的原義）,138,3150000000617,https://cdn.kobo.com/book-images/883f0dcf-e5f7-4dfe-b300-8d725a8da70d/353/569/90/False/0GQk9bH6VzyLV0Q9Faysow.jpg,https://www.kobo.com/tw/zh/ebook/0GQk9bH6VzyLV0Q9Faysow?sId=42a68989-1f0f-4789-a0b8-2b90a3d85e82
2025-05-17,卡繆,瘟疫（2021最新名家譯本，卡繆對疫情下被禁錮人心的鼓舞）,210,9789860777192,https://cdn.kobo.com/book-images/9618975f-d9f0-47af-bd43-571387f8a06a/353/569/90/False/wJ6ORaWSDj60GIzsDTf9Zg.jpg,https://www.kobo.com/tw/zh/ebook/wJ6ORaWSDj60GIzsDTf9Zg?sId=42a68989-1f0f-4789-a0b8-2b90a3d85e82
2025-05-17,卡繆,薛西弗斯的神話：卡繆的荒謬哲學,230,3120000000285,https://cdn.kobo.com/book-images/8cfb868b-d1ce-428f-9dc1-8a7b0724f790/353/569/90/False/dz7TJXld6DK-tFChkyuNug.jpg,https://www.kobo.com/tw/zh/ebook/dz7TJXld6DK-tFChkyuNug?sId=42a68989-1f0f-4789-a0b8-2b90a3d85e82
2025-05-17,卡繆,正義者（首次出版，法文直譯名家譯本，卡繆展現對正義與反抗的考驗）,155,9789860777161,https://cdn.kobo.com/book-images/9291fc65-996d-4a27-83f4-a141c345d8cb/353/569/90/False/QQT3HgwFsT2xefv4IRMF9w.jpg,https://www.kobo.com/tw/zh/ebook/QQT3HgwFsT2xefv4IRMF9w?sId=42a68989-1f0f-4789-a0b8-2b90a3d85e82
2025-05-17,卡繆,卡繆荒謬與反抗系列作品全集套書：荒謬系列四部曲《異鄉人》《薛西弗斯的神話》《卡里古拉》《誤會》＋反抗系列三部曲《瘟疫》《反抗者》《正義者》【全新法文名家直譯，首次完整出版，親炙完整的卡繆荒謬哲學】,1200,3150000000694,https://cdn.kobo.com/book-images/76f16f12-492e-4435-b792-e97bba1721d5/353/569/90/False/Kx45Q5lYKTqv_nEYbdwV2A.jpg,https://www.kobo.com/tw/zh/ebook/Kx45Q5lYKTqv_nEYbdwV2A?sId=42a68989-1f0f-4789-a0b8-2b90a3d85e82
2025-05-17,卡繆,薛西弗斯的神話,166,3150000000396,https://cdn.kobo.com/book-images/71d8cd60-c407-4367-bced-a36718fcf86f/353/569/90/False/t0r8j-Ym4jee3YDu96AA1w.jpg,https://www.kobo.com/tw/zh/ebook/t0r8j-Ym4jee3YDu96AA1w?sId=42a68989-1f0f-4789-a0b8-2b90a3d85e82
2025-05-17,卡繆,卡繆反抗三部曲套書：《瘟疫》＋《反抗者》＋《正義者》【全新法文名家直譯，首次完整出版，親炙完整的卡繆反抗思想】,,3150000000687,https://cdn.kobo.com/book-images/9f980967-d3c1-4ac0-9f8c-f8e0ccbbcc60/353/569/90/False/B1m2jKOONjKjTMVkT5k1NQ.jpg,https://www.kobo.com/tw/zh/ebook/B1m2jKOONjKjTMVkT5k1NQ?sId=42a68989-1f0f-4789-a0b8-2b90a3d85e82
2025-05-17,卡繆,薛西弗斯的神話：點燃希望的哲學頌歌，法國七星文庫權威譯本【傅雷翻譯獎典藏版】,226,9786267596456,https://cdn.kobo.com/book-images/6ccfbf88-73ae-4691-b256-38387994ae56/353/569/90/False/7fFjSyTP9zKPTx3GcPFpfw.jpg,https://www.kobo.com/tw/zh/ebook/7fFjSyTP9zKPTx3GcPFpfw?sId=42a68989-1f0f-4789-a0b8-2b90a3d85e82
2025-05-17,卡繆,快樂的死,175,3120000000639,https://cdn.kobo.com/book-images/57e8ecec-6b0d-4586-882a-1f7699f9b494/353/569/90/False/gnS7T3tgLTS1t3eLSRBEeA.jpg,https://www.kobo.com/tw/zh/ebook/gnS7T3tgLTS1t3eLSRBEeA?sId=42a68989-1f0f-4789-a0b8-2b90a3d85e82
2025-05-17,卡繆,鼠疫,210,3119861737522,https://cdn.kobo.com/book-images/56a09ae8-dac7-4eb0-9dde-b427a5a1aacb/353/569/90/False/tGTtah0cyzKVQIXzpZ7NTQ.jpg,https://www.kobo.com/tw/zh/ebook/tGTtah0cyzKVQIXzpZ7NTQ?sId=42a68989-1f0f-4789-a0b8-2b90a3d85e82
2025-05-17,卡繆,誤會【1957年諾貝爾文學獎得主面對自我放逐之旅的核心之作】,155,9786267118139,https://cdn.kobo.com/book-images/f35af051-fd52-4e22-a2df-d19abd3abf6e/353/569/90/False/XznH9zQdijG-RQoi9MTYng.jpg,https://www.kobo.com/tw/zh/ebook/XznH9zQdijG-RQoi9MTYng?sId=3a1a3f96-6d40-4441-bad0-e2ba37c30c2c
2025-05-17,卡繆,卡里古拉【1957年諾貝爾文學獎得主描摹荒謬的經典代表作,166,9786267118108,https://cdn.kobo.com/book-images/228a6362-9e74-450c-806f-26d0291b0115/353/569/90/False/bUv8_ShWSDyzoufG54r66g.jpg,https://www.kobo.com/tw/zh/ebook/bUv8_ShWSDyzoufG54r66g?sId=3a1a3f96-6d40-4441-bad0-e2ba37c30c2c
2025-05-17,卡繆,放逐與王國：卡繆短篇小說,260,9789865482541,https://cdn.kobo.com/book-images/033f901a-cea5-456e-9a5c-534f67c7dd33/353/569/90/False/SmaLhyIaRTOPTVVkw9jskg.jpg,https://www.kobo.com/tw/zh/ebook/SmaLhyIaRTOPTVVkw9jskg?sId=3a1a3f96-6d40-4441-bad0-e2ba37c30c2c
2025-05-17,卡繆,異鄉人,179,3039571384641,https://cdn.kobo.com/book-images/81e2cbee-7fb1-445c-8a9a-54f11683b376/353/569/90/False/wUn6RJK3RjCYH8YflJqYFw.jpg,https://www.kobo.com/tw/zh/ebook/wUn6RJK3RjCYH8YflJqYFw?sId=3a1a3f96-6d40-4441-bad0-e2ba37c30c2c
2025-05-17,卡繆,異鄉人（卡繆經典暢銷作․中文版有聲書首度上市）,220,9789863449263,https://cdn.kobo.com/book-images/a910e55d-8df0-43d3-8ef2-df7dc21d51ba/353/569/90/False/t1OO6Q03qjuX0wfMsaUVPg.jpg,https://www.kobo.com/tw/zh/audiobook/t1OO6Q03qjuX0wfMsaUVPg?sId=3a1a3f96-6d40-4441-bad0-e2ba37c30c2c
2025-05-17,卡繆,鼠疫【全新名家譯本】（特別收錄哲學解析〈一部存在主義小說的後現代閱讀〉）,266,9789864895434,https://cdn.kobo.com/book-images/f4d068a2-498d-4817-97dd-d7492dc32b10/353/569/90/False/K9cd87y5oDGaSXDvYBOiAg.jpg,https://www.kobo.com/tw/zh/ebook/K9cd87y5oDGaSXDvYBOiAg?sId=3a1a3f96-6d40-4441-bad0-e2ba37c30c2c
2025-05-17,卡繆,反抗者（新版）,210,3150000000392,https://cdn.kobo.com/book-images/0169f08d-1636-4fe9-865e-ac9323facfa7/353/569/90/False/dnhkQv1woTKBLngzg4RbMg.jpg,https://www.kobo.com/tw/zh/ebook/dnhkQv1woTKBLngzg4RbMg?sId=3a1a3f96-6d40-4441-bad0-e2ba37c30c2c
2025-05-17,卡繆,異鄉人【獨家收錄沙特評論・2022全新名家譯本】,196,9789864896073,https://cdn.kobo.com/book-images/a71e071c-2ddd-47b0-ba0d-0ad67a3261c3/353/569/90/False/VQ2InesBOjKI-Xv96viLqA.jpg,https://www.kobo.com/tw/zh/ebook/VQ2InesBOjKI-Xv96viLqA?sId=3a1a3f96-6d40-4441-bad0-e2ba37c30c2c
2025-05-17,卡繆,瘟疫（名家經典新譯）,228,9789865482473,https://cdn.kobo.com/book-images/edbaf1b0-60cf-4781-90e1-dcb3d6358348/353/569/90/False/XSi3S6nkVz2SFyXwXYLq1g.jpg,https://www.kobo.com/tw/zh/ebook/XSi3S6nkVz2SFyXwXYLq1g?sId=3a1a3f96-6d40-4441-bad0-e2ba37c30c2c
2025-05-17,卡繆,異鄉人：最值得珍藏的名家譯本,224,3119864778287,https://cdn.kobo.com/book-images/59186bf1-d059-4aeb-afcb-36b164712ef7/353/569/90/False/XRU3eRrUUD6pvlI4liPZbg.jpg,https://www.kobo.com/tw/zh/ebook/XRU3eRrUUD6pvlI4liPZbg?sId=3a1a3f96-6d40-4441-bad0-e2ba37c30c2c
2025-05-17,卡繆,鼠疫（卡繆經典暢銷作․中文版有聲書首度上市）,300,9789863449270,https://cdn.kobo.com/book-images/ba766fe2-65df-4d69-83bc-798bf2340c10/353/569/90/False/AMe0qKS-yzinEfp_ItutUg.jpg,https://www.kobo.com/tw/zh/audiobook/AMe0qKS-yzinEfp_ItutUg?sId=3a1a3f96-6d40-4441-bad0-e2ba37c30c2c
2025-05-17,卡繆,瘟疫,210,9789861785516,https://cdn.kobo.com/book-images/8d4f032e-dd57-4b50-a7d8-07f8e494bce5/353/569/90/False/sQ5ce_0gtz-yiFpE7SxWag.jpg,https://www.kobo.com/tw/zh/ebook/sQ5ce_0gtz-yiFpE7SxWag?sId=3a1a3f96-6d40-4441-bad0-e2ba37c30c2c
2025-05-17,卡繆,放逐與王國,210,9789863874133,https://cdn.kobo.com/book-images/5f1ba02d-68c9-4aa5-85ab-824c904439e9/353/569/90/False/RVGALpaZsjaTbCo1SdZXqw.jpg,https://www.kobo.com/tw/zh/ebook/RVGALpaZsjaTbCo1SdZXqw?sId=c5fe984e-6fc6-4973-b502-d035ecd0690b
2025-05-17,卡繆,異鄉人,170,6849862272770,https://cdn.kobo.com/book-images/2f2b24f2-6a61-4ae2-a409-29c8eb0bc992/353/569/90/False/GYi3emouATurt5CEXNGY7A.jpg,https://www.kobo.com/tw/zh/ebook/GYi3emouATurt5CEXNGY7A?sId=c5fe984e-6fc6-4973-b502-d035ecd0690b
2025-05-17,卡繆,第一人：《異鄉人》存在主義大師的最後遺作！沒讀過《第一人》，就無法了解真正的卡繆！,360,7435000003050,https://cdn.kobo.com/book-images/1000dae4-0e54-4613-994a-2ca68f225aaf/353/569/90/False/mBrCwjCDbT-OmxW_MxQCPg.jpg,https://www.kobo.com/tw/zh/audiobook/mBrCwjCDbT-OmxW_MxQCPg?sId=c5fe984e-6fc6-4973-b502-d035ecd0690b
2025-05-17,卡繆,墮落,182,9789861787558,https://cdn.kobo.com/book-images/023f55c5-13cf-4e65-aaa2-e1d0eebea177/353/569/90/False/ie-dvcJKuTWxECoQpt7ptg.jpg,https://www.kobo.com/tw/zh/ebook/ie-dvcJKuTWxECoQpt7ptg?sId=c5fe984e-6fc6-4973-b502-d035ecd0690b
2025-05-17,卡繆,異鄉人：荒謬三部曲，首部,210,7384000000024,https://cdn.kobo.com/book-images/12dc1249-e584-452a-a159-54be7be82c4d/353/569/90/False/MDkYBsM0cTm5Kq9j-44S0A.jpg,https://www.kobo.com/tw/zh/audiobook/MDkYBsM0cTm5Kq9j-44S0A?sId=c5fe984e-6fc6-4973-b502-d035ecd0690b
2025-05-17,簡媜,十種寂寞,252,7390863873877,https://cdn.kobo.com/book-images/137d5050-a414-4644-a453-8236a3c7338c/353/569/90/False/SS3f6q_OmzG6ixjEoQQSBw.jpg,https://www.kobo.com/tw/zh/ebook/SS3f6q_OmzG6ixjEoQQSBw?sId=e63ec2b4-1d82-4981-8639-091b6aa09042
2025-05-17,簡媜,女兒紅,196,9789863874096,https://cdn.kobo.com/book-images/73163054-0990-4413-b92d-a3d20f20ebaa/353/569/90/False/DBqadeV-gT-bmmVuqDItJg.jpg,https://www.kobo.com/tw/zh/ebook/DBqadeV-gT-bmmVuqDItJg?sId=e63ec2b4-1d82-4981-8639-091b6aa09042
2025-05-17,簡媜,誰在銀閃閃的地方，等你（增訂版）,392,9789863876021,https://cdn.kobo.com/book-images/18d8f7d3-ad8d-4473-b1b7-aba2ada08383/353/569/90/False/tyYjDkeqiza61CrkeCJu7w.jpg,https://www.kobo.com/tw/zh/ebook/tyYjDkeqiza61CrkeCJu7w?sId=e63ec2b4-1d82-4981-8639-091b6aa09042
2025-05-17,簡媜,我為你灑下月光,336,7390863872337,https://cdn.kobo.com/book-images/8d8c685d-f3c5-4e43-a07c-4a7a91f5ad22/353/569/90/False/RBqeU8INXTCG7D8npjR0bw.jpg,https://www.kobo.com/tw/zh/ebook/RBqeU8INXTCG7D8npjR0bw?sId=e63ec2b4-1d82-4981-8639-091b6aa09042
2025-05-17,簡媜,夢遊書,196,9789863874546,https://cdn.kobo.com/book-images/df1c79f2-8ad2-4ed8-9f37-293c81359dd8/353/569/90/False/p_nX7y-6_D6gGQiQ7O__sw.jpg,https://www.kobo.com/tw/zh/ebook/p_nX7y-6_D6gGQiQ7O__sw?sId=e63ec2b4-1d82-4981-8639-091b6aa09042
2025-05-17,簡媜,老師的十二樣見面禮,224,7390866873232,https://cdn.kobo.com/book-images/912cffcc-12b7-4881-820d-605be5c0f456/353/569/90/False/Opeot0Gw9zeKOcdaOXIiCg.jpg,https://www.kobo.com/tw/zh/ebook/Opeot0Gw9zeKOcdaOXIiCg?sId=e63ec2b4-1d82-4981-8639-091b6aa09042
2025-05-17,簡媜,紅嬰仔：一個女人和她的育嬰史,252,7390863873068,https://cdn.kobo.com/book-images/4c769dfc-5feb-45bb-bad9-d22ff6fe4425/353/569/90/False/3-XKV53DSzqry1rJm_LJEA.jpg,https://www.kobo.com/tw/zh/ebook/3-XKV53DSzqry1rJm_LJEA?sId=e63ec2b4-1d82-4981-8639-091b6aa09042
2025-05-17,簡媜,與歲月同等心跳,210,9789863877479,https://cdn.kobo.com/book-images/5dc05880-531e-4ce8-9a89-99be05f5d02b/353/569/90/False/1Cgc_XKbQj6NkWrPuaKd2g.jpg,https://www.kobo.com/tw/zh/ebook/1Cgc_XKbQj6NkWrPuaKd2g?sId=e63ec2b4-1d82-4981-8639-091b6aa09042
2025-05-17,簡媜,一個人漫遊，古典森林,315,9789863877745,https://cdn.kobo.com/book-images/0c528bc8-18ea-46e3-acf0-f4c80125be95/353/569/90/False/Yyl9S4wUuDu8rltsfwH3UQ.jpg,https://www.kobo.com/tw/zh/ebook/Yyl9S4wUuDu8rltsfwH3UQ?sId=e63ec2b4-1d82-4981-8639-091b6aa09042
2025-05-17,簡媜,胭脂盆地,196,9789863874553,https://cdn.kobo.com/book-images/0ce65bd8-31e7-48ec-b6c2-f3b4da8f4cb7/353/569/90/False/_jcUd4QT3T6w0ZguwcDvlg.jpg,https://www.kobo.com/tw/zh/ebook/_jcUd4QT3T6w0ZguwcDvlg?sId=e63ec2b4-1d82-4981-8639-091b6aa09042
2025-05-17,簡媜,旅人之歌——神遊山水詩,210,9789863877516,https://cdn.kobo.com/book-images/ba7b0973-6125-415b-91a8-f4910ba8f09b/353/569/90/False/BEgyL0ETLzSJLhvVE5yKmQ.jpg,https://www.kobo.com/tw/zh/ebook/BEgyL0ETLzSJLhvVE5yKmQ?sId=e63ec2b4-1d82-4981-8639-091b6aa09042
2025-05-17,簡媜,老師的十二樣見面禮（增訂版）,329,9789863876236,https://cdn.kobo.com/book-images/5ddd0b2a-a9d1-403d-92c3-60f91baba3c6/353/569/90/False/7r6In9z6kTuCg3twvvZA2g.jpg,https://www.kobo.com/tw/zh/ebook/7r6In9z6kTuCg3twvvZA2g?sId=e63ec2b4-1d82-4981-8639-091b6aa09042
2025-05-17,簡媜,吃朋友,245,7390866631382,https://cdn.kobo.com/book-images/03cd221a-bef1-420d-96fa-a1ff5f2ec5f8/353/569/90/False/5xrS1tW6YT6YFfX6xajasQ.jpg,https://www.kobo.com/tw/zh/ebook/5xrS1tW6YT6YFfX6xajasQ?sId=9453b4e5-4d90-4b61-a2f3-3e111fdc0162
2025-05-17,簡媜,密密語,280,9789863876953,https://cdn.kobo.com/book-images/76e8fe19-e84d-4b62-9707-03393a023486/353/569/90/False/mMg1YwJL9TemPTAVwHZbvw.jpg,https://www.kobo.com/tw/zh/ebook/mMg1YwJL9TemPTAVwHZbvw?sId=9453b4e5-4d90-4b61-a2f3-3e111fdc0162
2025-05-17,簡媜,微暈的樹林,210,9789863875857,https://cdn.kobo.com/book-images/df67a2d3-dab3-4ea6-bdd2-0f0e2b62a151/353/569/90/False/lRjcIazDljKdQZof57Hd9A.jpg,https://www.kobo.com/tw/zh/ebook/lRjcIazDljKdQZof57Hd9A?sId=9453b4e5-4d90-4b61-a2f3-3e111fdc0162
2025-05-17,簡媜,下午茶,160,9789863876946,https://cdn.kobo.com/book-images/84781262-e7bd-4d10-a3c7-d19910fafa73/353/569/90/False/5iBW0pa_Wj2IztG5D0yKyw.jpg,https://www.kobo.com/tw/zh/ebook/5iBW0pa_Wj2IztG5D0yKyw?sId=9453b4e5-4d90-4b61-a2f3-3e111fdc0162
2025-05-17,簡媜,天涯海角──福爾摩沙抒情誌,245,7390863873471,https://cdn.kobo.com/book-images/af00ba7f-99c1-44ae-b3d3-81c4e6e37430/353/569/90/False/y2QggT-GWz28HjuY_ABx1w.jpg,https://www.kobo.com/tw/zh/ebook/y2QggT-GWz28HjuY_ABx1w?sId=9453b4e5-4d90-4b61-a2f3-3e111fdc0162
2025-05-17,簡媜,舊情復燃,220,9789863876380,https://cdn.kobo.com/book-images/97241a9a-8187-4195-a573-9a921c04b9cc/353/569/90/False/wieReZ4jqT2vpPAPLsLmkA.jpg,https://www.kobo.com/tw/zh/ebook/wieReZ4jqT2vpPAPLsLmkA?sId=9453b4e5-4d90-4b61-a2f3-3e111fdc0162
2025-05-17,簡媜,月娘照眠牀,220,9789863875314,https://cdn.kobo.com/book-images/1dc984df-000f-4cfb-86bf-d71ead052b02/353/569/90/False/yifYBw_kEz-sjWx9O6wmTg.jpg,https://www.kobo.com/tw/zh/ebook/yifYBw_kEz-sjWx9O6wmTg?sId=9453b4e5-4d90-4b61-a2f3-3e111fdc0162
2025-05-17,簡媜,只緣身在此山中,224,9789863874911,https://cdn.kobo.com/book-images/a21ea0b7-2449-4d16-b4db-1aa18c1993f3/353/569/90/False/JR_gAXmObD6EROWQrNPmjw.jpg,https://www.kobo.com/tw/zh/ebook/JR_gAXmObD6EROWQrNPmjw?sId=9453b4e5-4d90-4b61-a2f3-3e111fdc0162
2025-05-17,簡媜,好一座浮島,210,9789863875666,https://cdn.kobo.com/book-images/dcfdfd36-7d3d-4201-89ab-681303731c15/353/569/90/False/tR63QOkIkjSZNYP1XN8qJQ.jpg,https://www.kobo.com/tw/zh/ebook/tR63QOkIkjSZNYP1XN8qJQ?sId=9453b4e5-4d90-4b61-a2f3-3e111fdc0162
2025-05-17,赫曼．赫塞,流浪者之歌／悉達多,214,9786267095010,https://cdn.kobo.com/book-images/3f321736-62ab-46cb-ae65-dabe29f7eea4/353/569/90/False/BZkTJbpWnTWsH4_ozeT9vA.jpg,https://www.kobo.com/tw/zh/ebook/BZkTJbpWnTWsH4_ozeT9vA?sId=5d66681a-0cc5-4ca5-b04c-2659fcc903c5
2025-05-17,赫曼．赫塞,荒野之狼,315,9786263966987,https://cdn.kobo.com/book-images/3bb495e7-b3a7-490f-be56-c4e3d0755850/353/569/90/False/8qvh-uvBNjeQ5sV5LtVHdw.jpg,https://www.kobo.com/tw/zh/ebook/8qvh-uvBNjeQ5sV5LtVHdw?sId=5d66681a-0cc5-4ca5-b04c-2659fcc903c5
2025-05-17,赫曼．赫塞,德米安：徬徨少年時 (告別徬徨，堅定地做你自己。全新無刪減完整譯本，慕尼黑大學圖書館愛藏版),245,3069869881963,https://cdn.kobo.com/book-images/a809baf5-4e7d-43c9-96e5-7d69fa248b50/353/569/90/False/6fn5ArUqVjSw56cshygW_Q.jpg,https://www.kobo.com/tw/zh/ebook/6fn5ArUqVjSw56cshygW_Q?sId=5d66681a-0cc5-4ca5-b04c-2659fcc903c5
2025-05-17,赫曼．赫塞,赫曼赫塞童話故事集,250,3119864773930,https://cdn.kobo.com/book-images/5f4ae374-cda4-4a0c-a27f-58f4eb5939e0/353/569/90/False/fUpsq8DF8Tq5Lguv3pHWuQ.jpg,https://www.kobo.com/tw/zh/ebook/fUpsq8DF8Tq5Lguv3pHWuQ?sId=5d66681a-0cc5-4ca5-b04c-2659fcc903c5
2025-05-17,赫曼．赫塞,流浪者之歌（首度德文直譯本）,210,3090000000515,https://cdn.kobo.com/book-images/f601d38b-894e-436d-852c-e48f41d06a75/353/569/90/False/uWrynH7_LjCJaQT5rWrZjg.jpg,https://www.kobo.com/tw/zh/ebook/uWrynH7_LjCJaQT5rWrZjg?sId=5d66681a-0cc5-4ca5-b04c-2659fcc903c5
2025-05-17,赫曼．赫塞,悉達多【獨家收錄保羅．科爾賀專文導讀、林懷民繆思分享】：一首印度的詩（流浪者之歌）,196,9789864895397,https://cdn.kobo.com/book-images/827cfb45-6d4c-43cb-866a-eb45ca8c20c7/353/569/90/False/8X4BYN4ZszavG3vs7B0Jdg.jpg,https://www.kobo.com/tw/zh/ebook/8X4BYN4ZszavG3vs7B0Jdg?sId=5d66681a-0cc5-4ca5-b04c-2659fcc903c5
2025-05-17,赫曼．赫塞,園圃之歌：諾貝爾文學獎大師赫曼．赫塞的自然哲思與手繪詩畫,266,9786269638079,https://cdn.kobo.com/book-images/f7453d28-8edd-4d0b-87ae-3f947835f381/353/569/90/False/jHi5IlslGTmTLqpPkwxScQ.jpg,https://www.kobo.com/tw/zh/ebook/jHi5IlslGTmTLqpPkwxScQ?sId=5d66681a-0cc5-4ca5-b04c-2659fcc903c5
2025-05-17,赫曼．赫塞,德米安【獨家收錄詹姆斯・法蘭科專文導讀】：埃米爾．辛克萊年少時的故事（徬徨少年時）,210,9789864895403,https://cdn.kobo.com/book-images/ae0cd56f-8ec4-4e2d-bc97-29ea34073182/353/569/90/False/ib-jIoEV2Dqm0I1tAc6TWQ.jpg,https://www.kobo.com/tw/zh/ebook/ib-jIoEV2Dqm0I1tAc6TWQ?sId=5d66681a-0cc5-4ca5-b04c-2659fcc903c5
2025-05-17,赫曼．赫塞,流浪者之歌,245,9786263744417,https://cdn.kobo.com/book-images/dbaffb64-2df7-46df-9836-4b43eb375d74/353/569/90/False/SSmAUWRnWD-200t2EoH_qQ.jpg,https://www.kobo.com/tw/zh/ebook/SSmAUWRnWD-200t2EoH_qQ?sId=5d66681a-0cc5-4ca5-b04c-2659fcc903c5
2025-05-17,赫曼．赫塞,流浪者之歌【感動解讀版】,400,9786269936137,https://cdn.kobo.com/book-images/921c4663-8c49-4f8f-a61f-e24755dbae11/353/569/90/False/JNfPTDEjDz-tAMfp3Egokg.jpg,https://www.kobo.com/tw/zh/ebook/JNfPTDEjDz-tAMfp3Egokg?sId=5d66681a-0cc5-4ca5-b04c-2659fcc903c5
2025-05-17,赫曼．赫塞,荒野之狼（首度德文直譯本）,245,3090000005737,https://cdn.kobo.com/book-images/449cd682-c515-465f-b6f3-c5b59e8310e3/353/569/90/False/VFQPtyjUrTGJSlcoqoICxg.jpg,https://www.kobo.com/tw/zh/ebook/VFQPtyjUrTGJSlcoqoICxg?sId=5d66681a-0cc5-4ca5-b04c-2659fcc903c5
2025-05-17,赫曼．赫塞,德米安：彷徨少年時,228,7289867101822,https://cdn.kobo.com/book-images/897fa0c7-1c7f-4005-9de8-784febd6e287/353/569/90/False/ZNYK-tlfkD-IZy3hlnFJAw.jpg,https://www.kobo.com/tw/zh/ebook/ZNYK-tlfkD-IZy3hlnFJAw?sId=5d66681a-0cc5-4ca5-b04c-2659fcc903c5
2025-05-17,赫曼．赫塞,在書中發現自己的靈魂：慢讀赫塞,250,3128000000104,https://cdn.kobo.com/book-images/5139dd71-3f40-4bbf-aaa6-752447892743/353/569/90/False/mj-jE6bxOTazX9ad0uwE7g.jpg,https://www.kobo.com/tw/zh/ebook/mj-jE6bxOTazX9ad0uwE7g?sId=2c37e84f-20ec-436b-b0cf-b4d4ecf28f93
2025-05-17,赫曼．赫塞,徬徨少年時（德文直譯本）,196,3090000030292,https://cdn.kobo.com/book-images/0eb8b492-c683-4d13-8a2e-40fd1872ced9/353/569/90/False/p9r2phjlUzO8q-gEc3Ysmg.jpg,https://www.kobo.com/tw/zh/ebook/p9r2phjlUzO8q-gEc3Ysmg?sId=2c37e84f-20ec-436b-b0cf-b4d4ecf28f93
2025-05-17,赫曼．赫塞,車輪下（首度德文直譯本）,210,3090000000590,https://cdn.kobo.com/book-images/40dde703-286a-487c-acca-3d0e177e4d0a/353/569/90/False/iRXS-e-7fzumzrZdY8d_8Q.jpg,https://www.kobo.com/tw/zh/ebook/iRXS-e-7fzumzrZdY8d_8Q?sId=2c37e84f-20ec-436b-b0cf-b4d4ecf28f93
2025-05-17,赫曼．赫塞,悠遊之歌（三版）,175,9789864023936,https://cdn.kobo.com/book-images/e52679bc-171d-45f8-bf8a-8a159a9891ed/353/569/90/False/UHZLCrSJATqst2fZDCkzBA.jpg,https://www.kobo.com/tw/zh/ebook/UHZLCrSJATqst2fZDCkzBA?sId=2c37e84f-20ec-436b-b0cf-b4d4ecf28f93
2025-05-17,赫曼．赫塞,鄉愁（德文直譯本）,196,3090000006527,https://cdn.kobo.com/book-images/567c8c31-ebf2-4ffb-a5b1-7e294bb27479/353/569/90/False/By8ilup3JjmH2kf5ty2N8g.jpg,https://www.kobo.com/tw/zh/ebook/By8ilup3JjmH2kf5ty2N8g?sId=2c37e84f-20ec-436b-b0cf-b4d4ecf28f93
2025-05-17,赫曼．赫塞,生命之歌,210,3090000000496,https://cdn.kobo.com/book-images/cab95401-af95-4f91-9d80-41eee92dade2/353/569/90/False/kfbDCDZ4SD6jxk-LU1ireg.jpg,https://www.kobo.com/tw/zh/ebook/kfbDCDZ4SD6jxk-LU1ireg?sId=2c37e84f-20ec-436b-b0cf-b4d4ecf28f93
2025-05-17,赫曼．赫塞,中學生好享讀：諾貝爾大師短篇小說選,225,6709863201113,https://cdn.kobo.com/book-images/f48eb899-1243-4d56-a687-e9d45c5de9ef/353/569/90/False/pnJCPVTatTGHkaHGe4iYMw.jpg,https://www.kobo.com/tw/zh/ebook/pnJCPVTatTGHkaHGe4iYMw?sId=2c37e84f-20ec-436b-b0cf-b4d4ecf28f93
2025-05-17,赫曼．赫塞,荒野之狼（德文新譯本）,294,3119864771400,https://cdn.kobo.com/book-images/c81844a1-3034-4867-a324-b6f0bd00c252/353/569/90/False/6g6wxeuiYjuWU71oa_5Mzg.jpg,https://www.kobo.com/tw/zh/ebook/6g6wxeuiYjuWU71oa_5Mzg?sId=2c37e84f-20ec-436b-b0cf-b4d4ecf28f93
2025-05-17,赫曼．赫塞,徬徨少年時,175,3090000000352,https://cdn.kobo.com/book-images/b98f888a-ae90-4674-8796-0c691b798c30/353/569/90/False/3cIVTFd3fz6t9pp0NaJsyA.jpg,https://www.kobo.com/tw/zh/ebook/3cIVTFd3fz6t9pp0NaJsyA?sId=2c37e84f-20ec-436b-b0cf-b4d4ecf28f93
2025-05-17,赫曼．赫塞,德米安：埃米爾．辛克萊年少時的故事（徬徨少年時）,210,7384000000027,https://cdn.kobo.com/book-images/e921900f-2bfe-42d8-8547-198c1b3b42b1/353/569/90/False/pO0YjhmJajyGRrdkzlKsnA.jpg,https://www.kobo.com/tw/zh/audiobook/pO0YjhmJajyGRrdkzlKsnA?sId=2c37e84f-20ec-436b-b0cf-b4d4ecf28f93
2025-05-17,赫曼．赫塞,悉達多：一首印度的詩（流浪者之歌）,210,7384000000026,https://cdn.kobo.com/book-images/2ebd8c79-acb7-430a-abd8-3998815f26dd/353/569/90/False/5P5w8osOvzauH183YElyCw.jpg,https://www.kobo.com/tw/zh/audiobook/5P5w8osOvzauH183YElyCw?sId=2c37e84f-20ec-436b-b0cf-b4d4ecf28f93
2025-05-18,卡繆,異鄉人（卡繆版書衣）,154,3119861735450,https://cdn.kobo.com/book-images/24099253-90bc-4d80-8825-f6300e8b806f/353/569/90/False/gb2hSkF1KDGjqz18oam2aA.jpg,https://www.kobo.com/tw/zh/ebook/gb2hSkF1KDGjqz18oam2aA?sId=765f06b0-6b80-4ff1-a43c-359301803cd2
2025-05-18,卡繆,卡繆荒謬系列四部曲套書：《異鄉人》＋《薛西弗斯的神話》＋《卡里古拉》＋《誤會》【全新法文名家直譯，首次完整出版，親炙完整的卡繆荒謬哲學】,625,3150000000693,https://cdn.kobo.com/book-images/462128f0-194c-4f37-91e4-c9cdfbe0d7b2/353/569/90/False/iBMVIqmTtjmYjH2oJl_r8A.jpg,https://www.kobo.com/tw/zh/ebook/iBMVIqmTtjmYjH2oJl_r8A?sId=765f06b0-6b80-4ff1-a43c-359301803cd2
2025-05-18,卡繆,薛西弗斯的神話：卡繆的荒謬哲學,230,3120000000285,https://cdn.kobo.com/book-images/8cfb868b-d1ce-428f-9dc1-8a7b0724f790/353/569/90/False/dz7TJXld6DK-tFChkyuNug.jpg,https://www.kobo.com/tw/zh/ebook/dz7TJXld6DK-tFChkyuNug?sId=765f06b0-6b80-4ff1-a43c-359301803cd2
2025-05-18,卡繆,異鄉人（2020全新名家譯本，再現卡繆字句推敲的原義）,138,3150000000617,https://cdn.kobo.com/book-images/883f0dcf-e5f7-4dfe-b300-8d725a8da70d/353/569/90/False/0GQk9bH6VzyLV0Q9Faysow.jpg,https://www.kobo.com/tw/zh/ebook/0GQk9bH6VzyLV0Q9Faysow?sId=765f06b0-6b80-4ff1-a43c-359301803cd2
2025-05-18,卡繆,瘟疫（2021最新名家譯本，卡繆對疫情下被禁錮人心的鼓舞）,210,9789860777192,https://cdn.kobo.com/book-images/9618975f-d9f0-47af-bd43-571387f8a06a/353/569/90/False/wJ6ORaWSDj60GIzsDTf9Zg.jpg,https://www.kobo.com/tw/zh/ebook/wJ6ORaWSDj60GIzsDTf9Zg?sId=765f06b0-6b80-4ff1-a43c-359301803cd2
2025-05-18,卡繆,正義者（首次出版，法文直譯名家譯本，卡繆展現對正義與反抗的考驗）,155,9789860777161,https://cdn.kobo.com/book-images/9291fc65-996d-4a27-83f4-a141c345d8cb/353/569/90/False/QQT3HgwFsT2xefv4IRMF9w.jpg,https://www.kobo.com/tw/zh/ebook/QQT3HgwFsT2xefv4IRMF9w?sId=765f06b0-6b80-4ff1-a43c-359301803cd2
2025-05-18,卡繆,卡繆荒謬與反抗系列作品全集套書：荒謬系列四部曲《異鄉人》《薛西弗斯的神話》《卡里古拉》《誤會》＋反抗系列三部曲《瘟疫》《反抗者》《正義者》【全新法文名家直譯，首次完整出版，親炙完整的卡繆荒謬哲學】,1200,3150000000694,https://cdn.kobo.com/book-images/76f16f12-492e-4435-b792-e97bba1721d5/353/569/90/False/Kx45Q5lYKTqv_nEYbdwV2A.jpg,https://www.kobo.com/tw/zh/ebook/Kx45Q5lYKTqv_nEYbdwV2A?sId=765f06b0-6b80-4ff1-a43c-359301803cd2
2025-05-18,卡繆,卡繆反抗三部曲套書：《瘟疫》＋《反抗者》＋《正義者》【全新法文名家直譯，首次完整出版，親炙完整的卡繆反抗思想】,575,3150000000687,https://cdn.kobo.com/book-images/9f980967-d3c1-4ac0-9f8c-f8e0ccbbcc60/353/569/90/False/B1m2jKOONjKjTMVkT5k1NQ.jpg,https://www.kobo.com/tw/zh/ebook/B1m2jKOONjKjTMVkT5k1NQ?sId=765f06b0-6b80-4ff1-a43c-359301803cd2
2025-05-18,卡繆,薛西弗斯的神話,166,3150000000396,https://cdn.kobo.com/book-images/71d8cd60-c407-4367-bced-a36718fcf86f/353/569/90/False/t0r8j-Ym4jee3YDu96AA1w.jpg,https://www.kobo.com/tw/zh/ebook/t0r8j-Ym4jee3YDu96AA1w?sId=765f06b0-6b80-4ff1-a43c-359301803cd2
2025-05-18,卡繆,薛西弗斯的神話：點燃希望的哲學頌歌，法國七星文庫權威譯本【傅雷翻譯獎典藏版】,226,9786267596456,https://cdn.kobo.com/book-images/6ccfbf88-73ae-4691-b256-38387994ae56/353/569/90/False/7fFjSyTP9zKPTx3GcPFpfw.jpg,https://www.kobo.com/tw/zh/ebook/7fFjSyTP9zKPTx3GcPFpfw?sId=765f06b0-6b80-4ff1-a43c-359301803cd2
2025-05-18,卡繆,誤會【1957年諾貝爾文學獎得主面對自我放逐之旅的核心之作】,155,9786267118139,https://cdn.kobo.com/book-images/f35af051-fd52-4e22-a2df-d19abd3abf6e/353/569/90/False/XznH9zQdijG-RQoi9MTYng.jpg,https://www.kobo.com/tw/zh/ebook/XznH9zQdijG-RQoi9MTYng?sId=765f06b0-6b80-4ff1-a43c-359301803cd2
2025-05-18,卡繆,快樂的死,175,3120000000639,https://cdn.kobo.com/book-images/57e8ecec-6b0d-4586-882a-1f7699f9b494/353/569/90/False/gnS7T3tgLTS1t3eLSRBEeA.jpg,https://www.kobo.com/tw/zh/ebook/gnS7T3tgLTS1t3eLSRBEeA?sId=765f06b0-6b80-4ff1-a43c-359301803cd2
2025-05-18,卡繆,鼠疫,210,3119861737522,https://cdn.kobo.com/book-images/56a09ae8-dac7-4eb0-9dde-b427a5a1aacb/353/569/90/False/tGTtah0cyzKVQIXzpZ7NTQ.jpg,https://www.kobo.com/tw/zh/ebook/tGTtah0cyzKVQIXzpZ7NTQ?sId=78da25a4-668a-46eb-a301-260d3c76288b
2025-05-18,卡繆,卡里古拉【1957年諾貝爾文學獎得主描摹荒謬的經典代表作,166,9786267118108,https://cdn.kobo.com/book-images/228a6362-9e74-450c-806f-26d0291b0115/353/569/90/False/bUv8_ShWSDyzoufG54r66g.jpg,https://www.kobo.com/tw/zh/ebook/bUv8_ShWSDyzoufG54r66g?sId=78da25a4-668a-46eb-a301-260d3c76288b
2025-05-18,卡繆,放逐與王國：卡繆短篇小說,260,9789865482541,https://cdn.kobo.com/book-images/033f901a-cea5-456e-9a5c-534f67c7dd33/353/569/90/False/SmaLhyIaRTOPTVVkw9jskg.jpg,https://www.kobo.com/tw/zh/ebook/SmaLhyIaRTOPTVVkw9jskg?sId=78da25a4-668a-46eb-a301-260d3c76288b
2025-05-18,卡繆,異鄉人,179,3039571384641,https://cdn.kobo.com/book-images/81e2cbee-7fb1-445c-8a9a-54f11683b376/353/569/90/False/wUn6RJK3RjCYH8YflJqYFw.jpg,https://www.kobo.com/tw/zh/ebook/wUn6RJK3RjCYH8YflJqYFw?sId=78da25a4-668a-46eb-a301-260d3c76288b
2025-05-18,卡繆,異鄉人（卡繆經典暢銷作․中文版有聲書首度上市）,220,9789863449263,https://cdn.kobo.com/book-images/a910e55d-8df0-43d3-8ef2-df7dc21d51ba/353/569/90/False/t1OO6Q03qjuX0wfMsaUVPg.jpg,https://www.kobo.com/tw/zh/audiobook/t1OO6Q03qjuX0wfMsaUVPg?sId=78da25a4-668a-46eb-a301-260d3c76288b
2025-05-18,卡繆,鼠疫【全新名家譯本】（特別收錄哲學解析〈一部存在主義小說的後現代閱讀〉）,266,9789864895434,https://cdn.kobo.com/book-images/f4d068a2-498d-4817-97dd-d7492dc32b10/353/569/90/False/K9cd87y5oDGaSXDvYBOiAg.jpg,https://www.kobo.com/tw/zh/ebook/K9cd87y5oDGaSXDvYBOiAg?sId=78da25a4-668a-46eb-a301-260d3c76288b
2025-05-18,卡繆,反抗者（新版）,210,3150000000392,https://cdn.kobo.com/book-images/0169f08d-1636-4fe9-865e-ac9323facfa7/353/569/90/False/dnhkQv1woTKBLngzg4RbMg.jpg,https://www.kobo.com/tw/zh/ebook/dnhkQv1woTKBLngzg4RbMg?sId=78da25a4-668a-46eb-a301-260d3c76288b
2025-05-18,卡繆,異鄉人【獨家收錄沙特評論・2022全新名家譯本】,196,9789864896073,https://cdn.kobo.com/book-images/a71e071c-2ddd-47b0-ba0d-0ad67a3261c3/353/569/90/False/VQ2InesBOjKI-Xv96viLqA.jpg,https://www.kobo.com/tw/zh/ebook/VQ2InesBOjKI-Xv96viLqA?sId=78da25a4-668a-46eb-a301-260d3c76288b
2025-05-18,卡繆,瘟疫（名家經典新譯）,228,9789865482473,https://cdn.kobo.com/book-images/edbaf1b0-60cf-4781-90e1-dcb3d6358348/353/569/90/False/XSi3S6nkVz2SFyXwXYLq1g.jpg,https://www.kobo.com/tw/zh/ebook/XSi3S6nkVz2SFyXwXYLq1g?sId=78da25a4-668a-46eb-a301-260d3c76288b
2025-05-18,卡繆,異鄉人：最值得珍藏的名家譯本,224,3119864778287,https://cdn.kobo.com/book-images/59186bf1-d059-4aeb-afcb-36b164712ef7/353/569/90/False/XRU3eRrUUD6pvlI4liPZbg.jpg,https://www.kobo.com/tw/zh/ebook/XRU3eRrUUD6pvlI4liPZbg?sId=78da25a4-668a-46eb-a301-260d3c76288b
2025-05-18,卡繆,鼠疫（卡繆經典暢銷作․中文版有聲書首度上市）,300,9789863449270,https://cdn.kobo.com/book-images/ba766fe2-65df-4d69-83bc-798bf2340c10/353/569/90/False/AMe0qKS-yzinEfp_ItutUg.jpg,https://www.kobo.com/tw/zh/audiobook/AMe0qKS-yzinEfp_ItutUg?sId=78da25a4-668a-46eb-a301-260d3c76288b
2025-05-18,卡繆,瘟疫,210,9789861785516,https://cdn.kobo.com/book-images/8d4f032e-dd57-4b50-a7d8-07f8e494bce5/353/569/90/False/sQ5ce_0gtz-yiFpE7SxWag.jpg,https://www.kobo.com/tw/zh/ebook/sQ5ce_0gtz-yiFpE7SxWag?sId=78da25a4-668a-46eb-a301-260d3c76288b
2025-05-18,卡繆,放逐與王國,210,9789863874133,https://cdn.kobo.com/book-images/5f1ba02d-68c9-4aa5-85ab-824c904439e9/353/569/90/False/RVGALpaZsjaTbCo1SdZXqw.jpg,https://www.kobo.com/tw/zh/ebook/RVGALpaZsjaTbCo1SdZXqw?sId=941997b6-2ce1-4a2c-a9aa-2e82ce1a0d2f
2025-05-18,卡繆,異鄉人,170,6849862272770,https://cdn.kobo.com/book-images/2f2b24f2-6a61-4ae2-a409-29c8eb0bc992/353/569/90/False/GYi3emouATurt5CEXNGY7A.jpg,https://www.kobo.com/tw/zh/ebook/GYi3emouATurt5CEXNGY7A?sId=941997b6-2ce1-4a2c-a9aa-2e82ce1a0d2f
2025-05-18,卡繆,第一人：《異鄉人》存在主義大師的最後遺作！沒讀過《第一人》，就無法了解真正的卡繆！,360,7435000003050,https://cdn.kobo.com/book-images/1000dae4-0e54-4613-994a-2ca68f225aaf/353/569/90/False/mBrCwjCDbT-OmxW_MxQCPg.jpg,https://www.kobo.com/tw/zh/audiobook/mBrCwjCDbT-OmxW_MxQCPg?sId=941997b6-2ce1-4a2c-a9aa-2e82ce1a0d2f
2025-05-18,卡繆,墮落,182,9789861787558,https://cdn.kobo.com/book-images/023f55c5-13cf-4e65-aaa2-e1d0eebea177/353/569/90/False/ie-dvcJKuTWxECoQpt7ptg.jpg,https://www.kobo.com/tw/zh/ebook/ie-dvcJKuTWxECoQpt7ptg?sId=941997b6-2ce1-4a2c-a9aa-2e82ce1a0d2f
2025-05-18,卡繆,異鄉人：荒謬三部曲，首部,210,7384000000024,https://cdn.kobo.com/book-images/12dc1249-e584-452a-a159-54be7be82c4d/353/569/90/False/MDkYBsM0cTm5Kq9j-44S0A.jpg,https://www.kobo.com/tw/zh/audiobook/MDkYBsM0cTm5Kq9j-44S0A?sId=941997b6-2ce1-4a2c-a9aa-2e82ce1a0d2f
2025-05-18,簡媜,十種寂寞,252,7390863873877,https://cdn.kobo.com/book-images/137d5050-a414-4644-a453-8236a3c7338c/353/569/90/False/SS3f6q_OmzG6ixjEoQQSBw.jpg,https://www.kobo.com/tw/zh/ebook/SS3f6q_OmzG6ixjEoQQSBw?sId=1074843c-e112-462d-9f6b-27c5f93a3758
2025-05-18,簡媜,女兒紅,196,9789863874096,https://cdn.kobo.com/book-images/73163054-0990-4413-b92d-a3d20f20ebaa/353/569/90/False/DBqadeV-gT-bmmVuqDItJg.jpg,https://www.kobo.com/tw/zh/ebook/DBqadeV-gT-bmmVuqDItJg?sId=1074843c-e112-462d-9f6b-27c5f93a3758
2025-05-18,簡媜,我為你灑下月光,336,7390863872337,https://cdn.kobo.com/book-images/8d8c685d-f3c5-4e43-a07c-4a7a91f5ad22/353/569/90/False/RBqeU8INXTCG7D8npjR0bw.jpg,https://www.kobo.com/tw/zh/ebook/RBqeU8INXTCG7D8npjR0bw?sId=1074843c-e112-462d-9f6b-27c5f93a3758
2025-05-18,簡媜,誰在銀閃閃的地方，等你（增訂版）,392,9789863876021,https://cdn.kobo.com/book-images/18d8f7d3-ad8d-4473-b1b7-aba2ada08383/353/569/90/False/tyYjDkeqiza61CrkeCJu7w.jpg,https://www.kobo.com/tw/zh/ebook/tyYjDkeqiza61CrkeCJu7w?sId=1074843c-e112-462d-9f6b-27c5f93a3758
2025-05-18,簡媜,夢遊書,196,9789863874546,https://cdn.kobo.com/book-images/df1c79f2-8ad2-4ed8-9f37-293c81359dd8/353/569/90/False/p_nX7y-6_D6gGQiQ7O__sw.jpg,https://www.kobo.com/tw/zh/ebook/p_nX7y-6_D6gGQiQ7O__sw?sId=1074843c-e112-462d-9f6b-27c5f93a3758
2025-05-18,簡媜,老師的十二樣見面禮,224,7390866873232,https://cdn.kobo.com/book-images/912cffcc-12b7-4881-820d-605be5c0f456/353/569/90/False/Opeot0Gw9zeKOcdaOXIiCg.jpg,https://www.kobo.com/tw/zh/ebook/Opeot0Gw9zeKOcdaOXIiCg?sId=1074843c-e112-462d-9f6b-27c5f93a3758
2025-05-18,簡媜,紅嬰仔：一個女人和她的育嬰史,252,7390863873068,https://cdn.kobo.com/book-images/4c769dfc-5feb-45bb-bad9-d22ff6fe4425/353/569/90/False/3-XKV53DSzqry1rJm_LJEA.jpg,https://www.kobo.com/tw/zh/ebook/3-XKV53DSzqry1rJm_LJEA?sId=1074843c-e112-462d-9f6b-27c5f93a3758
2025-05-18,簡媜,與歲月同等心跳,210,9789863877479,https://cdn.kobo.com/book-images/5dc05880-531e-4ce8-9a89-99be05f5d02b/353/569/90/False/1Cgc_XKbQj6NkWrPuaKd2g.jpg,https://www.kobo.com/tw/zh/ebook/1Cgc_XKbQj6NkWrPuaKd2g?sId=1074843c-e112-462d-9f6b-27c5f93a3758
2025-05-18,簡媜,一個人漫遊，古典森林,315,9789863877745,https://cdn.kobo.com/book-images/0c528bc8-18ea-46e3-acf0-f4c80125be95/353/569/90/False/Yyl9S4wUuDu8rltsfwH3UQ.jpg,https://www.kobo.com/tw/zh/ebook/Yyl9S4wUuDu8rltsfwH3UQ?sId=1074843c-e112-462d-9f6b-27c5f93a3758
2025-05-18,簡媜,胭脂盆地,196,9789863874553,https://cdn.kobo.com/book-images/0ce65bd8-31e7-48ec-b6c2-f3b4da8f4cb7/353/569/90/False/_jcUd4QT3T6w0ZguwcDvlg.jpg,https://www.kobo.com/tw/zh/ebook/_jcUd4QT3T6w0ZguwcDvlg?sId=1074843c-e112-462d-9f6b-27c5f93a3758
2025-05-18,簡媜,旅人之歌——神遊山水詩,210,9789863877516,https://cdn.kobo.com/book-images/ba7b0973-6125-415b-91a8-f4910ba8f09b/353/569/90/False/BEgyL0ETLzSJLhvVE5yKmQ.jpg,https://www.kobo.com/tw/zh/ebook/BEgyL0ETLzSJLhvVE5yKmQ?sId=1074843c-e112-462d-9f6b-27c5f93a3758
2025-05-18,簡媜,老師的十二樣見面禮（增訂版）,329,9789863876236,https://cdn.kobo.com/book-images/5ddd0b2a-a9d1-403d-92c3-60f91baba3c6/353/569/90/False/7r6In9z6kTuCg3twvvZA2g.jpg,https://www.kobo.com/tw/zh/ebook/7r6In9z6kTuCg3twvvZA2g?sId=1074843c-e112-462d-9f6b-27c5f93a3758
2025-05-18,簡媜,吃朋友,245,7390866631382,https://cdn.kobo.com/book-images/03cd221a-bef1-420d-96fa-a1ff5f2ec5f8/353/569/90/False/5xrS1tW6YT6YFfX6xajasQ.jpg,https://www.kobo.com/tw/zh/ebook/5xrS1tW6YT6YFfX6xajasQ?sId=1cc9d0b2-c110-45b9-9411-62c8b8a7c182
2025-05-18,簡媜,密密語,280,9789863876953,https://cdn.kobo.com/book-images/76e8fe19-e84d-4b62-9707-03393a023486/353/569/90/False/mMg1YwJL9TemPTAVwHZbvw.jpg,https://www.kobo.com/tw/zh/ebook/mMg1YwJL9TemPTAVwHZbvw?sId=1cc9d0b2-c110-45b9-9411-62c8b8a7c182
2025-05-18,簡媜,微暈的樹林,210,9789863875857,https://cdn.kobo.com/book-images/df67a2d3-dab3-4ea6-bdd2-0f0e2b62a151/353/569/90/False/lRjcIazDljKdQZof57Hd9A.jpg,https://www.kobo.com/tw/zh/ebook/lRjcIazDljKdQZof57Hd9A?sId=1cc9d0b2-c110-45b9-9411-62c8b8a7c182
2025-05-18,簡媜,下午茶,160,9789863876946,https://cdn.kobo.com/book-images/84781262-e7bd-4d10-a3c7-d19910fafa73/353/569/90/False/5iBW0pa_Wj2IztG5D0yKyw.jpg,https://www.kobo.com/tw/zh/ebook/5iBW0pa_Wj2IztG5D0yKyw?sId=1cc9d0b2-c110-45b9-9411-62c8b8a7c182
2025-05-18,簡媜,天涯海角──福爾摩沙抒情誌,245,7390863873471,https://cdn.kobo.com/book-images/af00ba7f-99c1-44ae-b3d3-81c4e6e37430/353/569/90/False/y2QggT-GWz28HjuY_ABx1w.jpg,https://www.kobo.com/tw/zh/ebook/y2QggT-GWz28HjuY_ABx1w?sId=1cc9d0b2-c110-45b9-9411-62c8b8a7c182
2025-05-18,簡媜,舊情復燃,220,9789863876380,https://cdn.kobo.com/book-images/97241a9a-8187-4195-a573-9a921c04b9cc/353/569/90/False/wieReZ4jqT2vpPAPLsLmkA.jpg,https://www.kobo.com/tw/zh/ebook/wieReZ4jqT2vpPAPLsLmkA?sId=1cc9d0b2-c110-45b9-9411-62c8b8a7c182
2025-05-18,簡媜,月娘照眠牀,220,9789863875314,https://cdn.kobo.com/book-images/1dc984df-000f-4cfb-86bf-d71ead052b02/353/569/90/False/yifYBw_kEz-sjWx9O6wmTg.jpg,https://www.kobo.com/tw/zh/ebook/yifYBw_kEz-sjWx9O6wmTg?sId=1cc9d0b2-c110-45b9-9411-62c8b8a7c182
2025-05-18,簡媜,只緣身在此山中,224,9789863874911,https://cdn.kobo.com/book-images/a21ea0b7-2449-4d16-b4db-1aa18c1993f3/353/569/90/False/JR_gAXmObD6EROWQrNPmjw.jpg,https://www.kobo.com/tw/zh/ebook/JR_gAXmObD6EROWQrNPmjw?sId=1cc9d0b2-c110-45b9-9411-62c8b8a7c182
2025-05-18,簡媜,好一座浮島,210,9789863875666,https://cdn.kobo.com/book-images/dcfdfd36-7d3d-4201-89ab-681303731c15/353/569/90/False/tR63QOkIkjSZNYP1XN8qJQ.jpg,https://www.kobo.com/tw/zh/ebook/tR63QOkIkjSZNYP1XN8qJQ?sId=1cc9d0b2-c110-45b9-9411-62c8b8a7c182
2025-05-18,赫曼．赫塞,流浪者之歌／悉達多,214,9786267095010,https://cdn.kobo.com/book-images/3f321736-62ab-46cb-ae65-dabe29f7eea4/353/569/90/False/BZkTJbpWnTWsH4_ozeT9vA.jpg,https://www.kobo.com/tw/zh/ebook/BZkTJbpWnTWsH4_ozeT9vA?sId=2665415e-b37c-4157-87da-0dc7c555fcf8
2025-05-18,赫曼．赫塞,德米安：徬徨少年時 (告別徬徨，堅定地做你自己。全新無刪減完整譯本，慕尼黑大學圖書館愛藏版),245,3069869881963,https://cdn.kobo.com/book-images/a809baf5-4e7d-43c9-96e5-7d69fa248b50/353/569/90/False/6fn5ArUqVjSw56cshygW_Q.jpg,https://www.kobo.com/tw/zh/ebook/6fn5ArUqVjSw56cshygW_Q?sId=2665415e-b37c-4157-87da-0dc7c555fcf8
2025-05-18,赫曼．赫塞,赫曼赫塞童話故事集,250,3119864773930,https://cdn.kobo.com/book-images/5f4ae374-cda4-4a0c-a27f-58f4eb5939e0/353/569/90/False/fUpsq8DF8Tq5Lguv3pHWuQ.jpg,https://www.kobo.com/tw/zh/ebook/fUpsq8DF8Tq5Lguv3pHWuQ?sId=2665415e-b37c-4157-87da-0dc7c555fcf8
2025-05-18,赫曼．赫塞,荒野之狼,315,9786263966987,https://cdn.kobo.com/book-images/3bb495e7-b3a7-490f-be56-c4e3d0755850/353/569/90/False/8qvh-uvBNjeQ5sV5LtVHdw.jpg,https://www.kobo.com/tw/zh/ebook/8qvh-uvBNjeQ5sV5LtVHdw?sId=2665415e-b37c-4157-87da-0dc7c555fcf8
2025-05-18,赫曼．赫塞,悉達多【獨家收錄保羅．科爾賀專文導讀、林懷民繆思分享】：一首印度的詩（流浪者之歌）,196,9789864895397,https://cdn.kobo.com/book-images/827cfb45-6d4c-43cb-866a-eb45ca8c20c7/353/569/90/False/8X4BYN4ZszavG3vs7B0Jdg.jpg,https://www.kobo.com/tw/zh/ebook/8X4BYN4ZszavG3vs7B0Jdg?sId=2665415e-b37c-4157-87da-0dc7c555fcf8
2025-05-18,赫曼．赫塞,德米安【獨家收錄詹姆斯・法蘭科專文導讀】：埃米爾．辛克萊年少時的故事（徬徨少年時）,210,9789864895403,https://cdn.kobo.com/book-images/ae0cd56f-8ec4-4e2d-bc97-29ea34073182/353/569/90/False/ib-jIoEV2Dqm0I1tAc6TWQ.jpg,https://www.kobo.com/tw/zh/ebook/ib-jIoEV2Dqm0I1tAc6TWQ?sId=2665415e-b37c-4157-87da-0dc7c555fcf8
2025-05-18,赫曼．赫塞,流浪者之歌【感動解讀版】,400,9786269936137,https://cdn.kobo.com/book-images/921c4663-8c49-4f8f-a61f-e24755dbae11/353/569/90/False/JNfPTDEjDz-tAMfp3Egokg.jpg,https://www.kobo.com/tw/zh/ebook/JNfPTDEjDz-tAMfp3Egokg?sId=2665415e-b37c-4157-87da-0dc7c555fcf8
2025-05-18,赫曼．赫塞,流浪者之歌（首度德文直譯本）,210,3090000000515,https://cdn.kobo.com/book-images/f601d38b-894e-436d-852c-e48f41d06a75/353/569/90/False/uWrynH7_LjCJaQT5rWrZjg.jpg,https://www.kobo.com/tw/zh/ebook/uWrynH7_LjCJaQT5rWrZjg?sId=2665415e-b37c-4157-87da-0dc7c555fcf8
2025-05-18,赫曼．赫塞,園圃之歌：諾貝爾文學獎大師赫曼．赫塞的自然哲思與手繪詩畫,266,9786269638079,https://cdn.kobo.com/book-images/f7453d28-8edd-4d0b-87ae-3f947835f381/353/569/90/False/jHi5IlslGTmTLqpPkwxScQ.jpg,https://www.kobo.com/tw/zh/ebook/jHi5IlslGTmTLqpPkwxScQ?sId=2665415e-b37c-4157-87da-0dc7c555fcf8
2025-05-18,赫曼．赫塞,流浪者之歌,245,9786263744417,https://cdn.kobo.com/book-images/dbaffb64-2df7-46df-9836-4b43eb375d74/353/569/90/False/SSmAUWRnWD-200t2EoH_qQ.jpg,https://www.kobo.com/tw/zh/ebook/SSmAUWRnWD-200t2EoH_qQ?sId=2665415e-b37c-4157-87da-0dc7c555fcf8
2025-05-18,赫曼．赫塞,荒野之狼（首度德文直譯本）,245,3090000005737,https://cdn.kobo.com/book-images/449cd682-c515-465f-b6f3-c5b59e8310e3/353/569/90/False/VFQPtyjUrTGJSlcoqoICxg.jpg,https://www.kobo.com/tw/zh/ebook/VFQPtyjUrTGJSlcoqoICxg?sId=2665415e-b37c-4157-87da-0dc7c555fcf8
2025-05-18,赫曼．赫塞,德米安：彷徨少年時,228,7289867101822,https://cdn.kobo.com/book-images/897fa0c7-1c7f-4005-9de8-784febd6e287/353/569/90/False/ZNYK-tlfkD-IZy3hlnFJAw.jpg,https://www.kobo.com/tw/zh/ebook/ZNYK-tlfkD-IZy3hlnFJAw?sId=2665415e-b37c-4157-87da-0dc7c555fcf8
2025-05-18,赫曼．赫塞,在書中發現自己的靈魂：慢讀赫塞,250,3128000000104,https://cdn.kobo.com/book-images/5139dd71-3f40-4bbf-aaa6-752447892743/353/569/90/False/mj-jE6bxOTazX9ad0uwE7g.jpg,https://www.kobo.com/tw/zh/ebook/mj-jE6bxOTazX9ad0uwE7g?sId=56ab6a85-84d3-4aca-b645-e3c347261275
2025-05-18,赫曼．赫塞,徬徨少年時（德文直譯本）,196,3090000030292,https://cdn.kobo.com/book-images/0eb8b492-c683-4d13-8a2e-40fd1872ced9/353/569/90/False/p9r2phjlUzO8q-gEc3Ysmg.jpg,https://www.kobo.com/tw/zh/ebook/p9r2phjlUzO8q-gEc3Ysmg?sId=56ab6a85-84d3-4aca-b645-e3c347261275
2025-05-18,赫曼．赫塞,車輪下（首度德文直譯本）,210,3090000000590,https://cdn.kobo.com/book-images/40dde703-286a-487c-acca-3d0e177e4d0a/353/569/90/False/iRXS-e-7fzumzrZdY8d_8Q.jpg,https://www.kobo.com/tw/zh/ebook/iRXS-e-7fzumzrZdY8d_8Q?sId=56ab6a85-84d3-4aca-b645-e3c347261275
2025-05-18,赫曼．赫塞,悠遊之歌（三版）,175,9789864023936,https://cdn.kobo.com/book-images/e52679bc-171d-45f8-bf8a-8a159a9891ed/353/569/90/False/UHZLCrSJATqst2fZDCkzBA.jpg,https://www.kobo.com/tw/zh/ebook/UHZLCrSJATqst2fZDCkzBA?sId=56ab6a85-84d3-4aca-b645-e3c347261275
2025-05-18,赫曼．赫塞,鄉愁（德文直譯本）,196,3090000006527,https://cdn.kobo.com/book-images/567c8c31-ebf2-4ffb-a5b1-7e294bb27479/353/569/90/False/By8ilup3JjmH2kf5ty2N8g.jpg,https://www.kobo.com/tw/zh/ebook/By8ilup3JjmH2kf5ty2N8g?sId=56ab6a85-84d3-4aca-b645-e3c347261275
2025-05-18,赫曼．赫塞,生命之歌,210,3090000000496,https://cdn.kobo.com/book-images/cab95401-af95-4f91-9d80-41eee92dade2/353/569/90/False/kfbDCDZ4SD6jxk-LU1ireg.jpg,https://www.kobo.com/tw/zh/ebook/kfbDCDZ4SD6jxk-LU1ireg?sId=56ab6a85-84d3-4aca-b645-e3c347261275
2025-05-18,赫曼．赫塞,中學生好享讀：諾貝爾大師短篇小說選,225,6709863201113,https://cdn.kobo.com/book-images/f48eb899-1243-4d56-a687-e9d45c5de9ef/353/569/90/False/pnJCPVTatTGHkaHGe4iYMw.jpg,https://www.kobo.com/tw/zh/ebook/pnJCPVTatTGHkaHGe4iYMw?sId=56ab6a85-84d3-4aca-b645-e3c347261275
2025-05-18,赫曼．赫塞,荒野之狼（德文新譯本）,294,3119864771400,https://cdn.kobo.com/book-images/c81844a1-3034-4867-a324-b6f0bd00c252/353/569/90/False/6g6wxeuiYjuWU71oa_5Mzg.jpg,https://www.kobo.com/tw/zh/ebook/6g6wxeuiYjuWU71oa_5Mzg?sId=56ab6a85-84d3-4aca-b645-e3c347261275
2025-05-18,赫曼．赫塞,徬徨少年時,175,3090000000352,https://cdn.kobo.com/book-images/b98f888a-ae90-4674-8796-0c691b798c30/353/569/90/False/3cIVTFd3fz6t9pp0NaJsyA.jpg,https://www.kobo.com/tw/zh/ebook/3cIVTFd3fz6t9pp0NaJsyA?sId=56ab6a85-84d3-4aca-b645-e3c347261275
2025-05-18,赫曼．赫塞,德米安：埃米爾．辛克萊年少時的故事（徬徨少年時）,210,7384000000027,https://cdn.kobo.com/book-images/e921900f-2bfe-42d8-8547-198c1b3b42b1/353/569/90/False/pO0YjhmJajyGRrdkzlKsnA.jpg,https://www.kobo.com/tw/zh/audiobook/pO0YjhmJajyGRrdkzlKsnA?sId=56ab6a85-84d3-4aca-b645-e3c347261275
2025-05-18,赫曼．赫塞,悉達多：一首印度的詩（流浪者之歌）,210,7384000000026,https://cdn.kobo.com/book-images/2ebd8c79-acb7-430a-abd8-3998815f26dd/353/569/90/False/5P5w8osOvzauH183YElyCw.jpg,https://www.kobo.com/tw/zh/audiobook/5P5w8osOvzauH183YElyCw?sId=56ab6a85-84d3-4aca-b645-e3c347261275
2025-05-19,卡繆,異鄉人（卡繆版書衣）,154,3119861735450,https://cdn.kobo.com/book-images/24099253-90bc-4d80-8825-f6300e8b806f/353/569/90/False/gb2hSkF1KDGjqz18oam2aA.jpg,https://www.kobo.com/tw/zh/ebook/gb2hSkF1KDGjqz18oam2aA?sId=3ce384f9-aca6-417c-ad1e-8251c0e52b3a
2025-05-19,卡繆,異鄉人（2020全新名家譯本，再現卡繆字句推敲的原義）,138,3150000000617,https://cdn.kobo.com/book-images/883f0dcf-e5f7-4dfe-b300-8d725a8da70d/353/569/90/False/0GQk9bH6VzyLV0Q9Faysow.jpg,https://www.kobo.com/tw/zh/ebook/0GQk9bH6VzyLV0Q9Faysow?sId=3ce384f9-aca6-417c-ad1e-8251c0e52b3a
2025-05-19,卡繆,卡繆荒謬系列四部曲套書：《異鄉人》＋《薛西弗斯的神話》＋《卡里古拉》＋《誤會》【全新法文名家直譯，首次完整出版，親炙完整的卡繆荒謬哲學】,625,3150000000693,https://cdn.kobo.com/book-images/462128f0-194c-4f37-91e4-c9cdfbe0d7b2/353/569/90/False/iBMVIqmTtjmYjH2oJl_r8A.jpg,https://www.kobo.com/tw/zh/ebook/iBMVIqmTtjmYjH2oJl_r8A?sId=3ce384f9-aca6-417c-ad1e-8251c0e52b3a
2025-05-19,卡繆,薛西弗斯的神話：卡繆的荒謬哲學,230,3120000000285,https://cdn.kobo.com/book-images/8cfb868b-d1ce-428f-9dc1-8a7b0724f790/353/569/90/False/dz7TJXld6DK-tFChkyuNug.jpg,https://www.kobo.com/tw/zh/ebook/dz7TJXld6DK-tFChkyuNug?sId=3ce384f9-aca6-417c-ad1e-8251c0e52b3a
2025-05-19,卡繆,瘟疫（2021最新名家譯本，卡繆對疫情下被禁錮人心的鼓舞）,210,9789860777192,https://cdn.kobo.com/book-images/9618975f-d9f0-47af-bd43-571387f8a06a/353/569/90/False/wJ6ORaWSDj60GIzsDTf9Zg.jpg,https://www.kobo.com/tw/zh/ebook/wJ6ORaWSDj60GIzsDTf9Zg?sId=3ce384f9-aca6-417c-ad1e-8251c0e52b3a
2025-05-19,卡繆,正義者（首次出版，法文直譯名家譯本，卡繆展現對正義與反抗的考驗）,155,9789860777161,https://cdn.kobo.com/book-images/9291fc65-996d-4a27-83f4-a141c345d8cb/353/569/90/False/QQT3HgwFsT2xefv4IRMF9w.jpg,https://www.kobo.com/tw/zh/ebook/QQT3HgwFsT2xefv4IRMF9w?sId=3ce384f9-aca6-417c-ad1e-8251c0e52b3a
2025-05-19,卡繆,卡繆荒謬與反抗系列作品全集套書：荒謬系列四部曲《異鄉人》《薛西弗斯的神話》《卡里古拉》《誤會》＋反抗系列三部曲《瘟疫》《反抗者》《正義者》【全新法文名家直譯，首次完整出版，親炙完整的卡繆荒謬哲學】,1200,3150000000694,https://cdn.kobo.com/book-images/76f16f12-492e-4435-b792-e97bba1721d5/353/569/90/False/Kx45Q5lYKTqv_nEYbdwV2A.jpg,https://www.kobo.com/tw/zh/ebook/Kx45Q5lYKTqv_nEYbdwV2A?sId=3ce384f9-aca6-417c-ad1e-8251c0e52b3a
2025-05-19,卡繆,薛西弗斯的神話,166,3150000000396,https://cdn.kobo.com/book-images/71d8cd60-c407-4367-bced-a36718fcf86f/353/569/90/False/t0r8j-Ym4jee3YDu96AA1w.jpg,https://www.kobo.com/tw/zh/ebook/t0r8j-Ym4jee3YDu96AA1w?sId=3ce384f9-aca6-417c-ad1e-8251c0e52b3a
2025-05-19,卡繆,薛西弗斯的神話：點燃希望的哲學頌歌，法國七星文庫權威譯本【傅雷翻譯獎典藏版】,226,9786267596456,https://cdn.kobo.com/book-images/6ccfbf88-73ae-4691-b256-38387994ae56/353/569/90/False/7fFjSyTP9zKPTx3GcPFpfw.jpg,https://www.kobo.com/tw/zh/ebook/7fFjSyTP9zKPTx3GcPFpfw?sId=3ce384f9-aca6-417c-ad1e-8251c0e52b3a
2025-05-19,卡繆,卡繆反抗三部曲套書：《瘟疫》＋《反抗者》＋《正義者》【全新法文名家直譯，首次完整出版，親炙完整的卡繆反抗思想】,575,3150000000687,https://cdn.kobo.com/book-images/9f980967-d3c1-4ac0-9f8c-f8e0ccbbcc60/353/569/90/False/B1m2jKOONjKjTMVkT5k1NQ.jpg,https://www.kobo.com/tw/zh/ebook/B1m2jKOONjKjTMVkT5k1NQ?sId=3ce384f9-aca6-417c-ad1e-8251c0e52b3a
2025-05-19,卡繆,誤會【1957年諾貝爾文學獎得主面對自我放逐之旅的核心之作】,155,9786267118139,https://cdn.kobo.com/book-images/f35af051-fd52-4e22-a2df-d19abd3abf6e/353/569/90/False/XznH9zQdijG-RQoi9MTYng.jpg,https://www.kobo.com/tw/zh/ebook/XznH9zQdijG-RQoi9MTYng?sId=3ce384f9-aca6-417c-ad1e-8251c0e52b3a
2025-05-19,卡繆,鼠疫,210,3119861737522,https://cdn.kobo.com/book-images/56a09ae8-dac7-4eb0-9dde-b427a5a1aacb/353/569/90/False/tGTtah0cyzKVQIXzpZ7NTQ.jpg,https://www.kobo.com/tw/zh/ebook/tGTtah0cyzKVQIXzpZ7NTQ?sId=3ce384f9-aca6-417c-ad1e-8251c0e52b3a
2025-05-19,卡繆,快樂的死,175,3120000000639,https://cdn.kobo.com/book-images/57e8ecec-6b0d-4586-882a-1f7699f9b494/353/569/90/False/gnS7T3tgLTS1t3eLSRBEeA.jpg,https://www.kobo.com/tw/zh/ebook/gnS7T3tgLTS1t3eLSRBEeA?sId=cdd0d7d0-d495-4f7c-a6f6-48bb2f611d7e
2025-05-19,卡繆,卡里古拉【1957年諾貝爾文學獎得主描摹荒謬的經典代表作,166,9786267118108,https://cdn.kobo.com/book-images/228a6362-9e74-450c-806f-26d0291b0115/353/569/90/False/bUv8_ShWSDyzoufG54r66g.jpg,https://www.kobo.com/tw/zh/ebook/bUv8_ShWSDyzoufG54r66g?sId=cdd0d7d0-d495-4f7c-a6f6-48bb2f611d7e
2025-05-19,卡繆,放逐與王國：卡繆短篇小說,260,9789865482541,https://cdn.kobo.com/book-images/033f901a-cea5-456e-9a5c-534f67c7dd33/353/569/90/False/SmaLhyIaRTOPTVVkw9jskg.jpg,https://www.kobo.com/tw/zh/ebook/SmaLhyIaRTOPTVVkw9jskg?sId=cdd0d7d0-d495-4f7c-a6f6-48bb2f611d7e
2025-05-19,卡繆,異鄉人,179,3039571384641,https://cdn.kobo.com/book-images/81e2cbee-7fb1-445c-8a9a-54f11683b376/353/569/90/False/wUn6RJK3RjCYH8YflJqYFw.jpg,https://www.kobo.com/tw/zh/ebook/wUn6RJK3RjCYH8YflJqYFw?sId=cdd0d7d0-d495-4f7c-a6f6-48bb2f611d7e
2025-05-19,卡繆,異鄉人（卡繆經典暢銷作․中文版有聲書首度上市）,220,9789863449263,https://cdn.kobo.com/book-images/a910e55d-8df0-43d3-8ef2-df7dc21d51ba/353/569/90/False/t1OO6Q03qjuX0wfMsaUVPg.jpg,https://www.kobo.com/tw/zh/audiobook/t1OO6Q03qjuX0wfMsaUVPg?sId=cdd0d7d0-d495-4f7c-a6f6-48bb2f611d7e
2025-05-19,卡繆,鼠疫【全新名家譯本】（特別收錄哲學解析〈一部存在主義小說的後現代閱讀〉）,266,9789864895434,https://cdn.kobo.com/book-images/f4d068a2-498d-4817-97dd-d7492dc32b10/353/569/90/False/K9cd87y5oDGaSXDvYBOiAg.jpg,https://www.kobo.com/tw/zh/ebook/K9cd87y5oDGaSXDvYBOiAg?sId=cdd0d7d0-d495-4f7c-a6f6-48bb2f611d7e
2025-05-19,卡繆,反抗者（新版）,210,3150000000392,https://cdn.kobo.com/book-images/0169f08d-1636-4fe9-865e-ac9323facfa7/353/569/90/False/dnhkQv1woTKBLngzg4RbMg.jpg,https://www.kobo.com/tw/zh/ebook/dnhkQv1woTKBLngzg4RbMg?sId=cdd0d7d0-d495-4f7c-a6f6-48bb2f611d7e
2025-05-19,卡繆,異鄉人【獨家收錄沙特評論・2022全新名家譯本】,196,9789864896073,https://cdn.kobo.com/book-images/a71e071c-2ddd-47b0-ba0d-0ad67a3261c3/353/569/90/False/VQ2InesBOjKI-Xv96viLqA.jpg,https://www.kobo.com/tw/zh/ebook/VQ2InesBOjKI-Xv96viLqA?sId=cdd0d7d0-d495-4f7c-a6f6-48bb2f611d7e
2025-05-19,卡繆,瘟疫（名家經典新譯）,228,9789865482473,https://cdn.kobo.com/book-images/edbaf1b0-60cf-4781-90e1-dcb3d6358348/353/569/90/False/XSi3S6nkVz2SFyXwXYLq1g.jpg,https://www.kobo.com/tw/zh/ebook/XSi3S6nkVz2SFyXwXYLq1g?sId=cdd0d7d0-d495-4f7c-a6f6-48bb2f611d7e
2025-05-19,卡繆,異鄉人：最值得珍藏的名家譯本,224,3119864778287,https://cdn.kobo.com/book-images/59186bf1-d059-4aeb-afcb-36b164712ef7/353/569/90/False/XRU3eRrUUD6pvlI4liPZbg.jpg,https://www.kobo.com/tw/zh/ebook/XRU3eRrUUD6pvlI4liPZbg?sId=cdd0d7d0-d495-4f7c-a6f6-48bb2f611d7e
2025-05-19,卡繆,鼠疫（卡繆經典暢銷作․中文版有聲書首度上市）,300,9789863449270,https://cdn.kobo.com/book-images/ba766fe2-65df-4d69-83bc-798bf2340c10/353/569/90/False/AMe0qKS-yzinEfp_ItutUg.jpg,https://www.kobo.com/tw/zh/audiobook/AMe0qKS-yzinEfp_ItutUg?sId=cdd0d7d0-d495-4f7c-a6f6-48bb2f611d7e
2025-05-19,卡繆,瘟疫,210,9789861785516,https://cdn.kobo.com/book-images/8d4f032e-dd57-4b50-a7d8-07f8e494bce5/353/569/90/False/sQ5ce_0gtz-yiFpE7SxWag.jpg,https://www.kobo.com/tw/zh/ebook/sQ5ce_0gtz-yiFpE7SxWag?sId=cdd0d7d0-d495-4f7c-a6f6-48bb2f611d7e
2025-05-19,卡繆,放逐與王國,210,9789863874133,https://cdn.kobo.com/book-images/5f1ba02d-68c9-4aa5-85ab-824c904439e9/353/569/90/False/RVGALpaZsjaTbCo1SdZXqw.jpg,https://www.kobo.com/tw/zh/ebook/RVGALpaZsjaTbCo1SdZXqw?sId=5ed2a949-52c5-4c3c-bf28-9616a4f73545
2025-05-19,卡繆,異鄉人,170,6849862272770,https://cdn.kobo.com/book-images/2f2b24f2-6a61-4ae2-a409-29c8eb0bc992/353/569/90/False/GYi3emouATurt5CEXNGY7A.jpg,https://www.kobo.com/tw/zh/ebook/GYi3emouATurt5CEXNGY7A?sId=5ed2a949-52c5-4c3c-bf28-9616a4f73545
2025-05-19,卡繆,第一人：《異鄉人》存在主義大師的最後遺作！沒讀過《第一人》，就無法了解真正的卡繆！,360,7435000003050,https://cdn.kobo.com/book-images/1000dae4-0e54-4613-994a-2ca68f225aaf/353/569/90/False/mBrCwjCDbT-OmxW_MxQCPg.jpg,https://www.kobo.com/tw/zh/audiobook/mBrCwjCDbT-OmxW_MxQCPg?sId=5ed2a949-52c5-4c3c-bf28-9616a4f73545
2025-05-19,卡繆,墮落,182,9789861787558,https://cdn.kobo.com/book-images/023f55c5-13cf-4e65-aaa2-e1d0eebea177/353/569/90/False/ie-dvcJKuTWxECoQpt7ptg.jpg,https://www.kobo.com/tw/zh/ebook/ie-dvcJKuTWxECoQpt7ptg?sId=5ed2a949-52c5-4c3c-bf28-9616a4f73545
2025-05-19,卡繆,異鄉人：荒謬三部曲，首部,210,7384000000024,https://cdn.kobo.com/book-images/12dc1249-e584-452a-a159-54be7be82c4d/353/569/90/False/MDkYBsM0cTm5Kq9j-44S0A.jpg,https://www.kobo.com/tw/zh/audiobook/MDkYBsM0cTm5Kq9j-44S0A?sId=5ed2a949-52c5-4c3c-bf28-9616a4f73545
2025-05-19,簡媜,十種寂寞,252,7390863873877,https://cdn.kobo.com/book-images/137d5050-a414-4644-a453-8236a3c7338c/353/569/90/False/SS3f6q_OmzG6ixjEoQQSBw.jpg,https://www.kobo.com/tw/zh/ebook/SS3f6q_OmzG6ixjEoQQSBw?sId=233e7539-3e97-4bac-b87e-f9c6c870f7cb
2025-05-19,簡媜,女兒紅,196,9789863874096,https://cdn.kobo.com/book-images/73163054-0990-4413-b92d-a3d20f20ebaa/353/569/90/False/DBqadeV-gT-bmmVuqDItJg.jpg,https://www.kobo.com/tw/zh/ebook/DBqadeV-gT-bmmVuqDItJg?sId=233e7539-3e97-4bac-b87e-f9c6c870f7cb
2025-05-19,簡媜,我為你灑下月光,336,7390863872337,https://cdn.kobo.com/book-images/8d8c685d-f3c5-4e43-a07c-4a7a91f5ad22/353/569/90/False/RBqeU8INXTCG7D8npjR0bw.jpg,https://www.kobo.com/tw/zh/ebook/RBqeU8INXTCG7D8npjR0bw?sId=233e7539-3e97-4bac-b87e-f9c6c870f7cb
2025-05-19,簡媜,夢遊書,196,9789863874546,https://cdn.kobo.com/book-images/df1c79f2-8ad2-4ed8-9f37-293c81359dd8/353/569/90/False/p_nX7y-6_D6gGQiQ7O__sw.jpg,https://www.kobo.com/tw/zh/ebook/p_nX7y-6_D6gGQiQ7O__sw?sId=233e7539-3e97-4bac-b87e-f9c6c870f7cb
2025-05-19,簡媜,老師的十二樣見面禮,224,7390866873232,https://cdn.kobo.com/book-images/912cffcc-12b7-4881-820d-605be5c0f456/353/569/90/False/Opeot0Gw9zeKOcdaOXIiCg.jpg,https://www.kobo.com/tw/zh/ebook/Opeot0Gw9zeKOcdaOXIiCg?sId=233e7539-3e97-4bac-b87e-f9c6c870f7cb
2025-05-19,簡媜,紅嬰仔：一個女人和她的育嬰史,252,7390863873068,https://cdn.kobo.com/book-images/4c769dfc-5feb-45bb-bad9-d22ff6fe4425/353/569/90/False/3-XKV53DSzqry1rJm_LJEA.jpg,https://www.kobo.com/tw/zh/ebook/3-XKV53DSzqry1rJm_LJEA?sId=233e7539-3e97-4bac-b87e-f9c6c870f7cb
2025-05-19,簡媜,誰在銀閃閃的地方，等你（增訂版）,392,9789863876021,https://cdn.kobo.com/book-images/18d8f7d3-ad8d-4473-b1b7-aba2ada08383/353/569/90/False/tyYjDkeqiza61CrkeCJu7w.jpg,https://www.kobo.com/tw/zh/ebook/tyYjDkeqiza61CrkeCJu7w?sId=233e7539-3e97-4bac-b87e-f9c6c870f7cb
2025-05-19,簡媜,與歲月同等心跳,210,9789863877479,https://cdn.kobo.com/book-images/5dc05880-531e-4ce8-9a89-99be05f5d02b/353/569/90/False/1Cgc_XKbQj6NkWrPuaKd2g.jpg,https://www.kobo.com/tw/zh/ebook/1Cgc_XKbQj6NkWrPuaKd2g?sId=233e7539-3e97-4bac-b87e-f9c6c870f7cb
2025-05-19,簡媜,一個人漫遊，古典森林,315,9789863877745,https://cdn.kobo.com/book-images/0c528bc8-18ea-46e3-acf0-f4c80125be95/353/569/90/False/Yyl9S4wUuDu8rltsfwH3UQ.jpg,https://www.kobo.com/tw/zh/ebook/Yyl9S4wUuDu8rltsfwH3UQ?sId=233e7539-3e97-4bac-b87e-f9c6c870f7cb
2025-05-19,簡媜,胭脂盆地,196,9789863874553,https://cdn.kobo.com/book-images/0ce65bd8-31e7-48ec-b6c2-f3b4da8f4cb7/353/569/90/False/_jcUd4QT3T6w0ZguwcDvlg.jpg,https://www.kobo.com/tw/zh/ebook/_jcUd4QT3T6w0ZguwcDvlg?sId=233e7539-3e97-4bac-b87e-f9c6c870f7cb
2025-05-19,簡媜,旅人之歌——神遊山水詩,210,9789863877516,https://cdn.kobo.com/book-images/ba7b0973-6125-415b-91a8-f4910ba8f09b/353/569/90/False/BEgyL0ETLzSJLhvVE5yKmQ.jpg,https://www.kobo.com/tw/zh/ebook/BEgyL0ETLzSJLhvVE5yKmQ?sId=233e7539-3e97-4bac-b87e-f9c6c870f7cb
2025-05-19,簡媜,吃朋友,245,7390866631382,https://cdn.kobo.com/book-images/03cd221a-bef1-420d-96fa-a1ff5f2ec5f8/353/569/90/False/5xrS1tW6YT6YFfX6xajasQ.jpg,https://www.kobo.com/tw/zh/ebook/5xrS1tW6YT6YFfX6xajasQ?sId=233e7539-3e97-4bac-b87e-f9c6c870f7cb
2025-05-19,簡媜,老師的十二樣見面禮（增訂版）,329,9789863876236,https://cdn.kobo.com/book-images/5ddd0b2a-a9d1-403d-92c3-60f91baba3c6/353/569/90/False/7r6In9z6kTuCg3twvvZA2g.jpg,https://www.kobo.com/tw/zh/ebook/7r6In9z6kTuCg3twvvZA2g?sId=c5299009-fdba-4750-827b-07734c035f7f
2025-05-19,簡媜,密密語,280,9789863876953,https://cdn.kobo.com/book-images/76e8fe19-e84d-4b62-9707-03393a023486/353/569/90/False/mMg1YwJL9TemPTAVwHZbvw.jpg,https://www.kobo.com/tw/zh/ebook/mMg1YwJL9TemPTAVwHZbvw?sId=c5299009-fdba-4750-827b-07734c035f7f
2025-05-19,簡媜,微暈的樹林,210,9789863875857,https://cdn.kobo.com/book-images/df67a2d3-dab3-4ea6-bdd2-0f0e2b62a151/353/569/90/False/lRjcIazDljKdQZof57Hd9A.jpg,https://www.kobo.com/tw/zh/ebook/lRjcIazDljKdQZof57Hd9A?sId=c5299009-fdba-4750-827b-07734c035f7f
2025-05-19,簡媜,下午茶,160,9789863876946,https://cdn.kobo.com/book-images/84781262-e7bd-4d10-a3c7-d19910fafa73/353/569/90/False/5iBW0pa_Wj2IztG5D0yKyw.jpg,https://www.kobo.com/tw/zh/ebook/5iBW0pa_Wj2IztG5D0yKyw?sId=c5299009-fdba-4750-827b-07734c035f7f
2025-05-19,簡媜,天涯海角──福爾摩沙抒情誌,245,7390863873471,https://cdn.kobo.com/book-images/af00ba7f-99c1-44ae-b3d3-81c4e6e37430/353/569/90/False/y2QggT-GWz28HjuY_ABx1w.jpg,https://www.kobo.com/tw/zh/ebook/y2QggT-GWz28HjuY_ABx1w?sId=c5299009-fdba-4750-827b-07734c035f7f
2025-05-19,簡媜,舊情復燃,220,9789863876380,https://cdn.kobo.com/book-images/97241a9a-8187-4195-a573-9a921c04b9cc/353/569/90/False/wieReZ4jqT2vpPAPLsLmkA.jpg,https://www.kobo.com/tw/zh/ebook/wieReZ4jqT2vpPAPLsLmkA?sId=c5299009-fdba-4750-827b-07734c035f7f
2025-05-19,簡媜,月娘照眠牀,220,9789863875314,https://cdn.kobo.com/book-images/1dc984df-000f-4cfb-86bf-d71ead052b02/353/569/90/False/yifYBw_kEz-sjWx9O6wmTg.jpg,https://www.kobo.com/tw/zh/ebook/yifYBw_kEz-sjWx9O6wmTg?sId=c5299009-fdba-4750-827b-07734c035f7f
2025-05-19,簡媜,只緣身在此山中,224,9789863874911,https://cdn.kobo.com/book-images/a21ea0b7-2449-4d16-b4db-1aa18c1993f3/353/569/90/False/JR_gAXmObD6EROWQrNPmjw.jpg,https://www.kobo.com/tw/zh/ebook/JR_gAXmObD6EROWQrNPmjw?sId=c5299009-fdba-4750-827b-07734c035f7f
2025-05-19,簡媜,好一座浮島,210,9789863875666,https://cdn.kobo.com/book-images/dcfdfd36-7d3d-4201-89ab-681303731c15/353/569/90/False/tR63QOkIkjSZNYP1XN8qJQ.jpg,https://www.kobo.com/tw/zh/ebook/tR63QOkIkjSZNYP1XN8qJQ?sId=c5299009-fdba-4750-827b-07734c035f7f
2025-05-19,赫曼．赫塞,流浪者之歌／悉達多,214,9786267095010,https://cdn.kobo.com/book-images/3f321736-62ab-46cb-ae65-dabe29f7eea4/353/569/90/False/BZkTJbpWnTWsH4_ozeT9vA.jpg,https://www.kobo.com/tw/zh/ebook/BZkTJbpWnTWsH4_ozeT9vA?sId=ee929f05-fe2e-43d7-a020-44a62f9a8e59
2025-05-19,赫曼．赫塞,德米安：徬徨少年時 (告別徬徨，堅定地做你自己。全新無刪減完整譯本，慕尼黑大學圖書館愛藏版),245,3069869881963,https://cdn.kobo.com/book-images/a809baf5-4e7d-43c9-96e5-7d69fa248b50/353/569/90/False/6fn5ArUqVjSw56cshygW_Q.jpg,https://www.kobo.com/tw/zh/ebook/6fn5ArUqVjSw56cshygW_Q?sId=ee929f05-fe2e-43d7-a020-44a62f9a8e59
2025-05-19,赫曼．赫塞,荒野之狼,315,9786263966987,https://cdn.kobo.com/book-images/3bb495e7-b3a7-490f-be56-c4e3d0755850/353/569/90/False/8qvh-uvBNjeQ5sV5LtVHdw.jpg,https://www.kobo.com/tw/zh/ebook/8qvh-uvBNjeQ5sV5LtVHdw?sId=ee929f05-fe2e-43d7-a020-44a62f9a8e59
2025-05-19,赫曼．赫塞,流浪者之歌（首度德文直譯本）,210,3090000000515,https://cdn.kobo.com/book-images/f601d38b-894e-436d-852c-e48f41d06a75/353/569/90/False/uWrynH7_LjCJaQT5rWrZjg.jpg,https://www.kobo.com/tw/zh/ebook/uWrynH7_LjCJaQT5rWrZjg?sId=ee929f05-fe2e-43d7-a020-44a62f9a8e59
2025-05-19,赫曼．赫塞,赫曼赫塞童話故事集,250,3119864773930,https://cdn.kobo.com/book-images/5f4ae374-cda4-4a0c-a27f-58f4eb5939e0/353/569/90/False/fUpsq8DF8Tq5Lguv3pHWuQ.jpg,https://www.kobo.com/tw/zh/ebook/fUpsq8DF8Tq5Lguv3pHWuQ?sId=ee929f05-fe2e-43d7-a020-44a62f9a8e59
2025-05-19,赫曼．赫塞,悉達多【獨家收錄保羅．科爾賀專文導讀、林懷民繆思分享】：一首印度的詩（流浪者之歌）,196,9789864895397,https://cdn.kobo.com/book-images/827cfb45-6d4c-43cb-866a-eb45ca8c20c7/353/569/90/False/8X4BYN4ZszavG3vs7B0Jdg.jpg,https://www.kobo.com/tw/zh/ebook/8X4BYN4ZszavG3vs7B0Jdg?sId=ee929f05-fe2e-43d7-a020-44a62f9a8e59
2025-05-19,赫曼．赫塞,德米安【獨家收錄詹姆斯・法蘭科專文導讀】：埃米爾．辛克萊年少時的故事（徬徨少年時）,210,9789864895403,https://cdn.kobo.com/book-images/ae0cd56f-8ec4-4e2d-bc97-29ea34073182/353/569/90/False/ib-jIoEV2Dqm0I1tAc6TWQ.jpg,https://www.kobo.com/tw/zh/ebook/ib-jIoEV2Dqm0I1tAc6TWQ?sId=ee929f05-fe2e-43d7-a020-44a62f9a8e59
2025-05-19,赫曼．赫塞,流浪者之歌【感動解讀版】,400,9786269936137,https://cdn.kobo.com/book-images/921c4663-8c49-4f8f-a61f-e24755dbae11/353/569/90/False/JNfPTDEjDz-tAMfp3Egokg.jpg,https://www.kobo.com/tw/zh/ebook/JNfPTDEjDz-tAMfp3Egokg?sId=ee929f05-fe2e-43d7-a020-44a62f9a8e59
2025-05-19,赫曼．赫塞,流浪者之歌,245,9786263744417,https://cdn.kobo.com/book-images/dbaffb64-2df7-46df-9836-4b43eb375d74/353/569/90/False/SSmAUWRnWD-200t2EoH_qQ.jpg,https://www.kobo.com/tw/zh/ebook/SSmAUWRnWD-200t2EoH_qQ?sId=ee929f05-fe2e-43d7-a020-44a62f9a8e59
2025-05-19,赫曼．赫塞,荒野之狼（首度德文直譯本）,245,3090000005737,https://cdn.kobo.com/book-images/449cd682-c515-465f-b6f3-c5b59e8310e3/353/569/90/False/VFQPtyjUrTGJSlcoqoICxg.jpg,https://www.kobo.com/tw/zh/ebook/VFQPtyjUrTGJSlcoqoICxg?sId=ee929f05-fe2e-43d7-a020-44a62f9a8e59
2025-05-19,赫曼．赫塞,園圃之歌：諾貝爾文學獎大師赫曼．赫塞的自然哲思與手繪詩畫,266,9786269638079,https://cdn.kobo.com/book-images/f7453d28-8edd-4d0b-87ae-3f947835f381/353/569/90/False/jHi5IlslGTmTLqpPkwxScQ.jpg,https://www.kobo.com/tw/zh/ebook/jHi5IlslGTmTLqpPkwxScQ?sId=ee929f05-fe2e-43d7-a020-44a62f9a8e59
2025-05-19,赫曼．赫塞,德米安：彷徨少年時,228,7289867101822,https://cdn.kobo.com/book-images/897fa0c7-1c7f-4005-9de8-784febd6e287/353/569/90/False/ZNYK-tlfkD-IZy3hlnFJAw.jpg,https://www.kobo.com/tw/zh/ebook/ZNYK-tlfkD-IZy3hlnFJAw?sId=ee929f05-fe2e-43d7-a020-44a62f9a8e59
2025-05-19,赫曼．赫塞,在書中發現自己的靈魂：慢讀赫塞,250,3128000000104,https://cdn.kobo.com/book-images/5139dd71-3f40-4bbf-aaa6-752447892743/353/569/90/False/mj-jE6bxOTazX9ad0uwE7g.jpg,https://www.kobo.com/tw/zh/ebook/mj-jE6bxOTazX9ad0uwE7g?sId=2d29d86e-7930-450f-8881-584965c6356a
2025-05-19,赫曼．赫塞,徬徨少年時（德文直譯本）,196,3090000030292,https://cdn.kobo.com/book-images/0eb8b492-c683-4d13-8a2e-40fd1872ced9/353/569/90/False/p9r2phjlUzO8q-gEc3Ysmg.jpg,https://www.kobo.com/tw/zh/ebook/p9r2phjlUzO8q-gEc3Ysmg?sId=2d29d86e-7930-450f-8881-584965c6356a
2025-05-19,赫曼．赫塞,車輪下（首度德文直譯本）,210,3090000000590,https://cdn.kobo.com/book-images/40dde703-286a-487c-acca-3d0e177e4d0a/353/569/90/False/iRXS-e-7fzumzrZdY8d_8Q.jpg,https://www.kobo.com/tw/zh/ebook/iRXS-e-7fzumzrZdY8d_8Q?sId=2d29d86e-7930-450f-8881-584965c6356a
2025-05-19,赫曼．赫塞,悠遊之歌（三版）,175,9789864023936,https://cdn.kobo.com/book-images/e52679bc-171d-45f8-bf8a-8a159a9891ed/353/569/90/False/UHZLCrSJATqst2fZDCkzBA.jpg,https://www.kobo.com/tw/zh/ebook/UHZLCrSJATqst2fZDCkzBA?sId=2d29d86e-7930-450f-8881-584965c6356a
2025-05-19,赫曼．赫塞,生命之歌,210,3090000000496,https://cdn.kobo.com/book-images/cab95401-af95-4f91-9d80-41eee92dade2/353/569/90/False/kfbDCDZ4SD6jxk-LU1ireg.jpg,https://www.kobo.com/tw/zh/ebook/kfbDCDZ4SD6jxk-LU1ireg?sId=2d29d86e-7930-450f-8881-584965c6356a
2025-05-19,赫曼．赫塞,中學生好享讀：諾貝爾大師短篇小說選,225,6709863201113,https://cdn.kobo.com/book-images/f48eb899-1243-4d56-a687-e9d45c5de9ef/353/569/90/False/pnJCPVTatTGHkaHGe4iYMw.jpg,https://www.kobo.com/tw/zh/ebook/pnJCPVTatTGHkaHGe4iYMw?sId=2d29d86e-7930-450f-8881-584965c6356a
2025-05-19,赫曼．赫塞,鄉愁（德文直譯本）,196,3090000006527,https://cdn.kobo.com/book-images/567c8c31-ebf2-4ffb-a5b1-7e294bb27479/353/569/90/False/By8ilup3JjmH2kf5ty2N8g.jpg,https://www.kobo.com/tw/zh/ebook/By8ilup3JjmH2kf5ty2N8g?sId=2d29d86e-7930-450f-8881-584965c6356a
2025-05-19,赫曼．赫塞,荒野之狼（德文新譯本）,294,3119864771400,https://cdn.kobo.com/book-images/c81844a1-3034-4867-a324-b6f0bd00c252/353/569/90/False/6g6wxeuiYjuWU71oa_5Mzg.jpg,https://www.kobo.com/tw/zh/ebook/6g6wxeuiYjuWU71oa_5Mzg?sId=2d29d86e-7930-450f-8881-584965c6356a
2025-05-19,赫曼．赫塞,徬徨少年時,175,3090000000352,https://cdn.kobo.com/book-images/b98f888a-ae90-4674-8796-0c691b798c30/353/569/90/False/3cIVTFd3fz6t9pp0NaJsyA.jpg,https://www.kobo.com/tw/zh/ebook/3cIVTFd3fz6t9pp0NaJsyA?sId=2d29d86e-7930-450f-8881-584965c6356a
2025-05-19,赫曼．赫塞,德米安：埃米爾．辛克萊年少時的故事（徬徨少年時）,210,7384000000027,https://cdn.kobo.com/book-images/e921900f-2bfe-42d8-8547-198c1b3b42b1/353/569/90/False/pO0YjhmJajyGRrdkzlKsnA.jpg,https://www.kobo.com/tw/zh/audiobook/pO0YjhmJajyGRrdkzlKsnA?sId=2d29d86e-7930-450f-8881-584965c6356a
2025-05-19,赫曼．赫塞,悉達多：一首印度的詩（流浪者之歌）,210,7384000000026,https://cdn.kobo.com/book-images/2ebd8c79-acb7-430a-abd8-3998815f26dd/353/569/90/False/5P5w8osOvzauH183YElyCw.jpg,https://www.kobo.com/tw/zh/audiobook/5P5w8osOvzauH183YElyCw?sId=2d29d86e-7930-450f-8881-584965c6356a
2025-05-20,卡繆,異鄉人（卡繆版書衣）,154,3119861735450,https://cdn.kobo.com/book-images/24099253-90bc-4d80-8825-f6300e8b806f/353/569/90/False/gb2hSkF1KDGjqz18oam2aA.jpg,https://www.kobo.com/tw/zh/ebook/gb2hSkF1KDGjqz18oam2aA?sId=f1113d06-ccd0-45f7-900e-a5ddca556051
2025-05-20,卡繆,卡繆荒謬系列四部曲套書：《異鄉人》＋《薛西弗斯的神話》＋《卡里古拉》＋《誤會》【全新法文名家直譯，首次完整出版，親炙完整的卡繆荒謬哲學】,625,3150000000693,https://cdn.kobo.com/book-images/462128f0-194c-4f37-91e4-c9cdfbe0d7b2/353/569/90/False/iBMVIqmTtjmYjH2oJl_r8A.jpg,https://www.kobo.com/tw/zh/ebook/iBMVIqmTtjmYjH2oJl_r8A?sId=f1113d06-ccd0-45f7-900e-a5ddca556051
2025-05-20,卡繆,異鄉人（2020全新名家譯本，再現卡繆字句推敲的原義）,138,3150000000617,https://cdn.kobo.com/book-images/883f0dcf-e5f7-4dfe-b300-8d725a8da70d/353/569/90/False/0GQk9bH6VzyLV0Q9Faysow.jpg,https://www.kobo.com/tw/zh/ebook/0GQk9bH6VzyLV0Q9Faysow?sId=f1113d06-ccd0-45f7-900e-a5ddca556051
2025-05-20,卡繆,薛西弗斯的神話：卡繆的荒謬哲學,230,3120000000285,https://cdn.kobo.com/book-images/8cfb868b-d1ce-428f-9dc1-8a7b0724f790/353/569/90/False/dz7TJXld6DK-tFChkyuNug.jpg,https://www.kobo.com/tw/zh/ebook/dz7TJXld6DK-tFChkyuNug?sId=f1113d06-ccd0-45f7-900e-a5ddca556051
2025-05-20,卡繆,瘟疫（2021最新名家譯本，卡繆對疫情下被禁錮人心的鼓舞）,210,9789860777192,https://cdn.kobo.com/book-images/9618975f-d9f0-47af-bd43-571387f8a06a/353/569/90/False/wJ6ORaWSDj60GIzsDTf9Zg.jpg,https://www.kobo.com/tw/zh/ebook/wJ6ORaWSDj60GIzsDTf9Zg?sId=f1113d06-ccd0-45f7-900e-a5ddca556051
2025-05-20,卡繆,正義者（首次出版，法文直譯名家譯本，卡繆展現對正義與反抗的考驗）,155,9789860777161,https://cdn.kobo.com/book-images/9291fc65-996d-4a27-83f4-a141c345d8cb/353/569/90/False/QQT3HgwFsT2xefv4IRMF9w.jpg,https://www.kobo.com/tw/zh/ebook/QQT3HgwFsT2xefv4IRMF9w?sId=f1113d06-ccd0-45f7-900e-a5ddca556051
2025-05-20,卡繆,卡繆荒謬與反抗系列作品全集套書：荒謬系列四部曲《異鄉人》《薛西弗斯的神話》《卡里古拉》《誤會》＋反抗系列三部曲《瘟疫》《反抗者》《正義者》【全新法文名家直譯，首次完整出版，親炙完整的卡繆荒謬哲學】,1200,3150000000694,https://cdn.kobo.com/book-images/76f16f12-492e-4435-b792-e97bba1721d5/353/569/90/False/Kx45Q5lYKTqv_nEYbdwV2A.jpg,https://www.kobo.com/tw/zh/ebook/Kx45Q5lYKTqv_nEYbdwV2A?sId=f1113d06-ccd0-45f7-900e-a5ddca556051
2025-05-20,卡繆,薛西弗斯的神話,166,3150000000396,https://cdn.kobo.com/book-images/71d8cd60-c407-4367-bced-a36718fcf86f/353/569/90/False/t0r8j-Ym4jee3YDu96AA1w.jpg,https://www.kobo.com/tw/zh/ebook/t0r8j-Ym4jee3YDu96AA1w?sId=f1113d06-ccd0-45f7-900e-a5ddca556051
2025-05-20,卡繆,卡繆反抗三部曲套書：《瘟疫》＋《反抗者》＋《正義者》【全新法文名家直譯，首次完整出版，親炙完整的卡繆反抗思想】,575,3150000000687,https://cdn.kobo.com/book-images/9f980967-d3c1-4ac0-9f8c-f8e0ccbbcc60/353/569/90/False/B1m2jKOONjKjTMVkT5k1NQ.jpg,https://www.kobo.com/tw/zh/ebook/B1m2jKOONjKjTMVkT5k1NQ?sId=f1113d06-ccd0-45f7-900e-a5ddca556051
2025-05-20,卡繆,薛西弗斯的神話：點燃希望的哲學頌歌，法國七星文庫權威譯本【傅雷翻譯獎典藏版】,226,9786267596456,https://cdn.kobo.com/book-images/6ccfbf88-73ae-4691-b256-38387994ae56/353/569/90/False/7fFjSyTP9zKPTx3GcPFpfw.jpg,https://www.kobo.com/tw/zh/ebook/7fFjSyTP9zKPTx3GcPFpfw?sId=f1113d06-ccd0-45f7-900e-a5ddca556051
2025-05-20,卡繆,鼠疫,210,3119861737522,https://cdn.kobo.com/book-images/56a09ae8-dac7-4eb0-9dde-b427a5a1aacb/353/569/90/False/tGTtah0cyzKVQIXzpZ7NTQ.jpg,https://www.kobo.com/tw/zh/ebook/tGTtah0cyzKVQIXzpZ7NTQ?sId=f1113d06-ccd0-45f7-900e-a5ddca556051
2025-05-20,卡繆,誤會【1957年諾貝爾文學獎得主面對自我放逐之旅的核心之作】,155,9786267118139,https://cdn.kobo.com/book-images/f35af051-fd52-4e22-a2df-d19abd3abf6e/353/569/90/False/XznH9zQdijG-RQoi9MTYng.jpg,https://www.kobo.com/tw/zh/ebook/XznH9zQdijG-RQoi9MTYng?sId=f1113d06-ccd0-45f7-900e-a5ddca556051
2025-05-20,卡繆,快樂的死,175,3120000000639,https://cdn.kobo.com/book-images/57e8ecec-6b0d-4586-882a-1f7699f9b494/353/569/90/False/gnS7T3tgLTS1t3eLSRBEeA.jpg,https://www.kobo.com/tw/zh/ebook/gnS7T3tgLTS1t3eLSRBEeA?sId=e933ed60-9eef-4838-8cb7-241028eafa5a
2025-05-20,卡繆,卡里古拉【1957年諾貝爾文學獎得主描摹荒謬的經典代表作,166,9786267118108,https://cdn.kobo.com/book-images/228a6362-9e74-450c-806f-26d0291b0115/353/569/90/False/bUv8_ShWSDyzoufG54r66g.jpg,https://www.kobo.com/tw/zh/ebook/bUv8_ShWSDyzoufG54r66g?sId=e933ed60-9eef-4838-8cb7-241028eafa5a
2025-05-20,卡繆,放逐與王國：卡繆短篇小說,260,9789865482541,https://cdn.kobo.com/book-images/033f901a-cea5-456e-9a5c-534f67c7dd33/353/569/90/False/SmaLhyIaRTOPTVVkw9jskg.jpg,https://www.kobo.com/tw/zh/ebook/SmaLhyIaRTOPTVVkw9jskg?sId=e933ed60-9eef-4838-8cb7-241028eafa5a
2025-05-20,卡繆,異鄉人,179,3039571384641,https://cdn.kobo.com/book-images/81e2cbee-7fb1-445c-8a9a-54f11683b376/353/569/90/False/wUn6RJK3RjCYH8YflJqYFw.jpg,https://www.kobo.com/tw/zh/ebook/wUn6RJK3RjCYH8YflJqYFw?sId=e933ed60-9eef-4838-8cb7-241028eafa5a
2025-05-20,卡繆,異鄉人（卡繆經典暢銷作․中文版有聲書首度上市）,220,9789863449263,https://cdn.kobo.com/book-images/a910e55d-8df0-43d3-8ef2-df7dc21d51ba/353/569/90/False/t1OO6Q03qjuX0wfMsaUVPg.jpg,https://www.kobo.com/tw/zh/audiobook/t1OO6Q03qjuX0wfMsaUVPg?sId=e933ed60-9eef-4838-8cb7-241028eafa5a
2025-05-20,卡繆,鼠疫【全新名家譯本】（特別收錄哲學解析〈一部存在主義小說的後現代閱讀〉）,266,9789864895434,https://cdn.kobo.com/book-images/f4d068a2-498d-4817-97dd-d7492dc32b10/353/569/90/False/K9cd87y5oDGaSXDvYBOiAg.jpg,https://www.kobo.com/tw/zh/ebook/K9cd87y5oDGaSXDvYBOiAg?sId=e933ed60-9eef-4838-8cb7-241028eafa5a
2025-05-20,卡繆,反抗者（新版）,210,3150000000392,https://cdn.kobo.com/book-images/0169f08d-1636-4fe9-865e-ac9323facfa7/353/569/90/False/dnhkQv1woTKBLngzg4RbMg.jpg,https://www.kobo.com/tw/zh/ebook/dnhkQv1woTKBLngzg4RbMg?sId=e933ed60-9eef-4838-8cb7-241028eafa5a
2025-05-20,卡繆,瘟疫（名家經典新譯）,228,9789865482473,https://cdn.kobo.com/book-images/edbaf1b0-60cf-4781-90e1-dcb3d6358348/353/569/90/False/XSi3S6nkVz2SFyXwXYLq1g.jpg,https://www.kobo.com/tw/zh/ebook/XSi3S6nkVz2SFyXwXYLq1g?sId=e933ed60-9eef-4838-8cb7-241028eafa5a
2025-05-20,卡繆,異鄉人【獨家收錄沙特評論・2022全新名家譯本】,196,9789864896073,https://cdn.kobo.com/book-images/a71e071c-2ddd-47b0-ba0d-0ad67a3261c3/353/569/90/False/VQ2InesBOjKI-Xv96viLqA.jpg,https://www.kobo.com/tw/zh/ebook/VQ2InesBOjKI-Xv96viLqA?sId=e933ed60-9eef-4838-8cb7-241028eafa5a
2025-05-20,卡繆,異鄉人：最值得珍藏的名家譯本,224,3119864778287,https://cdn.kobo.com/book-images/59186bf1-d059-4aeb-afcb-36b164712ef7/353/569/90/False/XRU3eRrUUD6pvlI4liPZbg.jpg,https://www.kobo.com/tw/zh/ebook/XRU3eRrUUD6pvlI4liPZbg?sId=e933ed60-9eef-4838-8cb7-241028eafa5a
2025-05-20,卡繆,鼠疫（卡繆經典暢銷作․中文版有聲書首度上市）,300,9789863449270,https://cdn.kobo.com/book-images/ba766fe2-65df-4d69-83bc-798bf2340c10/353/569/90/False/AMe0qKS-yzinEfp_ItutUg.jpg,https://www.kobo.com/tw/zh/audiobook/AMe0qKS-yzinEfp_ItutUg?sId=e933ed60-9eef-4838-8cb7-241028eafa5a
2025-05-20,卡繆,瘟疫,210,9789861785516,https://cdn.kobo.com/book-images/8d4f032e-dd57-4b50-a7d8-07f8e494bce5/353/569/90/False/sQ5ce_0gtz-yiFpE7SxWag.jpg,https://www.kobo.com/tw/zh/ebook/sQ5ce_0gtz-yiFpE7SxWag?sId=e933ed60-9eef-4838-8cb7-241028eafa5a
2025-05-20,卡繆,放逐與王國,210,9789863874133,https://cdn.kobo.com/book-images/5f1ba02d-68c9-4aa5-85ab-824c904439e9/353/569/90/False/RVGALpaZsjaTbCo1SdZXqw.jpg,https://www.kobo.com/tw/zh/ebook/RVGALpaZsjaTbCo1SdZXqw?sId=d695c42d-0c3b-45fb-a12e-98af4496914a
2025-05-20,卡繆,異鄉人,170,6849862272770,https://cdn.kobo.com/book-images/2f2b24f2-6a61-4ae2-a409-29c8eb0bc992/353/569/90/False/GYi3emouATurt5CEXNGY7A.jpg,https://www.kobo.com/tw/zh/ebook/GYi3emouATurt5CEXNGY7A?sId=d695c42d-0c3b-45fb-a12e-98af4496914a
2025-05-20,卡繆,第一人：《異鄉人》存在主義大師的最後遺作！沒讀過《第一人》，就無法了解真正的卡繆！,360,7435000003050,https://cdn.kobo.com/book-images/1000dae4-0e54-4613-994a-2ca68f225aaf/353/569/90/False/mBrCwjCDbT-OmxW_MxQCPg.jpg,https://www.kobo.com/tw/zh/audiobook/mBrCwjCDbT-OmxW_MxQCPg?sId=d695c42d-0c3b-45fb-a12e-98af4496914a
2025-05-20,卡繆,墮落,182,9789861787558,https://cdn.kobo.com/book-images/023f55c5-13cf-4e65-aaa2-e1d0eebea177/353/569/90/False/ie-dvcJKuTWxECoQpt7ptg.jpg,https://www.kobo.com/tw/zh/ebook/ie-dvcJKuTWxECoQpt7ptg?sId=d695c42d-0c3b-45fb-a12e-98af4496914a
2025-05-20,卡繆,異鄉人：荒謬三部曲，首部,210,7384000000024,https://cdn.kobo.com/book-images/12dc1249-e584-452a-a159-54be7be82c4d/353/569/90/False/MDkYBsM0cTm5Kq9j-44S0A.jpg,https://www.kobo.com/tw/zh/audiobook/MDkYBsM0cTm5Kq9j-44S0A?sId=d695c42d-0c3b-45fb-a12e-98af4496914a
2025-05-20,簡媜,十種寂寞,252,7390863873877,https://cdn.kobo.com/book-images/137d5050-a414-4644-a453-8236a3c7338c/353/569/90/False/SS3f6q_OmzG6ixjEoQQSBw.jpg,https://www.kobo.com/tw/zh/ebook/SS3f6q_OmzG6ixjEoQQSBw?sId=62c028cb-a327-4a6b-8428-490f19237df3
2025-05-20,簡媜,女兒紅,196,9789863874096,https://cdn.kobo.com/book-images/73163054-0990-4413-b92d-a3d20f20ebaa/353/569/90/False/DBqadeV-gT-bmmVuqDItJg.jpg,https://www.kobo.com/tw/zh/ebook/DBqadeV-gT-bmmVuqDItJg?sId=62c028cb-a327-4a6b-8428-490f19237df3
2025-05-20,簡媜,我為你灑下月光,336,7390863872337,https://cdn.kobo.com/book-images/8d8c685d-f3c5-4e43-a07c-4a7a91f5ad22/353/569/90/False/RBqeU8INXTCG7D8npjR0bw.jpg,https://www.kobo.com/tw/zh/ebook/RBqeU8INXTCG7D8npjR0bw?sId=62c028cb-a327-4a6b-8428-490f19237df3
2025-05-20,簡媜,夢遊書,196,9789863874546,https://cdn.kobo.com/book-images/df1c79f2-8ad2-4ed8-9f37-293c81359dd8/353/569/90/False/p_nX7y-6_D6gGQiQ7O__sw.jpg,https://www.kobo.com/tw/zh/ebook/p_nX7y-6_D6gGQiQ7O__sw?sId=62c028cb-a327-4a6b-8428-490f19237df3
2025-05-20,簡媜,老師的十二樣見面禮,224,7390866873232,https://cdn.kobo.com/book-images/912cffcc-12b7-4881-820d-605be5c0f456/353/569/90/False/Opeot0Gw9zeKOcdaOXIiCg.jpg,https://www.kobo.com/tw/zh/ebook/Opeot0Gw9zeKOcdaOXIiCg?sId=62c028cb-a327-4a6b-8428-490f19237df3
2025-05-20,簡媜,紅嬰仔：一個女人和她的育嬰史,252,7390863873068,https://cdn.kobo.com/book-images/4c769dfc-5feb-45bb-bad9-d22ff6fe4425/353/569/90/False/3-XKV53DSzqry1rJm_LJEA.jpg,https://www.kobo.com/tw/zh/ebook/3-XKV53DSzqry1rJm_LJEA?sId=62c028cb-a327-4a6b-8428-490f19237df3
2025-05-20,簡媜,誰在銀閃閃的地方，等你（增訂版）,392,9789863876021,https://cdn.kobo.com/book-images/18d8f7d3-ad8d-4473-b1b7-aba2ada08383/353/569/90/False/tyYjDkeqiza61CrkeCJu7w.jpg,https://www.kobo.com/tw/zh/ebook/tyYjDkeqiza61CrkeCJu7w?sId=62c028cb-a327-4a6b-8428-490f19237df3
2025-05-20,簡媜,與歲月同等心跳,210,9789863877479,https://cdn.kobo.com/book-images/5dc05880-531e-4ce8-9a89-99be05f5d02b/353/569/90/False/1Cgc_XKbQj6NkWrPuaKd2g.jpg,https://www.kobo.com/tw/zh/ebook/1Cgc_XKbQj6NkWrPuaKd2g?sId=62c028cb-a327-4a6b-8428-490f19237df3
2025-05-20,簡媜,一個人漫遊，古典森林,315,9789863877745,https://cdn.kobo.com/book-images/0c528bc8-18ea-46e3-acf0-f4c80125be95/353/569/90/False/Yyl9S4wUuDu8rltsfwH3UQ.jpg,https://www.kobo.com/tw/zh/ebook/Yyl9S4wUuDu8rltsfwH3UQ?sId=62c028cb-a327-4a6b-8428-490f19237df3
2025-05-20,簡媜,胭脂盆地,196,9789863874553,https://cdn.kobo.com/book-images/0ce65bd8-31e7-48ec-b6c2-f3b4da8f4cb7/353/569/90/False/_jcUd4QT3T6w0ZguwcDvlg.jpg,https://www.kobo.com/tw/zh/ebook/_jcUd4QT3T6w0ZguwcDvlg?sId=62c028cb-a327-4a6b-8428-490f19237df3
2025-05-20,簡媜,旅人之歌——神遊山水詩,210,9789863877516,https://cdn.kobo.com/book-images/ba7b0973-6125-415b-91a8-f4910ba8f09b/353/569/90/False/BEgyL0ETLzSJLhvVE5yKmQ.jpg,https://www.kobo.com/tw/zh/ebook/BEgyL0ETLzSJLhvVE5yKmQ?sId=62c028cb-a327-4a6b-8428-490f19237df3
2025-05-20,簡媜,吃朋友,245,7390866631382,https://cdn.kobo.com/book-images/03cd221a-bef1-420d-96fa-a1ff5f2ec5f8/353/569/90/False/5xrS1tW6YT6YFfX6xajasQ.jpg,https://www.kobo.com/tw/zh/ebook/5xrS1tW6YT6YFfX6xajasQ?sId=62c028cb-a327-4a6b-8428-490f19237df3
2025-05-20,簡媜,老師的十二樣見面禮（增訂版）,329,9789863876236,https://cdn.kobo.com/book-images/5ddd0b2a-a9d1-403d-92c3-60f91baba3c6/353/569/90/False/7r6In9z6kTuCg3twvvZA2g.jpg,https://www.kobo.com/tw/zh/ebook/7r6In9z6kTuCg3twvvZA2g?sId=85852243-d2f7-446e-8589-61763e8c1a1d
2025-05-20,簡媜,密密語,280,9789863876953,https://cdn.kobo.com/book-images/76e8fe19-e84d-4b62-9707-03393a023486/353/569/90/False/mMg1YwJL9TemPTAVwHZbvw.jpg,https://www.kobo.com/tw/zh/ebook/mMg1YwJL9TemPTAVwHZbvw?sId=85852243-d2f7-446e-8589-61763e8c1a1d
2025-05-20,簡媜,微暈的樹林,210,9789863875857,https://cdn.kobo.com/book-images/df67a2d3-dab3-4ea6-bdd2-0f0e2b62a151/353/569/90/False/lRjcIazDljKdQZof57Hd9A.jpg,https://www.kobo.com/tw/zh/ebook/lRjcIazDljKdQZof57Hd9A?sId=85852243-d2f7-446e-8589-61763e8c1a1d
2025-05-20,簡媜,下午茶,160,9789863876946,https://cdn.kobo.com/book-images/84781262-e7bd-4d10-a3c7-d19910fafa73/353/569/90/False/5iBW0pa_Wj2IztG5D0yKyw.jpg,https://www.kobo.com/tw/zh/ebook/5iBW0pa_Wj2IztG5D0yKyw?sId=85852243-d2f7-446e-8589-61763e8c1a1d
2025-05-20,簡媜,天涯海角──福爾摩沙抒情誌,245,7390863873471,https://cdn.kobo.com/book-images/af00ba7f-99c1-44ae-b3d3-81c4e6e37430/353/569/90/False/y2QggT-GWz28HjuY_ABx1w.jpg,https://www.kobo.com/tw/zh/ebook/y2QggT-GWz28HjuY_ABx1w?sId=85852243-d2f7-446e-8589-61763e8c1a1d
2025-05-20,簡媜,舊情復燃,220,9789863876380,https://cdn.kobo.com/book-images/97241a9a-8187-4195-a573-9a921c04b9cc/353/569/90/False/wieReZ4jqT2vpPAPLsLmkA.jpg,https://www.kobo.com/tw/zh/ebook/wieReZ4jqT2vpPAPLsLmkA?sId=85852243-d2f7-446e-8589-61763e8c1a1d
2025-05-20,簡媜,只緣身在此山中,224,9789863874911,https://cdn.kobo.com/book-images/a21ea0b7-2449-4d16-b4db-1aa18c1993f3/353/569/90/False/JR_gAXmObD6EROWQrNPmjw.jpg,https://www.kobo.com/tw/zh/ebook/JR_gAXmObD6EROWQrNPmjw?sId=85852243-d2f7-446e-8589-61763e8c1a1d
2025-05-20,簡媜,月娘照眠牀,220,9789863875314,https://cdn.kobo.com/book-images/1dc984df-000f-4cfb-86bf-d71ead052b02/353/569/90/False/yifYBw_kEz-sjWx9O6wmTg.jpg,https://www.kobo.com/tw/zh/ebook/yifYBw_kEz-sjWx9O6wmTg?sId=85852243-d2f7-446e-8589-61763e8c1a1d
2025-05-20,簡媜,好一座浮島,210,9789863875666,https://cdn.kobo.com/book-images/dcfdfd36-7d3d-4201-89ab-681303731c15/353/569/90/False/tR63QOkIkjSZNYP1XN8qJQ.jpg,https://www.kobo.com/tw/zh/ebook/tR63QOkIkjSZNYP1XN8qJQ?sId=85852243-d2f7-446e-8589-61763e8c1a1d
2025-05-20,赫曼．赫塞,流浪者之歌／悉達多,214,9786267095010,https://cdn.kobo.com/book-images/3f321736-62ab-46cb-ae65-dabe29f7eea4/353/569/90/False/BZkTJbpWnTWsH4_ozeT9vA.jpg,https://www.kobo.com/tw/zh/ebook/BZkTJbpWnTWsH4_ozeT9vA?sId=077fb30c-8dd2-4832-959d-05a54b37e084
2025-05-20,赫曼．赫塞,德米安：徬徨少年時 (告別徬徨，堅定地做你自己。全新無刪減完整譯本，慕尼黑大學圖書館愛藏版),245,3069869881963,https://cdn.kobo.com/book-images/a809baf5-4e7d-43c9-96e5-7d69fa248b50/353/569/90/False/6fn5ArUqVjSw56cshygW_Q.jpg,https://www.kobo.com/tw/zh/ebook/6fn5ArUqVjSw56cshygW_Q?sId=077fb30c-8dd2-4832-959d-05a54b37e084
2025-05-20,赫曼．赫塞,流浪者之歌（首度德文直譯本）,210,3090000000515,https://cdn.kobo.com/book-images/f601d38b-894e-436d-852c-e48f41d06a75/353/569/90/False/uWrynH7_LjCJaQT5rWrZjg.jpg,https://www.kobo.com/tw/zh/ebook/uWrynH7_LjCJaQT5rWrZjg?sId=077fb30c-8dd2-4832-959d-05a54b37e084
2025-05-20,赫曼．赫塞,赫曼赫塞童話故事集,250,3119864773930,https://cdn.kobo.com/book-images/5f4ae374-cda4-4a0c-a27f-58f4eb5939e0/353/569/90/False/fUpsq8DF8Tq5Lguv3pHWuQ.jpg,https://www.kobo.com/tw/zh/ebook/fUpsq8DF8Tq5Lguv3pHWuQ?sId=077fb30c-8dd2-4832-959d-05a54b37e084
2025-05-20,赫曼．赫塞,荒野之狼,315,9786263966987,https://cdn.kobo.com/book-images/3bb495e7-b3a7-490f-be56-c4e3d0755850/353/569/90/False/8qvh-uvBNjeQ5sV5LtVHdw.jpg,https://www.kobo.com/tw/zh/ebook/8qvh-uvBNjeQ5sV5LtVHdw?sId=077fb30c-8dd2-4832-959d-05a54b37e084
2025-05-20,赫曼．赫塞,悉達多【獨家收錄保羅．科爾賀專文導讀、林懷民繆思分享】：一首印度的詩（流浪者之歌）,196,9789864895397,https://cdn.kobo.com/book-images/827cfb45-6d4c-43cb-866a-eb45ca8c20c7/353/569/90/False/8X4BYN4ZszavG3vs7B0Jdg.jpg,https://www.kobo.com/tw/zh/ebook/8X4BYN4ZszavG3vs7B0Jdg?sId=077fb30c-8dd2-4832-959d-05a54b37e084
2025-05-20,赫曼．赫塞,德米安【獨家收錄詹姆斯・法蘭科專文導讀】：埃米爾．辛克萊年少時的故事（徬徨少年時）,210,9789864895403,https://cdn.kobo.com/book-images/ae0cd56f-8ec4-4e2d-bc97-29ea34073182/353/569/90/False/ib-jIoEV2Dqm0I1tAc6TWQ.jpg,https://www.kobo.com/tw/zh/ebook/ib-jIoEV2Dqm0I1tAc6TWQ?sId=077fb30c-8dd2-4832-959d-05a54b37e084
2025-05-20,赫曼．赫塞,園圃之歌：諾貝爾文學獎大師赫曼．赫塞的自然哲思與手繪詩畫,266,9786269638079,https://cdn.kobo.com/book-images/f7453d28-8edd-4d0b-87ae-3f947835f381/353/569/90/False/jHi5IlslGTmTLqpPkwxScQ.jpg,https://www.kobo.com/tw/zh/ebook/jHi5IlslGTmTLqpPkwxScQ?sId=077fb30c-8dd2-4832-959d-05a54b37e084
2025-05-20,赫曼．赫塞,荒野之狼（首度德文直譯本）,245,3090000005737,https://cdn.kobo.com/book-images/449cd682-c515-465f-b6f3-c5b59e8310e3/353/569/90/False/VFQPtyjUrTGJSlcoqoICxg.jpg,https://www.kobo.com/tw/zh/ebook/VFQPtyjUrTGJSlcoqoICxg?sId=077fb30c-8dd2-4832-959d-05a54b37e084
2025-05-20,赫曼．赫塞,流浪者之歌,245,9786263744417,https://cdn.kobo.com/book-images/dbaffb64-2df7-46df-9836-4b43eb375d74/353/569/90/False/SSmAUWRnWD-200t2EoH_qQ.jpg,https://www.kobo.com/tw/zh/ebook/SSmAUWRnWD-200t2EoH_qQ?sId=077fb30c-8dd2-4832-959d-05a54b37e084
2025-05-20,赫曼．赫塞,流浪者之歌【感動解讀版】,400,9786269936137,https://cdn.kobo.com/book-images/921c4663-8c49-4f8f-a61f-e24755dbae11/353/569/90/False/JNfPTDEjDz-tAMfp3Egokg.jpg,https://www.kobo.com/tw/zh/ebook/JNfPTDEjDz-tAMfp3Egokg?sId=077fb30c-8dd2-4832-959d-05a54b37e084
2025-05-20,赫曼．赫塞,德米安：彷徨少年時,228,7289867101822,https://cdn.kobo.com/book-images/897fa0c7-1c7f-4005-9de8-784febd6e287/353/569/90/False/ZNYK-tlfkD-IZy3hlnFJAw.jpg,https://www.kobo.com/tw/zh/ebook/ZNYK-tlfkD-IZy3hlnFJAw?sId=077fb30c-8dd2-4832-959d-05a54b37e084
2025-05-20,赫曼．赫塞,在書中發現自己的靈魂：慢讀赫塞,250,3128000000104,https://cdn.kobo.com/book-images/5139dd71-3f40-4bbf-aaa6-752447892743/353/569/90/False/mj-jE6bxOTazX9ad0uwE7g.jpg,https://www.kobo.com/tw/zh/ebook/mj-jE6bxOTazX9ad0uwE7g?sId=adc87683-0148-4935-8327-7c944b2e62ba
2025-05-20,赫曼．赫塞,徬徨少年時（德文直譯本）,196,3090000030292,https://cdn.kobo.com/book-images/0eb8b492-c683-4d13-8a2e-40fd1872ced9/353/569/90/False/p9r2phjlUzO8q-gEc3Ysmg.jpg,https://www.kobo.com/tw/zh/ebook/p9r2phjlUzO8q-gEc3Ysmg?sId=adc87683-0148-4935-8327-7c944b2e62ba
2025-05-20,赫曼．赫塞,車輪下（首度德文直譯本）,210,3090000000590,https://cdn.kobo.com/book-images/40dde703-286a-487c-acca-3d0e177e4d0a/353/569/90/False/iRXS-e-7fzumzrZdY8d_8Q.jpg,https://www.kobo.com/tw/zh/ebook/iRXS-e-7fzumzrZdY8d_8Q?sId=adc87683-0148-4935-8327-7c944b2e62ba
2025-05-20,赫曼．赫塞,悠遊之歌（三版）,175,9789864023936,https://cdn.kobo.com/book-images/e52679bc-171d-45f8-bf8a-8a159a9891ed/353/569/90/False/UHZLCrSJATqst2fZDCkzBA.jpg,https://www.kobo.com/tw/zh/ebook/UHZLCrSJATqst2fZDCkzBA?sId=adc87683-0148-4935-8327-7c944b2e62ba
2025-05-20,赫曼．赫塞,生命之歌,210,3090000000496,https://cdn.kobo.com/book-images/cab95401-af95-4f91-9d80-41eee92dade2/353/569/90/False/kfbDCDZ4SD6jxk-LU1ireg.jpg,https://www.kobo.com/tw/zh/ebook/kfbDCDZ4SD6jxk-LU1ireg?sId=adc87683-0148-4935-8327-7c944b2e62ba
2025-05-20,赫曼．赫塞,中學生好享讀：諾貝爾大師短篇小說選,225,6709863201113,https://cdn.kobo.com/book-images/f48eb899-1243-4d56-a687-e9d45c5de9ef/353/569/90/False/pnJCPVTatTGHkaHGe4iYMw.jpg,https://www.kobo.com/tw/zh/ebook/pnJCPVTatTGHkaHGe4iYMw?sId=adc87683-0148-4935-8327-7c944b2e62ba
2025-05-20,赫曼．赫塞,鄉愁（德文直譯本）,196,3090000006527,https://cdn.kobo.com/book-images/567c8c31-ebf2-4ffb-a5b1-7e294bb27479/353/569/90/False/By8ilup3JjmH2kf5ty2N8g.jpg,https://www.kobo.com/tw/zh/ebook/By8ilup3JjmH2kf5ty2N8g?sId=adc87683-0148-4935-8327-7c944b2e62ba
2025-05-20,赫曼．赫塞,荒野之狼（德文新譯本）,294,3119864771400,https://cdn.kobo.com/book-images/c81844a1-3034-4867-a324-b6f0bd00c252/353/569/90/False/6g6wxeuiYjuWU71oa_5Mzg.jpg,https://www.kobo.com/tw/zh/ebook/6g6wxeuiYjuWU71oa_5Mzg?sId=adc87683-0148-4935-8327-7c944b2e62ba
2025-05-20,赫曼．赫塞,徬徨少年時,175,3090000000352,https://cdn.kobo.com/book-images/b98f888a-ae90-4674-8796-0c691b798c30/353/569/90/False/3cIVTFd3fz6t9pp0NaJsyA.jpg,https://www.kobo.com/tw/zh/ebook/3cIVTFd3fz6t9pp0NaJsyA?sId=adc87683-0148-4935-8327-7c944b2e62ba
2025-05-20,赫曼．赫塞,德米安：埃米爾．辛克萊年少時的故事（徬徨少年時）,210,7384000000027,https://cdn.kobo.com/book-images/e921900f-2bfe-42d8-8547-198c1b3b42b1/353/569/90/False/pO0YjhmJajyGRrdkzlKsnA.jpg,https://www.kobo.com/tw/zh/audiobook/pO0YjhmJajyGRrdkzlKsnA?sId=adc87683-0148-4935-8327-7c944b2e62ba
2025-05-20,赫曼．赫塞,悉達多：一首印度的詩（流浪者之歌）,210,7384000000026,https://cdn.kobo.com/book-images/2ebd8c79-acb7-430a-abd8-3998815f26dd/353/569/90/False/5P5w8osOvzauH183YElyCw.jpg,https://www.kobo.com/tw/zh/audiobook/5P5w8osOvzauH183YElyCw?sId=adc87683-0148-4935-8327-7c944b2e62ba
2025-05-21,卡繆,異鄉人（卡繆版書衣）,154,3119861735450,https://cdn.kobo.com/book-images/24099253-90bc-4d80-8825-f6300e8b806f/353/569/90/False/gb2hSkF1KDGjqz18oam2aA.jpg,https://www.kobo.com/tw/zh/ebook/gb2hSkF1KDGjqz18oam2aA?sId=a9102eae-fdb3-41d0-b225-b0af2f2ccd74
2025-05-21,卡繆,卡繆荒謬系列四部曲套書：《異鄉人》＋《薛西弗斯的神話》＋《卡里古拉》＋《誤會》【全新法文名家直譯，首次完整出版，親炙完整的卡繆荒謬哲學】,625,3150000000693,https://cdn.kobo.com/book-images/462128f0-194c-4f37-91e4-c9cdfbe0d7b2/353/569/90/False/iBMVIqmTtjmYjH2oJl_r8A.jpg,https://www.kobo.com/tw/zh/ebook/iBMVIqmTtjmYjH2oJl_r8A?sId=a9102eae-fdb3-41d0-b225-b0af2f2ccd74
2025-05-21,卡繆,薛西弗斯的神話：卡繆的荒謬哲學,230,3120000000285,https://cdn.kobo.com/book-images/8cfb868b-d1ce-428f-9dc1-8a7b0724f790/353/569/90/False/dz7TJXld6DK-tFChkyuNug.jpg,https://www.kobo.com/tw/zh/ebook/dz7TJXld6DK-tFChkyuNug?sId=a9102eae-fdb3-41d0-b225-b0af2f2ccd74
2025-05-21,卡繆,異鄉人（2020全新名家譯本，再現卡繆字句推敲的原義）,138,3150000000617,https://cdn.kobo.com/book-images/883f0dcf-e5f7-4dfe-b300-8d725a8da70d/353/569/90/False/0GQk9bH6VzyLV0Q9Faysow.jpg,https://www.kobo.com/tw/zh/ebook/0GQk9bH6VzyLV0Q9Faysow?sId=a9102eae-fdb3-41d0-b225-b0af2f2ccd74
2025-05-21,卡繆,瘟疫（2021最新名家譯本，卡繆對疫情下被禁錮人心的鼓舞）,210,9789860777192,https://cdn.kobo.com/book-images/9618975f-d9f0-47af-bd43-571387f8a06a/353/569/90/False/wJ6ORaWSDj60GIzsDTf9Zg.jpg,https://www.kobo.com/tw/zh/ebook/wJ6ORaWSDj60GIzsDTf9Zg?sId=a9102eae-fdb3-41d0-b225-b0af2f2ccd74
2025-05-21,卡繆,正義者（首次出版，法文直譯名家譯本，卡繆展現對正義與反抗的考驗）,155,9789860777161,https://cdn.kobo.com/book-images/9291fc65-996d-4a27-83f4-a141c345d8cb/353/569/90/False/QQT3HgwFsT2xefv4IRMF9w.jpg,https://www.kobo.com/tw/zh/ebook/QQT3HgwFsT2xefv4IRMF9w?sId=a9102eae-fdb3-41d0-b225-b0af2f2ccd74
2025-05-21,卡繆,卡繆荒謬與反抗系列作品全集套書：荒謬系列四部曲《異鄉人》《薛西弗斯的神話》《卡里古拉》《誤會》＋反抗系列三部曲《瘟疫》《反抗者》《正義者》【全新法文名家直譯，首次完整出版，親炙完整的卡繆荒謬哲學】,1200,3150000000694,https://cdn.kobo.com/book-images/76f16f12-492e-4435-b792-e97bba1721d5/353/569/90/False/Kx45Q5lYKTqv_nEYbdwV2A.jpg,https://www.kobo.com/tw/zh/ebook/Kx45Q5lYKTqv_nEYbdwV2A?sId=a9102eae-fdb3-41d0-b225-b0af2f2ccd74
2025-05-21,卡繆,薛西弗斯的神話,166,3150000000396,https://cdn.kobo.com/book-images/71d8cd60-c407-4367-bced-a36718fcf86f/353/569/90/False/t0r8j-Ym4jee3YDu96AA1w.jpg,https://www.kobo.com/tw/zh/ebook/t0r8j-Ym4jee3YDu96AA1w?sId=a9102eae-fdb3-41d0-b225-b0af2f2ccd74
2025-05-21,卡繆,卡繆反抗三部曲套書：《瘟疫》＋《反抗者》＋《正義者》【全新法文名家直譯，首次完整出版，親炙完整的卡繆反抗思想】,575,3150000000687,https://cdn.kobo.com/book-images/9f980967-d3c1-4ac0-9f8c-f8e0ccbbcc60/353/569/90/False/B1m2jKOONjKjTMVkT5k1NQ.jpg,https://www.kobo.com/tw/zh/ebook/B1m2jKOONjKjTMVkT5k1NQ?sId=a9102eae-fdb3-41d0-b225-b0af2f2ccd74
2025-05-21,卡繆,薛西弗斯的神話：點燃希望的哲學頌歌，法國七星文庫權威譯本【傅雷翻譯獎典藏版】,226,9786267596456,https://cdn.kobo.com/book-images/6ccfbf88-73ae-4691-b256-38387994ae56/353/569/90/False/7fFjSyTP9zKPTx3GcPFpfw.jpg,https://www.kobo.com/tw/zh/ebook/7fFjSyTP9zKPTx3GcPFpfw?sId=a9102eae-fdb3-41d0-b225-b0af2f2ccd74
2025-05-21,卡繆,鼠疫,210,3119861737522,https://cdn.kobo.com/book-images/56a09ae8-dac7-4eb0-9dde-b427a5a1aacb/353/569/90/False/tGTtah0cyzKVQIXzpZ7NTQ.jpg,https://www.kobo.com/tw/zh/ebook/tGTtah0cyzKVQIXzpZ7NTQ?sId=a9102eae-fdb3-41d0-b225-b0af2f2ccd74
2025-05-21,卡繆,快樂的死,175,3120000000639,https://cdn.kobo.com/book-images/57e8ecec-6b0d-4586-882a-1f7699f9b494/353/569/90/False/gnS7T3tgLTS1t3eLSRBEeA.jpg,https://www.kobo.com/tw/zh/ebook/gnS7T3tgLTS1t3eLSRBEeA?sId=a9102eae-fdb3-41d0-b225-b0af2f2ccd74
2025-05-21,卡繆,誤會【1957年諾貝爾文學獎得主面對自我放逐之旅的核心之作】,,9786267118139,https://cdn.kobo.com/book-images/f35af051-fd52-4e22-a2df-d19abd3abf6e/353/569/90/False/XznH9zQdijG-RQoi9MTYng.jpg,https://www.kobo.com/tw/zh/ebook/XznH9zQdijG-RQoi9MTYng?sId=f9aff68d-6177-428a-bb09-68f65953eb7a
2025-05-21,卡繆,卡里古拉【1957年諾貝爾文學獎得主描摹荒謬的經典代表作,166,9786267118108,https://cdn.kobo.com/book-images/228a6362-9e74-450c-806f-26d0291b0115/353/569/90/False/bUv8_ShWSDyzoufG54r66g.jpg,https://www.kobo.com/tw/zh/ebook/bUv8_ShWSDyzoufG54r66g?sId=f9aff68d-6177-428a-bb09-68f65953eb7a
2025-05-21,卡繆,放逐與王國：卡繆短篇小說,260,9789865482541,https://cdn.kobo.com/book-images/033f901a-cea5-456e-9a5c-534f67c7dd33/353/569/90/False/SmaLhyIaRTOPTVVkw9jskg.jpg,https://www.kobo.com/tw/zh/ebook/SmaLhyIaRTOPTVVkw9jskg?sId=f9aff68d-6177-428a-bb09-68f65953eb7a
2025-05-21,卡繆,異鄉人,179,3039571384641,https://cdn.kobo.com/book-images/81e2cbee-7fb1-445c-8a9a-54f11683b376/353/569/90/False/wUn6RJK3RjCYH8YflJqYFw.jpg,https://www.kobo.com/tw/zh/ebook/wUn6RJK3RjCYH8YflJqYFw?sId=f9aff68d-6177-428a-bb09-68f65953eb7a
2025-05-21,卡繆,鼠疫【全新名家譯本】（特別收錄哲學解析〈一部存在主義小說的後現代閱讀〉）,266,9789864895434,https://cdn.kobo.com/book-images/f4d068a2-498d-4817-97dd-d7492dc32b10/353/569/90/False/K9cd87y5oDGaSXDvYBOiAg.jpg,https://www.kobo.com/tw/zh/ebook/K9cd87y5oDGaSXDvYBOiAg?sId=f9aff68d-6177-428a-bb09-68f65953eb7a
2025-05-21,卡繆,反抗者（新版）,210,3150000000392,https://cdn.kobo.com/book-images/0169f08d-1636-4fe9-865e-ac9323facfa7/353/569/90/False/dnhkQv1woTKBLngzg4RbMg.jpg,https://www.kobo.com/tw/zh/ebook/dnhkQv1woTKBLngzg4RbMg?sId=f9aff68d-6177-428a-bb09-68f65953eb7a
2025-05-21,卡繆,瘟疫（名家經典新譯）,228,9789865482473,https://cdn.kobo.com/book-images/edbaf1b0-60cf-4781-90e1-dcb3d6358348/353/569/90/False/XSi3S6nkVz2SFyXwXYLq1g.jpg,https://www.kobo.com/tw/zh/ebook/XSi3S6nkVz2SFyXwXYLq1g?sId=f9aff68d-6177-428a-bb09-68f65953eb7a
2025-05-21,卡繆,異鄉人（卡繆經典暢銷作․中文版有聲書首度上市）,220,9789863449263,https://cdn.kobo.com/book-images/a910e55d-8df0-43d3-8ef2-df7dc21d51ba/353/569/90/False/t1OO6Q03qjuX0wfMsaUVPg.jpg,https://www.kobo.com/tw/zh/audiobook/t1OO6Q03qjuX0wfMsaUVPg?sId=f9aff68d-6177-428a-bb09-68f65953eb7a
2025-05-21,卡繆,無法取得書名,無法取得價格,無法取得 ISBN,無法取得圖片,https://www.kobo.com/tw/zh/ebook/VQ2InesBOjKI-Xv96viLqA?sId=f9aff68d-6177-428a-bb09-68f65953eb7a
2025-05-21,卡繆,異鄉人：最值得珍藏的名家譯本,224,3119864778287,https://cdn.kobo.com/book-images/59186bf1-d059-4aeb-afcb-36b164712ef7/353/569/90/False/XRU3eRrUUD6pvlI4liPZbg.jpg,https://www.kobo.com/tw/zh/ebook/XRU3eRrUUD6pvlI4liPZbg?sId=f9aff68d-6177-428a-bb09-68f65953eb7a
2025-05-21,卡繆,鼠疫（卡繆經典暢銷作․中文版有聲書首度上市）,300,9789863449270,https://cdn.kobo.com/book-images/ba766fe2-65df-4d69-83bc-798bf2340c10/353/569/90/False/AMe0qKS-yzinEfp_ItutUg.jpg,https://www.kobo.com/tw/zh/audiobook/AMe0qKS-yzinEfp_ItutUg?sId=f9aff68d-6177-428a-bb09-68f65953eb7a
2025-05-21,卡繆,瘟疫,210,9789861785516,https://cdn.kobo.com/book-images/8d4f032e-dd57-4b50-a7d8-07f8e494bce5/353/569/90/False/sQ5ce_0gtz-yiFpE7SxWag.jpg,https://www.kobo.com/tw/zh/ebook/sQ5ce_0gtz-yiFpE7SxWag?sId=f9aff68d-6177-428a-bb09-68f65953eb7a
2025-05-21,卡繆,放逐與王國,210,9789863874133,https://cdn.kobo.com/book-images/5f1ba02d-68c9-4aa5-85ab-824c904439e9/353/569/90/False/RVGALpaZsjaTbCo1SdZXqw.jpg,https://www.kobo.com/tw/zh/ebook/RVGALpaZsjaTbCo1SdZXqw?sId=e2ace276-8873-43e4-9ba5-5759fd916643
2025-05-21,卡繆,異鄉人,170,6849862272770,https://cdn.kobo.com/book-images/2f2b24f2-6a61-4ae2-a409-29c8eb0bc992/353/569/90/False/GYi3emouATurt5CEXNGY7A.jpg,https://www.kobo.com/tw/zh/ebook/GYi3emouATurt5CEXNGY7A?sId=e2ace276-8873-43e4-9ba5-5759fd916643
2025-05-21,卡繆,第一人：《異鄉人》存在主義大師的最後遺作！沒讀過《第一人》，就無法了解真正的卡繆！,360,7435000003050,https://cdn.kobo.com/book-images/1000dae4-0e54-4613-994a-2ca68f225aaf/353/569/90/False/mBrCwjCDbT-OmxW_MxQCPg.jpg,https://www.kobo.com/tw/zh/audiobook/mBrCwjCDbT-OmxW_MxQCPg?sId=e2ace276-8873-43e4-9ba5-5759fd916643
2025-05-21,卡繆,墮落,182,9789861787558,https://cdn.kobo.com/book-images/023f55c5-13cf-4e65-aaa2-e1d0eebea177/353/569/90/False/ie-dvcJKuTWxECoQpt7ptg.jpg,https://www.kobo.com/tw/zh/ebook/ie-dvcJKuTWxECoQpt7ptg?sId=e2ace276-8873-43e4-9ba5-5759fd916643
2025-05-21,卡繆,異鄉人：荒謬三部曲，首部,210,7384000000024,https://cdn.kobo.com/book-images/12dc1249-e584-452a-a159-54be7be82c4d/353/569/90/False/MDkYBsM0cTm5Kq9j-44S0A.jpg,https://www.kobo.com/tw/zh/audiobook/MDkYBsM0cTm5Kq9j-44S0A?sId=e2ace276-8873-43e4-9ba5-5759fd916643
2025-05-21,簡媜,十種寂寞,252,7390863873877,https://cdn.kobo.com/book-images/137d5050-a414-4644-a453-8236a3c7338c/353/569/90/False/SS3f6q_OmzG6ixjEoQQSBw.jpg,https://www.kobo.com/tw/zh/ebook/SS3f6q_OmzG6ixjEoQQSBw?sId=fac0b5cd-1155-4b0e-9ebf-4feda28f153b
2025-05-21,簡媜,我為你灑下月光,336,7390863872337,https://cdn.kobo.com/book-images/8d8c685d-f3c5-4e43-a07c-4a7a91f5ad22/353/569/90/False/RBqeU8INXTCG7D8npjR0bw.jpg,https://www.kobo.com/tw/zh/ebook/RBqeU8INXTCG7D8npjR0bw?sId=fac0b5cd-1155-4b0e-9ebf-4feda28f153b
2025-05-21,簡媜,女兒紅,196,9789863874096,https://cdn.kobo.com/book-images/73163054-0990-4413-b92d-a3d20f20ebaa/353/569/90/False/DBqadeV-gT-bmmVuqDItJg.jpg,https://www.kobo.com/tw/zh/ebook/DBqadeV-gT-bmmVuqDItJg?sId=fac0b5cd-1155-4b0e-9ebf-4feda28f153b
2025-05-21,簡媜,夢遊書,196,9789863874546,https://cdn.kobo.com/book-images/df1c79f2-8ad2-4ed8-9f37-293c81359dd8/353/569/90/False/p_nX7y-6_D6gGQiQ7O__sw.jpg,https://www.kobo.com/tw/zh/ebook/p_nX7y-6_D6gGQiQ7O__sw?sId=fac0b5cd-1155-4b0e-9ebf-4feda28f153b
2025-05-21,簡媜,老師的十二樣見面禮,224,7390866873232,https://cdn.kobo.com/book-images/912cffcc-12b7-4881-820d-605be5c0f456/353/569/90/False/Opeot0Gw9zeKOcdaOXIiCg.jpg,https://www.kobo.com/tw/zh/ebook/Opeot0Gw9zeKOcdaOXIiCg?sId=fac0b5cd-1155-4b0e-9ebf-4feda28f153b
2025-05-21,簡媜,紅嬰仔：一個女人和她的育嬰史,252,7390863873068,https://cdn.kobo.com/book-images/4c769dfc-5feb-45bb-bad9-d22ff6fe4425/353/569/90/False/3-XKV53DSzqry1rJm_LJEA.jpg,https://www.kobo.com/tw/zh/ebook/3-XKV53DSzqry1rJm_LJEA?sId=fac0b5cd-1155-4b0e-9ebf-4feda28f153b
2025-05-21,簡媜,與歲月同等心跳,210,9789863877479,https://cdn.kobo.com/book-images/5dc05880-531e-4ce8-9a89-99be05f5d02b/353/569/90/False/1Cgc_XKbQj6NkWrPuaKd2g.jpg,https://www.kobo.com/tw/zh/ebook/1Cgc_XKbQj6NkWrPuaKd2g?sId=fac0b5cd-1155-4b0e-9ebf-4feda28f153b
2025-05-21,簡媜,誰在銀閃閃的地方，等你（增訂版）,392,9789863876021,https://cdn.kobo.com/book-images/18d8f7d3-ad8d-4473-b1b7-aba2ada08383/353/569/90/False/tyYjDkeqiza61CrkeCJu7w.jpg,https://www.kobo.com/tw/zh/ebook/tyYjDkeqiza61CrkeCJu7w?sId=fac0b5cd-1155-4b0e-9ebf-4feda28f153b
2025-05-21,簡媜,一個人漫遊，古典森林,315,9789863877745,https://cdn.kobo.com/book-images/0c528bc8-18ea-46e3-acf0-f4c80125be95/353/569/90/False/Yyl9S4wUuDu8rltsfwH3UQ.jpg,https://www.kobo.com/tw/zh/ebook/Yyl9S4wUuDu8rltsfwH3UQ?sId=fac0b5cd-1155-4b0e-9ebf-4feda28f153b
2025-05-21,簡媜,胭脂盆地,196,9789863874553,https://cdn.kobo.com/book-images/0ce65bd8-31e7-48ec-b6c2-f3b4da8f4cb7/353/569/90/False/_jcUd4QT3T6w0ZguwcDvlg.jpg,https://www.kobo.com/tw/zh/ebook/_jcUd4QT3T6w0ZguwcDvlg?sId=fac0b5cd-1155-4b0e-9ebf-4feda28f153b
2025-05-21,簡媜,旅人之歌——神遊山水詩,210,9789863877516,https://cdn.kobo.com/book-images/ba7b0973-6125-415b-91a8-f4910ba8f09b/353/569/90/False/BEgyL0ETLzSJLhvVE5yKmQ.jpg,https://www.kobo.com/tw/zh/ebook/BEgyL0ETLzSJLhvVE5yKmQ?sId=fac0b5cd-1155-4b0e-9ebf-4feda28f153b
2025-05-21,簡媜,吃朋友,245,7390866631382,https://cdn.kobo.com/book-images/03cd221a-bef1-420d-96fa-a1ff5f2ec5f8/353/569/90/False/5xrS1tW6YT6YFfX6xajasQ.jpg,https://www.kobo.com/tw/zh/ebook/5xrS1tW6YT6YFfX6xajasQ?sId=fac0b5cd-1155-4b0e-9ebf-4feda28f153b
2025-05-21,簡媜,老師的十二樣見面禮（增訂版）,329,9789863876236,https://cdn.kobo.com/book-images/5ddd0b2a-a9d1-403d-92c3-60f91baba3c6/353/569/90/False/7r6In9z6kTuCg3twvvZA2g.jpg,https://www.kobo.com/tw/zh/ebook/7r6In9z6kTuCg3twvvZA2g?sId=8eaed24d-2d84-46a6-bf0b-dd807b7dd419
2025-05-21,簡媜,密密語,280,9789863876953,https://cdn.kobo.com/book-images/76e8fe19-e84d-4b62-9707-03393a023486/353/569/90/False/mMg1YwJL9TemPTAVwHZbvw.jpg,https://www.kobo.com/tw/zh/ebook/mMg1YwJL9TemPTAVwHZbvw?sId=8eaed24d-2d84-46a6-bf0b-dd807b7dd419
2025-05-21,簡媜,微暈的樹林,210,9789863875857,https://cdn.kobo.com/book-images/df67a2d3-dab3-4ea6-bdd2-0f0e2b62a151/353/569/90/False/lRjcIazDljKdQZof57Hd9A.jpg,https://www.kobo.com/tw/zh/ebook/lRjcIazDljKdQZof57Hd9A?sId=8eaed24d-2d84-46a6-bf0b-dd807b7dd419
2025-05-21,簡媜,下午茶,160,9789863876946,https://cdn.kobo.com/book-images/84781262-e7bd-4d10-a3c7-d19910fafa73/353/569/90/False/5iBW0pa_Wj2IztG5D0yKyw.jpg,https://www.kobo.com/tw/zh/ebook/5iBW0pa_Wj2IztG5D0yKyw?sId=8eaed24d-2d84-46a6-bf0b-dd807b7dd419
2025-05-21,簡媜,天涯海角──福爾摩沙抒情誌,245,7390863873471,https://cdn.kobo.com/book-images/af00ba7f-99c1-44ae-b3d3-81c4e6e37430/353/569/90/False/y2QggT-GWz28HjuY_ABx1w.jpg,https://www.kobo.com/tw/zh/ebook/y2QggT-GWz28HjuY_ABx1w?sId=8eaed24d-2d84-46a6-bf0b-dd807b7dd419
2025-05-21,簡媜,舊情復燃,220,9789863876380,https://cdn.kobo.com/book-images/97241a9a-8187-4195-a573-9a921c04b9cc/353/569/90/False/wieReZ4jqT2vpPAPLsLmkA.jpg,https://www.kobo.com/tw/zh/ebook/wieReZ4jqT2vpPAPLsLmkA?sId=8eaed24d-2d84-46a6-bf0b-dd807b7dd419
2025-05-21,簡媜,只緣身在此山中,224,9789863874911,https://cdn.kobo.com/book-images/a21ea0b7-2449-4d16-b4db-1aa18c1993f3/353/569/90/False/JR_gAXmObD6EROWQrNPmjw.jpg,https://www.kobo.com/tw/zh/ebook/JR_gAXmObD6EROWQrNPmjw?sId=8eaed24d-2d84-46a6-bf0b-dd807b7dd419
2025-05-21,簡媜,月娘照眠牀,220,9789863875314,https://cdn.kobo.com/book-images/1dc984df-000f-4cfb-86bf-d71ead052b02/353/569/90/False/yifYBw_kEz-sjWx9O6wmTg.jpg,https://www.kobo.com/tw/zh/ebook/yifYBw_kEz-sjWx9O6wmTg?sId=8eaed24d-2d84-46a6-bf0b-dd807b7dd419
2025-05-21,簡媜,好一座浮島,210,9789863875666,https://cdn.kobo.com/book-images/dcfdfd36-7d3d-4201-89ab-681303731c15/353/569/90/False/tR63QOkIkjSZNYP1XN8qJQ.jpg,https://www.kobo.com/tw/zh/ebook/tR63QOkIkjSZNYP1XN8qJQ?sId=8eaed24d-2d84-46a6-bf0b-dd807b7dd419
2025-05-21,赫曼．赫塞,流浪者之歌／悉達多,214,9786267095010,https://cdn.kobo.com/book-images/3f321736-62ab-46cb-ae65-dabe29f7eea4/353/569/90/False/BZkTJbpWnTWsH4_ozeT9vA.jpg,https://www.kobo.com/tw/zh/ebook/BZkTJbpWnTWsH4_ozeT9vA?sId=f67c578a-969b-412c-9527-beb48b3de761
2025-05-21,赫曼．赫塞,德米安：徬徨少年時 (告別徬徨，堅定地做你自己。全新無刪減完整譯本，慕尼黑大學圖書館愛藏版),245,3069869881963,https://cdn.kobo.com/book-images/a809baf5-4e7d-43c9-96e5-7d69fa248b50/353/569/90/False/6fn5ArUqVjSw56cshygW_Q.jpg,https://www.kobo.com/tw/zh/ebook/6fn5ArUqVjSw56cshygW_Q?sId=f67c578a-969b-412c-9527-beb48b3de761
2025-05-21,赫曼．赫塞,赫曼赫塞童話故事集,250,3119864773930,https://cdn.kobo.com/book-images/5f4ae374-cda4-4a0c-a27f-58f4eb5939e0/353/569/90/False/fUpsq8DF8Tq5Lguv3pHWuQ.jpg,https://www.kobo.com/tw/zh/ebook/fUpsq8DF8Tq5Lguv3pHWuQ?sId=f67c578a-969b-412c-9527-beb48b3de761
2025-05-21,赫曼．赫塞,流浪者之歌（首度德文直譯本）,210,3090000000515,https://cdn.kobo.com/book-images/f601d38b-894e-436d-852c-e48f41d06a75/353/569/90/False/uWrynH7_LjCJaQT5rWrZjg.jpg,https://www.kobo.com/tw/zh/ebook/uWrynH7_LjCJaQT5rWrZjg?sId=f67c578a-969b-412c-9527-beb48b3de761
2025-05-21,赫曼．赫塞,悉達多【獨家收錄保羅．科爾賀專文導讀、林懷民繆思分享】：一首印度的詩（流浪者之歌）,196,9789864895397,https://cdn.kobo.com/book-images/827cfb45-6d4c-43cb-866a-eb45ca8c20c7/353/569/90/False/8X4BYN4ZszavG3vs7B0Jdg.jpg,https://www.kobo.com/tw/zh/ebook/8X4BYN4ZszavG3vs7B0Jdg?sId=f67c578a-969b-412c-9527-beb48b3de761
2025-05-21,赫曼．赫塞,德米安【獨家收錄詹姆斯・法蘭科專文導讀】：埃米爾．辛克萊年少時的故事（徬徨少年時）,210,9789864895403,https://cdn.kobo.com/book-images/ae0cd56f-8ec4-4e2d-bc97-29ea34073182/353/569/90/False/ib-jIoEV2Dqm0I1tAc6TWQ.jpg,https://www.kobo.com/tw/zh/ebook/ib-jIoEV2Dqm0I1tAc6TWQ?sId=f67c578a-969b-412c-9527-beb48b3de761
2025-05-21,赫曼．赫塞,荒野之狼,315,9786263966987,https://cdn.kobo.com/book-images/3bb495e7-b3a7-490f-be56-c4e3d0755850/353/569/90/False/8qvh-uvBNjeQ5sV5LtVHdw.jpg,https://www.kobo.com/tw/zh/ebook/8qvh-uvBNjeQ5sV5LtVHdw?sId=f67c578a-969b-412c-9527-beb48b3de761
2025-05-21,赫曼．赫塞,園圃之歌：諾貝爾文學獎大師赫曼．赫塞的自然哲思與手繪詩畫,266,9786269638079,https://cdn.kobo.com/book-images/f7453d28-8edd-4d0b-87ae-3f947835f381/353/569/90/False/jHi5IlslGTmTLqpPkwxScQ.jpg,https://www.kobo.com/tw/zh/ebook/jHi5IlslGTmTLqpPkwxScQ?sId=f67c578a-969b-412c-9527-beb48b3de761
2025-05-21,赫曼．赫塞,荒野之狼（首度德文直譯本）,245,3090000005737,https://cdn.kobo.com/book-images/449cd682-c515-465f-b6f3-c5b59e8310e3/353/569/90/False/VFQPtyjUrTGJSlcoqoICxg.jpg,https://www.kobo.com/tw/zh/ebook/VFQPtyjUrTGJSlcoqoICxg?sId=f67c578a-969b-412c-9527-beb48b3de761
2025-05-21,赫曼．赫塞,流浪者之歌【感動解讀版】,400,9786269936137,https://cdn.kobo.com/book-images/921c4663-8c49-4f8f-a61f-e24755dbae11/353/569/90/False/JNfPTDEjDz-tAMfp3Egokg.jpg,https://www.kobo.com/tw/zh/ebook/JNfPTDEjDz-tAMfp3Egokg?sId=f67c578a-969b-412c-9527-beb48b3de761
2025-05-21,赫曼．赫塞,流浪者之歌,245,9786263744417,https://cdn.kobo.com/book-images/dbaffb64-2df7-46df-9836-4b43eb375d74/353/569/90/False/SSmAUWRnWD-200t2EoH_qQ.jpg,https://www.kobo.com/tw/zh/ebook/SSmAUWRnWD-200t2EoH_qQ?sId=f67c578a-969b-412c-9527-beb48b3de761
2025-05-21,赫曼．赫塞,德米安：彷徨少年時,228,7289867101822,https://cdn.kobo.com/book-images/897fa0c7-1c7f-4005-9de8-784febd6e287/353/569/90/False/ZNYK-tlfkD-IZy3hlnFJAw.jpg,https://www.kobo.com/tw/zh/ebook/ZNYK-tlfkD-IZy3hlnFJAw?sId=f67c578a-969b-412c-9527-beb48b3de761
2025-05-21,赫曼．赫塞,在書中發現自己的靈魂：慢讀赫塞,250,3128000000104,https://cdn.kobo.com/book-images/5139dd71-3f40-4bbf-aaa6-752447892743/353/569/90/False/mj-jE6bxOTazX9ad0uwE7g.jpg,https://www.kobo.com/tw/zh/ebook/mj-jE6bxOTazX9ad0uwE7g?sId=428e67ad-122f-4a15-b117-27c3a8950950
2025-05-21,赫曼．赫塞,徬徨少年時（德文直譯本）,196,3090000030292,https://cdn.kobo.com/book-images/0eb8b492-c683-4d13-8a2e-40fd1872ced9/353/569/90/False/p9r2phjlUzO8q-gEc3Ysmg.jpg,https://www.kobo.com/tw/zh/ebook/p9r2phjlUzO8q-gEc3Ysmg?sId=428e67ad-122f-4a15-b117-27c3a8950950
2025-05-21,赫曼．赫塞,車輪下（首度德文直譯本）,210,3090000000590,https://cdn.kobo.com/book-images/40dde703-286a-487c-acca-3d0e177e4d0a/353/569/90/False/iRXS-e-7fzumzrZdY8d_8Q.jpg,https://www.kobo.com/tw/zh/ebook/iRXS-e-7fzumzrZdY8d_8Q?sId=428e67ad-122f-4a15-b117-27c3a8950950
2025-05-21,赫曼．赫塞,悠遊之歌（三版）,175,9789864023936,https://cdn.kobo.com/book-images/e52679bc-171d-45f8-bf8a-8a159a9891ed/353/569/90/False/UHZLCrSJATqst2fZDCkzBA.jpg,https://www.kobo.com/tw/zh/ebook/UHZLCrSJATqst2fZDCkzBA?sId=428e67ad-122f-4a15-b117-27c3a8950950
2025-05-21,赫曼．赫塞,生命之歌,210,3090000000496,https://cdn.kobo.com/book-images/cab95401-af95-4f91-9d80-41eee92dade2/353/569/90/False/kfbDCDZ4SD6jxk-LU1ireg.jpg,https://www.kobo.com/tw/zh/ebook/kfbDCDZ4SD6jxk-LU1ireg?sId=428e67ad-122f-4a15-b117-27c3a8950950
2025-05-21,赫曼．赫塞,中學生好享讀：諾貝爾大師短篇小說選,225,6709863201113,https://cdn.kobo.com/book-images/f48eb899-1243-4d56-a687-e9d45c5de9ef/353/569/90/False/pnJCPVTatTGHkaHGe4iYMw.jpg,https://www.kobo.com/tw/zh/ebook/pnJCPVTatTGHkaHGe4iYMw?sId=428e67ad-122f-4a15-b117-27c3a8950950
2025-05-21,赫曼．赫塞,鄉愁（德文直譯本）,196,3090000006527,https://cdn.kobo.com/book-images/567c8c31-ebf2-4ffb-a5b1-7e294bb27479/353/569/90/False/By8ilup3JjmH2kf5ty2N8g.jpg,https://www.kobo.com/tw/zh/ebook/By8ilup3JjmH2kf5ty2N8g?sId=428e67ad-122f-4a15-b117-27c3a8950950
2025-05-21,赫曼．赫塞,荒野之狼（德文新譯本）,294,3119864771400,https://cdn.kobo.com/book-images/c81844a1-3034-4867-a324-b6f0bd00c252/353/569/90/False/6g6wxeuiYjuWU71oa_5Mzg.jpg,https://www.kobo.com/tw/zh/ebook/6g6wxeuiYjuWU71oa_5Mzg?sId=428e67ad-122f-4a15-b117-27c3a8950950
2025-05-21,赫曼．赫塞,徬徨少年時,175,3090000000352,https://cdn.kobo.com/book-images/b98f888a-ae90-4674-8796-0c691b798c30/353/569/90/False/3cIVTFd3fz6t9pp0NaJsyA.jpg,https://www.kobo.com/tw/zh/ebook/3cIVTFd3fz6t9pp0NaJsyA?sId=428e67ad-122f-4a15-b117-27c3a8950950
2025-05-21,赫曼．赫塞,德米安：埃米爾．辛克萊年少時的故事（徬徨少年時）,210,7384000000027,https://cdn.kobo.com/book-images/e921900f-2bfe-42d8-8547-198c1b3b42b1/353/569/90/False/pO0YjhmJajyGRrdkzlKsnA.jpg,https://www.kobo.com/tw/zh/audiobook/pO0YjhmJajyGRrdkzlKsnA?sId=428e67ad-122f-4a15-b117-27c3a8950950
2025-05-21,赫曼．赫塞,悉達多：一首印度的詩（流浪者之歌）,210,7384000000026,https://cdn.kobo.com/book-images/2ebd8c79-acb7-430a-abd8-3998815f26dd/353/569/90/False/5P5w8osOvzauH183YElyCw.jpg,https://www.kobo.com/tw/zh/audiobook/5P5w8osOvzauH183YElyCw?sId=428e67ad-122f-4a15-b117-27c3a8950950
2025-05-22,卡繆,異鄉人（卡繆版書衣）,154,3119861735450,https://cdn.kobo.com/book-images/24099253-90bc-4d80-8825-f6300e8b806f/353/569/90/False/gb2hSkF1KDGjqz18oam2aA.jpg,https://www.kobo.com/tw/zh/ebook/gb2hSkF1KDGjqz18oam2aA?sId=6706823a-1096-4557-a1c3-b288c9c50304
2025-05-22,卡繆,異鄉人（2020全新名家譯本，再現卡繆字句推敲的原義）,138,3150000000617,https://cdn.kobo.com/book-images/883f0dcf-e5f7-4dfe-b300-8d725a8da70d/353/569/90/False/0GQk9bH6VzyLV0Q9Faysow.jpg,https://www.kobo.com/tw/zh/ebook/0GQk9bH6VzyLV0Q9Faysow?sId=6706823a-1096-4557-a1c3-b288c9c50304
2025-05-22,卡繆,卡繆荒謬系列四部曲套書：《異鄉人》＋《薛西弗斯的神話》＋《卡里古拉》＋《誤會》【全新法文名家直譯，首次完整出版，親炙完整的卡繆荒謬哲學】,625,3150000000693,https://cdn.kobo.com/book-images/462128f0-194c-4f37-91e4-c9cdfbe0d7b2/353/569/90/False/iBMVIqmTtjmYjH2oJl_r8A.jpg,https://www.kobo.com/tw/zh/ebook/iBMVIqmTtjmYjH2oJl_r8A?sId=6706823a-1096-4557-a1c3-b288c9c50304
2025-05-22,卡繆,薛西弗斯的神話：卡繆的荒謬哲學,230,3120000000285,https://cdn.kobo.com/book-images/8cfb868b-d1ce-428f-9dc1-8a7b0724f790/353/569/90/False/dz7TJXld6DK-tFChkyuNug.jpg,https://www.kobo.com/tw/zh/ebook/dz7TJXld6DK-tFChkyuNug?sId=6706823a-1096-4557-a1c3-b288c9c50304
2025-05-22,卡繆,瘟疫（2021最新名家譯本，卡繆對疫情下被禁錮人心的鼓舞）,210,9789860777192,https://cdn.kobo.com/book-images/9618975f-d9f0-47af-bd43-571387f8a06a/353/569/90/False/wJ6ORaWSDj60GIzsDTf9Zg.jpg,https://www.kobo.com/tw/zh/ebook/wJ6ORaWSDj60GIzsDTf9Zg?sId=6706823a-1096-4557-a1c3-b288c9c50304
2025-05-22,卡繆,正義者（首次出版，法文直譯名家譯本，卡繆展現對正義與反抗的考驗）,155,9789860777161,https://cdn.kobo.com/book-images/9291fc65-996d-4a27-83f4-a141c345d8cb/353/569/90/False/QQT3HgwFsT2xefv4IRMF9w.jpg,https://www.kobo.com/tw/zh/ebook/QQT3HgwFsT2xefv4IRMF9w?sId=6706823a-1096-4557-a1c3-b288c9c50304
2025-05-22,卡繆,卡繆荒謬與反抗系列作品全集套書：荒謬系列四部曲《異鄉人》《薛西弗斯的神話》《卡里古拉》《誤會》＋反抗系列三部曲《瘟疫》《反抗者》《正義者》【全新法文名家直譯，首次完整出版，親炙完整的卡繆荒謬哲學】,1200,3150000000694,https://cdn.kobo.com/book-images/76f16f12-492e-4435-b792-e97bba1721d5/353/569/90/False/Kx45Q5lYKTqv_nEYbdwV2A.jpg,https://www.kobo.com/tw/zh/ebook/Kx45Q5lYKTqv_nEYbdwV2A?sId=6706823a-1096-4557-a1c3-b288c9c50304
2025-05-22,卡繆,薛西弗斯的神話,166,3150000000396,https://cdn.kobo.com/book-images/71d8cd60-c407-4367-bced-a36718fcf86f/353/569/90/False/t0r8j-Ym4jee3YDu96AA1w.jpg,https://www.kobo.com/tw/zh/ebook/t0r8j-Ym4jee3YDu96AA1w?sId=6706823a-1096-4557-a1c3-b288c9c50304
2025-05-22,卡繆,卡繆反抗三部曲套書：《瘟疫》＋《反抗者》＋《正義者》【全新法文名家直譯，首次完整出版，親炙完整的卡繆反抗思想】,575,3150000000687,https://cdn.kobo.com/book-images/9f980967-d3c1-4ac0-9f8c-f8e0ccbbcc60/353/569/90/False/B1m2jKOONjKjTMVkT5k1NQ.jpg,https://www.kobo.com/tw/zh/ebook/B1m2jKOONjKjTMVkT5k1NQ?sId=6706823a-1096-4557-a1c3-b288c9c50304
2025-05-22,卡繆,薛西弗斯的神話：點燃希望的哲學頌歌，法國七星文庫權威譯本【傅雷翻譯獎典藏版】,226,9786267596456,https://cdn.kobo.com/book-images/6ccfbf88-73ae-4691-b256-38387994ae56/353/569/90/False/7fFjSyTP9zKPTx3GcPFpfw.jpg,https://www.kobo.com/tw/zh/ebook/7fFjSyTP9zKPTx3GcPFpfw?sId=6706823a-1096-4557-a1c3-b288c9c50304
2025-05-22,卡繆,鼠疫,210,3119861737522,https://cdn.kobo.com/book-images/56a09ae8-dac7-4eb0-9dde-b427a5a1aacb/353/569/90/False/tGTtah0cyzKVQIXzpZ7NTQ.jpg,https://www.kobo.com/tw/zh/ebook/tGTtah0cyzKVQIXzpZ7NTQ?sId=6706823a-1096-4557-a1c3-b288c9c50304
2025-05-22,卡繆,快樂的死,175,3120000000639,https://cdn.kobo.com/book-images/57e8ecec-6b0d-4586-882a-1f7699f9b494/353/569/90/False/gnS7T3tgLTS1t3eLSRBEeA.jpg,https://www.kobo.com/tw/zh/ebook/gnS7T3tgLTS1t3eLSRBEeA?sId=6706823a-1096-4557-a1c3-b288c9c50304
2025-05-22,卡繆,誤會【1957年諾貝爾文學獎得主面對自我放逐之旅的核心之作】,155,9786267118139,https://cdn.kobo.com/book-images/f35af051-fd52-4e22-a2df-d19abd3abf6e/353/569/90/False/XznH9zQdijG-RQoi9MTYng.jpg,https://www.kobo.com/tw/zh/ebook/XznH9zQdijG-RQoi9MTYng?sId=8ff61b05-1cec-45a0-8e01-71a1d4481cb5
2025-05-22,卡繆,卡里古拉【1957年諾貝爾文學獎得主描摹荒謬的經典代表作,166,9786267118108,https://cdn.kobo.com/book-images/228a6362-9e74-450c-806f-26d0291b0115/353/569/90/False/bUv8_ShWSDyzoufG54r66g.jpg,https://www.kobo.com/tw/zh/ebook/bUv8_ShWSDyzoufG54r66g?sId=8ff61b05-1cec-45a0-8e01-71a1d4481cb5
2025-05-22,卡繆,放逐與王國：卡繆短篇小說,260,9789865482541,https://cdn.kobo.com/book-images/033f901a-cea5-456e-9a5c-534f67c7dd33/353/569/90/False/SmaLhyIaRTOPTVVkw9jskg.jpg,https://www.kobo.com/tw/zh/ebook/SmaLhyIaRTOPTVVkw9jskg?sId=8ff61b05-1cec-45a0-8e01-71a1d4481cb5
2025-05-22,卡繆,異鄉人,179,3039571384641,https://cdn.kobo.com/book-images/81e2cbee-7fb1-445c-8a9a-54f11683b376/353/569/90/False/wUn6RJK3RjCYH8YflJqYFw.jpg,https://www.kobo.com/tw/zh/ebook/wUn6RJK3RjCYH8YflJqYFw?sId=8ff61b05-1cec-45a0-8e01-71a1d4481cb5
2025-05-22,卡繆,異鄉人（卡繆經典暢銷作․中文版有聲書首度上市）,220,9789863449263,https://cdn.kobo.com/book-images/a910e55d-8df0-43d3-8ef2-df7dc21d51ba/353/569/90/False/t1OO6Q03qjuX0wfMsaUVPg.jpg,https://www.kobo.com/tw/zh/audiobook/t1OO6Q03qjuX0wfMsaUVPg?sId=8ff61b05-1cec-45a0-8e01-71a1d4481cb5
2025-05-22,卡繆,鼠疫【全新名家譯本】（特別收錄哲學解析〈一部存在主義小說的後現代閱讀〉）,266,9789864895434,https://cdn.kobo.com/book-images/f4d068a2-498d-4817-97dd-d7492dc32b10/353/569/90/False/K9cd87y5oDGaSXDvYBOiAg.jpg,https://www.kobo.com/tw/zh/ebook/K9cd87y5oDGaSXDvYBOiAg?sId=8ff61b05-1cec-45a0-8e01-71a1d4481cb5
2025-05-22,卡繆,反抗者（新版）,210,3150000000392,https://cdn.kobo.com/book-images/0169f08d-1636-4fe9-865e-ac9323facfa7/353/569/90/False/dnhkQv1woTKBLngzg4RbMg.jpg,https://www.kobo.com/tw/zh/ebook/dnhkQv1woTKBLngzg4RbMg?sId=8ff61b05-1cec-45a0-8e01-71a1d4481cb5
2025-05-22,卡繆,瘟疫（名家經典新譯）,228,9789865482473,https://cdn.kobo.com/book-images/edbaf1b0-60cf-4781-90e1-dcb3d6358348/353/569/90/False/XSi3S6nkVz2SFyXwXYLq1g.jpg,https://www.kobo.com/tw/zh/ebook/XSi3S6nkVz2SFyXwXYLq1g?sId=8ff61b05-1cec-45a0-8e01-71a1d4481cb5
2025-05-22,卡繆,異鄉人【獨家收錄沙特評論・2022全新名家譯本】,196,9789864896073,https://cdn.kobo.com/book-images/a71e071c-2ddd-47b0-ba0d-0ad67a3261c3/353/569/90/False/VQ2InesBOjKI-Xv96viLqA.jpg,https://www.kobo.com/tw/zh/ebook/VQ2InesBOjKI-Xv96viLqA?sId=8ff61b05-1cec-45a0-8e01-71a1d4481cb5
2025-05-22,卡繆,異鄉人：最值得珍藏的名家譯本,224,3119864778287,https://cdn.kobo.com/book-images/59186bf1-d059-4aeb-afcb-36b164712ef7/353/569/90/False/XRU3eRrUUD6pvlI4liPZbg.jpg,https://www.kobo.com/tw/zh/ebook/XRU3eRrUUD6pvlI4liPZbg?sId=8ff61b05-1cec-45a0-8e01-71a1d4481cb5
2025-05-22,卡繆,鼠疫（卡繆經典暢銷作․中文版有聲書首度上市）,300,9789863449270,https://cdn.kobo.com/book-images/ba766fe2-65df-4d69-83bc-798bf2340c10/353/569/90/False/AMe0qKS-yzinEfp_ItutUg.jpg,https://www.kobo.com/tw/zh/audiobook/AMe0qKS-yzinEfp_ItutUg?sId=8ff61b05-1cec-45a0-8e01-71a1d4481cb5
2025-05-22,卡繆,瘟疫,210,9789861785516,https://cdn.kobo.com/book-images/8d4f032e-dd57-4b50-a7d8-07f8e494bce5/353/569/90/False/sQ5ce_0gtz-yiFpE7SxWag.jpg,https://www.kobo.com/tw/zh/ebook/sQ5ce_0gtz-yiFpE7SxWag?sId=8ff61b05-1cec-45a0-8e01-71a1d4481cb5
2025-05-22,卡繆,放逐與王國,210,9789863874133,https://cdn.kobo.com/book-images/5f1ba02d-68c9-4aa5-85ab-824c904439e9/353/569/90/False/RVGALpaZsjaTbCo1SdZXqw.jpg,https://www.kobo.com/tw/zh/ebook/RVGALpaZsjaTbCo1SdZXqw?sId=4e1375e4-59b1-4540-ad4e-332964fd8366
2025-05-22,卡繆,異鄉人,170,6849862272770,https://cdn.kobo.com/book-images/2f2b24f2-6a61-4ae2-a409-29c8eb0bc992/353/569/90/False/GYi3emouATurt5CEXNGY7A.jpg,https://www.kobo.com/tw/zh/ebook/GYi3emouATurt5CEXNGY7A?sId=4e1375e4-59b1-4540-ad4e-332964fd8366
2025-05-22,卡繆,第一人：《異鄉人》存在主義大師的最後遺作！沒讀過《第一人》，就無法了解真正的卡繆！,360,7435000003050,https://cdn.kobo.com/book-images/1000dae4-0e54-4613-994a-2ca68f225aaf/353/569/90/False/mBrCwjCDbT-OmxW_MxQCPg.jpg,https://www.kobo.com/tw/zh/audiobook/mBrCwjCDbT-OmxW_MxQCPg?sId=4e1375e4-59b1-4540-ad4e-332964fd8366
2025-05-22,卡繆,墮落,182,9789861787558,https://cdn.kobo.com/book-images/023f55c5-13cf-4e65-aaa2-e1d0eebea177/353/569/90/False/ie-dvcJKuTWxECoQpt7ptg.jpg,https://www.kobo.com/tw/zh/ebook/ie-dvcJKuTWxECoQpt7ptg?sId=4e1375e4-59b1-4540-ad4e-332964fd8366
2025-05-22,卡繆,異鄉人：荒謬三部曲，首部,210,7384000000024,https://cdn.kobo.com/book-images/12dc1249-e584-452a-a159-54be7be82c4d/353/569/90/False/MDkYBsM0cTm5Kq9j-44S0A.jpg,https://www.kobo.com/tw/zh/audiobook/MDkYBsM0cTm5Kq9j-44S0A?sId=4e1375e4-59b1-4540-ad4e-332964fd8366
2025-05-22,簡媜,十種寂寞,252,7390863873877,https://cdn.kobo.com/book-images/137d5050-a414-4644-a453-8236a3c7338c/353/569/90/False/SS3f6q_OmzG6ixjEoQQSBw.jpg,https://www.kobo.com/tw/zh/ebook/SS3f6q_OmzG6ixjEoQQSBw?sId=034c80aa-a7e3-4be0-abe4-4b1b3c96bb56
2025-05-22,簡媜,我為你灑下月光,336,7390863872337,https://cdn.kobo.com/book-images/8d8c685d-f3c5-4e43-a07c-4a7a91f5ad22/353/569/90/False/RBqeU8INXTCG7D8npjR0bw.jpg,https://www.kobo.com/tw/zh/ebook/RBqeU8INXTCG7D8npjR0bw?sId=034c80aa-a7e3-4be0-abe4-4b1b3c96bb56
2025-05-22,簡媜,女兒紅,196,9789863874096,https://cdn.kobo.com/book-images/73163054-0990-4413-b92d-a3d20f20ebaa/353/569/90/False/DBqadeV-gT-bmmVuqDItJg.jpg,https://www.kobo.com/tw/zh/ebook/DBqadeV-gT-bmmVuqDItJg?sId=034c80aa-a7e3-4be0-abe4-4b1b3c96bb56
2025-05-22,簡媜,夢遊書,196,9789863874546,https://cdn.kobo.com/book-images/df1c79f2-8ad2-4ed8-9f37-293c81359dd8/353/569/90/False/p_nX7y-6_D6gGQiQ7O__sw.jpg,https://www.kobo.com/tw/zh/ebook/p_nX7y-6_D6gGQiQ7O__sw?sId=034c80aa-a7e3-4be0-abe4-4b1b3c96bb56
2025-05-22,簡媜,老師的十二樣見面禮,224,7390866873232,https://cdn.kobo.com/book-images/912cffcc-12b7-4881-820d-605be5c0f456/353/569/90/False/Opeot0Gw9zeKOcdaOXIiCg.jpg,https://www.kobo.com/tw/zh/ebook/Opeot0Gw9zeKOcdaOXIiCg?sId=034c80aa-a7e3-4be0-abe4-4b1b3c96bb56
2025-05-22,簡媜,紅嬰仔：一個女人和她的育嬰史,252,7390863873068,https://cdn.kobo.com/book-images/4c769dfc-5feb-45bb-bad9-d22ff6fe4425/353/569/90/False/3-XKV53DSzqry1rJm_LJEA.jpg,https://www.kobo.com/tw/zh/ebook/3-XKV53DSzqry1rJm_LJEA?sId=034c80aa-a7e3-4be0-abe4-4b1b3c96bb56
2025-05-22,簡媜,與歲月同等心跳,210,9789863877479,https://cdn.kobo.com/book-images/5dc05880-531e-4ce8-9a89-99be05f5d02b/353/569/90/False/1Cgc_XKbQj6NkWrPuaKd2g.jpg,https://www.kobo.com/tw/zh/ebook/1Cgc_XKbQj6NkWrPuaKd2g?sId=034c80aa-a7e3-4be0-abe4-4b1b3c96bb56
2025-05-22,簡媜,誰在銀閃閃的地方，等你（增訂版）,392,9789863876021,https://cdn.kobo.com/book-images/18d8f7d3-ad8d-4473-b1b7-aba2ada08383/353/569/90/False/tyYjDkeqiza61CrkeCJu7w.jpg,https://www.kobo.com/tw/zh/ebook/tyYjDkeqiza61CrkeCJu7w?sId=034c80aa-a7e3-4be0-abe4-4b1b3c96bb56
2025-05-22,簡媜,一個人漫遊，古典森林,315,9789863877745,https://cdn.kobo.com/book-images/0c528bc8-18ea-46e3-acf0-f4c80125be95/353/569/90/False/Yyl9S4wUuDu8rltsfwH3UQ.jpg,https://www.kobo.com/tw/zh/ebook/Yyl9S4wUuDu8rltsfwH3UQ?sId=034c80aa-a7e3-4be0-abe4-4b1b3c96bb56
2025-05-22,簡媜,胭脂盆地,196,9789863874553,https://cdn.kobo.com/book-images/0ce65bd8-31e7-48ec-b6c2-f3b4da8f4cb7/353/569/90/False/_jcUd4QT3T6w0ZguwcDvlg.jpg,https://www.kobo.com/tw/zh/ebook/_jcUd4QT3T6w0ZguwcDvlg?sId=034c80aa-a7e3-4be0-abe4-4b1b3c96bb56
2025-05-22,簡媜,旅人之歌——神遊山水詩,210,9789863877516,https://cdn.kobo.com/book-images/ba7b0973-6125-415b-91a8-f4910ba8f09b/353/569/90/False/BEgyL0ETLzSJLhvVE5yKmQ.jpg,https://www.kobo.com/tw/zh/ebook/BEgyL0ETLzSJLhvVE5yKmQ?sId=034c80aa-a7e3-4be0-abe4-4b1b3c96bb56
2025-05-22,簡媜,吃朋友,245,7390866631382,https://cdn.kobo.com/book-images/03cd221a-bef1-420d-96fa-a1ff5f2ec5f8/353/569/90/False/5xrS1tW6YT6YFfX6xajasQ.jpg,https://www.kobo.com/tw/zh/ebook/5xrS1tW6YT6YFfX6xajasQ?sId=034c80aa-a7e3-4be0-abe4-4b1b3c96bb56
2025-05-22,簡媜,老師的十二樣見面禮（增訂版）,329,9789863876236,https://cdn.kobo.com/book-images/5ddd0b2a-a9d1-403d-92c3-60f91baba3c6/353/569/90/False/7r6In9z6kTuCg3twvvZA2g.jpg,https://www.kobo.com/tw/zh/ebook/7r6In9z6kTuCg3twvvZA2g?sId=1fa7be83-4e30-4ab1-8612-f07dae1ff291
2025-05-22,簡媜,下午茶,160,9789863876946,https://cdn.kobo.com/book-images/84781262-e7bd-4d10-a3c7-d19910fafa73/353/569/90/False/5iBW0pa_Wj2IztG5D0yKyw.jpg,https://www.kobo.com/tw/zh/ebook/5iBW0pa_Wj2IztG5D0yKyw?sId=1fa7be83-4e30-4ab1-8612-f07dae1ff291
2025-05-22,簡媜,密密語,280,9789863876953,https://cdn.kobo.com/book-images/76e8fe19-e84d-4b62-9707-03393a023486/353/569/90/False/mMg1YwJL9TemPTAVwHZbvw.jpg,https://www.kobo.com/tw/zh/ebook/mMg1YwJL9TemPTAVwHZbvw?sId=1fa7be83-4e30-4ab1-8612-f07dae1ff291
2025-05-22,簡媜,微暈的樹林,210,9789863875857,https://cdn.kobo.com/book-images/df67a2d3-dab3-4ea6-bdd2-0f0e2b62a151/353/569/90/False/lRjcIazDljKdQZof57Hd9A.jpg,https://www.kobo.com/tw/zh/ebook/lRjcIazDljKdQZof57Hd9A?sId=1fa7be83-4e30-4ab1-8612-f07dae1ff291
2025-05-22,簡媜,舊情復燃,220,9789863876380,https://cdn.kobo.com/book-images/97241a9a-8187-4195-a573-9a921c04b9cc/353/569/90/False/wieReZ4jqT2vpPAPLsLmkA.jpg,https://www.kobo.com/tw/zh/ebook/wieReZ4jqT2vpPAPLsLmkA?sId=1fa7be83-4e30-4ab1-8612-f07dae1ff291
2025-05-22,簡媜,天涯海角──福爾摩沙抒情誌,245,7390863873471,https://cdn.kobo.com/book-images/af00ba7f-99c1-44ae-b3d3-81c4e6e37430/353/569/90/False/y2QggT-GWz28HjuY_ABx1w.jpg,https://www.kobo.com/tw/zh/ebook/y2QggT-GWz28HjuY_ABx1w?sId=1fa7be83-4e30-4ab1-8612-f07dae1ff291
2025-05-22,簡媜,月娘照眠牀,220,9789863875314,https://cdn.kobo.com/book-images/1dc984df-000f-4cfb-86bf-d71ead052b02/353/569/90/False/yifYBw_kEz-sjWx9O6wmTg.jpg,https://www.kobo.com/tw/zh/ebook/yifYBw_kEz-sjWx9O6wmTg?sId=1fa7be83-4e30-4ab1-8612-f07dae1ff291
2025-05-22,簡媜,只緣身在此山中,224,9789863874911,https://cdn.kobo.com/book-images/a21ea0b7-2449-4d16-b4db-1aa18c1993f3/353/569/90/False/JR_gAXmObD6EROWQrNPmjw.jpg,https://www.kobo.com/tw/zh/ebook/JR_gAXmObD6EROWQrNPmjw?sId=1fa7be83-4e30-4ab1-8612-f07dae1ff291
2025-05-22,簡媜,好一座浮島,210,9789863875666,https://cdn.kobo.com/book-images/dcfdfd36-7d3d-4201-89ab-681303731c15/353/569/90/False/tR63QOkIkjSZNYP1XN8qJQ.jpg,https://www.kobo.com/tw/zh/ebook/tR63QOkIkjSZNYP1XN8qJQ?sId=1fa7be83-4e30-4ab1-8612-f07dae1ff291
2025-05-22,赫曼．赫塞,流浪者之歌／悉達多,214,9786267095010,https://cdn.kobo.com/book-images/3f321736-62ab-46cb-ae65-dabe29f7eea4/353/569/90/False/BZkTJbpWnTWsH4_ozeT9vA.jpg,https://www.kobo.com/tw/zh/ebook/BZkTJbpWnTWsH4_ozeT9vA?sId=616b51f9-6693-4957-8475-462349bee5ab
2025-05-22,赫曼．赫塞,赫曼赫塞童話故事集,250,3119864773930,https://cdn.kobo.com/book-images/5f4ae374-cda4-4a0c-a27f-58f4eb5939e0/353/569/90/False/fUpsq8DF8Tq5Lguv3pHWuQ.jpg,https://www.kobo.com/tw/zh/ebook/fUpsq8DF8Tq5Lguv3pHWuQ?sId=616b51f9-6693-4957-8475-462349bee5ab
2025-05-22,赫曼．赫塞,德米安：徬徨少年時 (告別徬徨，堅定地做你自己。全新無刪減完整譯本，慕尼黑大學圖書館愛藏版),245,3069869881963,https://cdn.kobo.com/book-images/a809baf5-4e7d-43c9-96e5-7d69fa248b50/353/569/90/False/6fn5ArUqVjSw56cshygW_Q.jpg,https://www.kobo.com/tw/zh/ebook/6fn5ArUqVjSw56cshygW_Q?sId=616b51f9-6693-4957-8475-462349bee5ab
2025-05-22,赫曼．赫塞,悉達多【獨家收錄保羅．科爾賀專文導讀、林懷民繆思分享】：一首印度的詩（流浪者之歌）,196,9789864895397,https://cdn.kobo.com/book-images/827cfb45-6d4c-43cb-866a-eb45ca8c20c7/353/569/90/False/8X4BYN4ZszavG3vs7B0Jdg.jpg,https://www.kobo.com/tw/zh/ebook/8X4BYN4ZszavG3vs7B0Jdg?sId=616b51f9-6693-4957-8475-462349bee5ab
2025-05-22,赫曼．赫塞,德米安【獨家收錄詹姆斯・法蘭科專文導讀】：埃米爾．辛克萊年少時的故事（徬徨少年時）,210,9789864895403,https://cdn.kobo.com/book-images/ae0cd56f-8ec4-4e2d-bc97-29ea34073182/353/569/90/False/ib-jIoEV2Dqm0I1tAc6TWQ.jpg,https://www.kobo.com/tw/zh/ebook/ib-jIoEV2Dqm0I1tAc6TWQ?sId=616b51f9-6693-4957-8475-462349bee5ab
2025-05-22,赫曼．赫塞,荒野之狼,315,9786263966987,https://cdn.kobo.com/book-images/3bb495e7-b3a7-490f-be56-c4e3d0755850/353/569/90/False/8qvh-uvBNjeQ5sV5LtVHdw.jpg,https://www.kobo.com/tw/zh/ebook/8qvh-uvBNjeQ5sV5LtVHdw?sId=616b51f9-6693-4957-8475-462349bee5ab
2025-05-22,赫曼．赫塞,流浪者之歌（首度德文直譯本）,210,3090000000515,https://cdn.kobo.com/book-images/f601d38b-894e-436d-852c-e48f41d06a75/353/569/90/False/uWrynH7_LjCJaQT5rWrZjg.jpg,https://www.kobo.com/tw/zh/ebook/uWrynH7_LjCJaQT5rWrZjg?sId=616b51f9-6693-4957-8475-462349bee5ab
2025-05-22,赫曼．赫塞,荒野之狼（首度德文直譯本）,245,3090000005737,https://cdn.kobo.com/book-images/449cd682-c515-465f-b6f3-c5b59e8310e3/353/569/90/False/VFQPtyjUrTGJSlcoqoICxg.jpg,https://www.kobo.com/tw/zh/ebook/VFQPtyjUrTGJSlcoqoICxg?sId=616b51f9-6693-4957-8475-462349bee5ab
2025-05-22,赫曼．赫塞,流浪者之歌【感動解讀版】,400,9786269936137,https://cdn.kobo.com/book-images/921c4663-8c49-4f8f-a61f-e24755dbae11/353/569/90/False/JNfPTDEjDz-tAMfp3Egokg.jpg,https://www.kobo.com/tw/zh/ebook/JNfPTDEjDz-tAMfp3Egokg?sId=616b51f9-6693-4957-8475-462349bee5ab
2025-05-22,赫曼．赫塞,園圃之歌：諾貝爾文學獎大師赫曼．赫塞的自然哲思與手繪詩畫,266,9786269638079,https://cdn.kobo.com/book-images/f7453d28-8edd-4d0b-87ae-3f947835f381/353/569/90/False/jHi5IlslGTmTLqpPkwxScQ.jpg,https://www.kobo.com/tw/zh/ebook/jHi5IlslGTmTLqpPkwxScQ?sId=616b51f9-6693-4957-8475-462349bee5ab
2025-05-22,赫曼．赫塞,流浪者之歌,245,9786263744417,https://cdn.kobo.com/book-images/dbaffb64-2df7-46df-9836-4b43eb375d74/353/569/90/False/SSmAUWRnWD-200t2EoH_qQ.jpg,https://www.kobo.com/tw/zh/ebook/SSmAUWRnWD-200t2EoH_qQ?sId=616b51f9-6693-4957-8475-462349bee5ab
2025-05-22,赫曼．赫塞,德米安：彷徨少年時,228,7289867101822,https://cdn.kobo.com/book-images/897fa0c7-1c7f-4005-9de8-784febd6e287/353/569/90/False/ZNYK-tlfkD-IZy3hlnFJAw.jpg,https://www.kobo.com/tw/zh/ebook/ZNYK-tlfkD-IZy3hlnFJAw?sId=616b51f9-6693-4957-8475-462349bee5ab
2025-05-22,赫曼．赫塞,車輪下（首度德文直譯本）,210,3090000000590,https://cdn.kobo.com/book-images/40dde703-286a-487c-acca-3d0e177e4d0a/353/569/90/False/iRXS-e-7fzumzrZdY8d_8Q.jpg,https://www.kobo.com/tw/zh/ebook/iRXS-e-7fzumzrZdY8d_8Q?sId=fb445097-e7c4-41b0-8ad9-4fac0c4e7f1b
2025-05-22,赫曼．赫塞,在書中發現自己的靈魂：慢讀赫塞,250,3128000000104,https://cdn.kobo.com/book-images/5139dd71-3f40-4bbf-aaa6-752447892743/353/569/90/False/mj-jE6bxOTazX9ad0uwE7g.jpg,https://www.kobo.com/tw/zh/ebook/mj-jE6bxOTazX9ad0uwE7g?sId=fb445097-e7c4-41b0-8ad9-4fac0c4e7f1b
2025-05-22,赫曼．赫塞,徬徨少年時（德文直譯本）,196,3090000030292,https://cdn.kobo.com/book-images/0eb8b492-c683-4d13-8a2e-40fd1872ced9/353/569/90/False/p9r2phjlUzO8q-gEc3Ysmg.jpg,https://www.kobo.com/tw/zh/ebook/p9r2phjlUzO8q-gEc3Ysmg?sId=fb445097-e7c4-41b0-8ad9-4fac0c4e7f1b
2025-05-22,赫曼．赫塞,悠遊之歌（三版）,175,9789864023936,https://cdn.kobo.com/book-images/e52679bc-171d-45f8-bf8a-8a159a9891ed/353/569/90/False/UHZLCrSJATqst2fZDCkzBA.jpg,https://www.kobo.com/tw/zh/ebook/UHZLCrSJATqst2fZDCkzBA?sId=fb445097-e7c4-41b0-8ad9-4fac0c4e7f1b
2025-05-22,赫曼．赫塞,生命之歌,210,3090000000496,https://cdn.kobo.com/book-images/cab95401-af95-4f91-9d80-41eee92dade2/353/569/90/False/kfbDCDZ4SD6jxk-LU1ireg.jpg,https://www.kobo.com/tw/zh/ebook/kfbDCDZ4SD6jxk-LU1ireg?sId=fb445097-e7c4-41b0-8ad9-4fac0c4e7f1b
2025-05-22,赫曼．赫塞,中學生好享讀：諾貝爾大師短篇小說選,225,6709863201113,https://cdn.kobo.com/book-images/f48eb899-1243-4d56-a687-e9d45c5de9ef/353/569/90/False/pnJCPVTatTGHkaHGe4iYMw.jpg,https://www.kobo.com/tw/zh/ebook/pnJCPVTatTGHkaHGe4iYMw?sId=fb445097-e7c4-41b0-8ad9-4fac0c4e7f1b
2025-05-22,赫曼．赫塞,鄉愁（德文直譯本）,196,3090000006527,https://cdn.kobo.com/book-images/567c8c31-ebf2-4ffb-a5b1-7e294bb27479/353/569/90/False/By8ilup3JjmH2kf5ty2N8g.jpg,https://www.kobo.com/tw/zh/ebook/By8ilup3JjmH2kf5ty2N8g?sId=fb445097-e7c4-41b0-8ad9-4fac0c4e7f1b
2025-05-22,赫曼．赫塞,荒野之狼（德文新譯本）,294,3119864771400,https://cdn.kobo.com/book-images/c81844a1-3034-4867-a324-b6f0bd00c252/353/569/90/False/6g6wxeuiYjuWU71oa_5Mzg.jpg,https://www.kobo.com/tw/zh/ebook/6g6wxeuiYjuWU71oa_5Mzg?sId=fb445097-e7c4-41b0-8ad9-4fac0c4e7f1b
2025-05-22,赫曼．赫塞,徬徨少年時,175,3090000000352,https://cdn.kobo.com/book-images/b98f888a-ae90-4674-8796-0c691b798c30/353/569/90/False/3cIVTFd3fz6t9pp0NaJsyA.jpg,https://www.kobo.com/tw/zh/ebook/3cIVTFd3fz6t9pp0NaJsyA?sId=fb445097-e7c4-41b0-8ad9-4fac0c4e7f1b
2025-05-22,赫曼．赫塞,德米安：埃米爾．辛克萊年少時的故事（徬徨少年時）,210,7384000000027,https://cdn.kobo.com/book-images/e921900f-2bfe-42d8-8547-198c1b3b42b1/353/569/90/False/pO0YjhmJajyGRrdkzlKsnA.jpg,https://www.kobo.com/tw/zh/audiobook/pO0YjhmJajyGRrdkzlKsnA?sId=fb445097-e7c4-41b0-8ad9-4fac0c4e7f1b
2025-05-22,赫曼．赫塞,悉達多：一首印度的詩（流浪者之歌）,210,7384000000026,https://cdn.kobo.com/book-images/2ebd8c79-acb7-430a-abd8-3998815f26dd/353/569/90/False/5P5w8osOvzauH183YElyCw.jpg,https://www.kobo.com/tw/zh/audiobook/5P5w8osOvzauH183YElyCw?sId=fb445097-e7c4-41b0-8ad9-4fac0c4e7f1b
2025-05-23,卡繆,薛西弗斯的神話,166,3150000000396,https://cdn.kobo.com/book-images/71d8cd60-c407-4367-bced-a36718fcf86f/353/569/90/False/t0r8j-Ym4jee3YDu96AA1w.jpg,https://www.kobo.com/tw/zh/ebook/t0r8j-Ym4jee3YDu96AA1w?sId=5147741483eb5ef519fa44debbdb3823
2025-05-23,卡繆,異鄉人（2020全新名家譯本，再現卡繆字句推敲的原義）,138,3150000000617,https://cdn.kobo.com/book-images/883f0dcf-e5f7-4dfe-b300-8d725a8da70d/353/569/90/False/0GQk9bH6VzyLV0Q9Faysow.jpg,https://www.kobo.com/tw/zh/ebook/0GQk9bH6VzyLV0Q9Faysow?sId=5147741483eb5ef519fa44debbdb3823
2025-05-23,卡繆,異鄉人（卡繆版書衣）,154,3119861735450,https://cdn.kobo.com/book-images/24099253-90bc-4d80-8825-f6300e8b806f/353/569/90/False/gb2hSkF1KDGjqz18oam2aA.jpg,https://www.kobo.com/tw/zh/ebook/gb2hSkF1KDGjqz18oam2aA?sId=5147741483eb5ef519fa44debbdb3823
2025-05-23,卡繆,薛西弗斯的神話：卡繆的荒謬哲學,230,3120000000285,https://cdn.kobo.com/book-images/8cfb868b-d1ce-428f-9dc1-8a7b0724f790/353/569/90/False/dz7TJXld6DK-tFChkyuNug.jpg,https://www.kobo.com/tw/zh/ebook/dz7TJXld6DK-tFChkyuNug?sId=5147741483eb5ef519fa44debbdb3823
2025-05-23,卡繆,鼠疫（卡繆經典暢銷作․中文版有聲書首度上市）,300,9789863449270,https://cdn.kobo.com/book-images/ba766fe2-65df-4d69-83bc-798bf2340c10/353/569/90/False/AMe0qKS-yzinEfp_ItutUg.jpg,https://www.kobo.com/tw/zh/audiobook/AMe0qKS-yzinEfp_ItutUg?sId=5147741483eb5ef519fa44debbdb3823
2025-05-23,卡繆,薛西弗斯的神話：點燃希望的哲學頌歌，法國七星文庫權威譯本【傅雷翻譯獎典藏版】,226,9786267596456,https://cdn.kobo.com/book-images/6ccfbf88-73ae-4691-b256-38387994ae56/353/569/90/False/7fFjSyTP9zKPTx3GcPFpfw.jpg,https://www.kobo.com/tw/zh/ebook/7fFjSyTP9zKPTx3GcPFpfw?sId=5147741483eb5ef519fa44debbdb3823
2025-05-23,卡繆,快樂的死,175,3120000000639,https://cdn.kobo.com/book-images/57e8ecec-6b0d-4586-882a-1f7699f9b494/353/569/90/False/gnS7T3tgLTS1t3eLSRBEeA.jpg,https://www.kobo.com/tw/zh/ebook/gnS7T3tgLTS1t3eLSRBEeA?sId=5147741483eb5ef519fa44debbdb3823
2025-05-23,卡繆,異鄉人（卡繆經典暢銷作․中文版有聲書首度上市）,220,9789863449263,https://cdn.kobo.com/book-images/a910e55d-8df0-43d3-8ef2-df7dc21d51ba/353/569/90/False/t1OO6Q03qjuX0wfMsaUVPg.jpg,https://www.kobo.com/tw/zh/audiobook/t1OO6Q03qjuX0wfMsaUVPg?sId=5147741483eb5ef519fa44debbdb3823
2025-05-23,卡繆,卡繆反抗三部曲套書：《瘟疫》＋《反抗者》＋《正義者》【全新法文名家直譯，首次完整出版，親炙完整的卡繆反抗思想】,575,3150000000687,https://cdn.kobo.com/book-images/9f980967-d3c1-4ac0-9f8c-f8e0ccbbcc60/353/569/90/False/B1m2jKOONjKjTMVkT5k1NQ.jpg,https://www.kobo.com/tw/zh/ebook/B1m2jKOONjKjTMVkT5k1NQ?sId=5147741483eb5ef519fa44debbdb3823
2025-05-23,卡繆,瘟疫,210,9789861785516,https://cdn.kobo.com/book-images/8d4f032e-dd57-4b50-a7d8-07f8e494bce5/353/569/90/False/sQ5ce_0gtz-yiFpE7SxWag.jpg,https://www.kobo.com/tw/zh/ebook/sQ5ce_0gtz-yiFpE7SxWag?sId=5147741483eb5ef519fa44debbdb3823
2025-05-23,卡繆,正義者（首次出版，法文直譯名家譯本，卡繆展現對正義與反抗的考驗）,155,9789860777161,https://cdn.kobo.com/book-images/9291fc65-996d-4a27-83f4-a141c345d8cb/353/569/90/False/QQT3HgwFsT2xefv4IRMF9w.jpg,https://www.kobo.com/tw/zh/ebook/QQT3HgwFsT2xefv4IRMF9w?sId=5147741483eb5ef519fa44debbdb3823
2025-05-23,卡繆,卡繆荒謬與反抗系列作品全集套書：荒謬系列四部曲《異鄉人》《薛西弗斯的神話》《卡里古拉》《誤會》＋反抗系列三部曲《瘟疫》《反抗者》《正義者》【全新法文名家直譯，首次完整出版，親炙完整的卡繆荒謬哲學】,1200,3150000000694,https://cdn.kobo.com/book-images/76f16f12-492e-4435-b792-e97bba1721d5/353/569/90/False/Kx45Q5lYKTqv_nEYbdwV2A.jpg,https://www.kobo.com/tw/zh/ebook/Kx45Q5lYKTqv_nEYbdwV2A?sId=5147741483eb5ef519fa44debbdb3823
2025-05-23,卡繆,異鄉人【獨家收錄沙特評論・2022全新名家譯本】,196,9789864896073,https://cdn.kobo.com/book-images/a71e071c-2ddd-47b0-ba0d-0ad67a3261c3/353/569/90/False/VQ2InesBOjKI-Xv96viLqA.jpg,https://www.kobo.com/tw/zh/ebook/VQ2InesBOjKI-Xv96viLqA?sId=eeaad4c4b7184dbd9a0175647709951d
2025-05-23,卡繆,誤會【1957年諾貝爾文學獎得主面對自我放逐之旅的核心之作】,155,9786267118139,https://cdn.kobo.com/book-images/f35af051-fd52-4e22-a2df-d19abd3abf6e/353/569/90/False/XznH9zQdijG-RQoi9MTYng.jpg,https://www.kobo.com/tw/zh/ebook/XznH9zQdijG-RQoi9MTYng?sId=eeaad4c4b7184dbd9a0175647709951d
2025-05-23,卡繆,鼠疫【全新名家譯本】（特別收錄哲學解析〈一部存在主義小說的後現代閱讀〉）,266,9789864895434,https://cdn.kobo.com/book-images/f4d068a2-498d-4817-97dd-d7492dc32b10/353/569/90/False/K9cd87y5oDGaSXDvYBOiAg.jpg,https://www.kobo.com/tw/zh/ebook/K9cd87y5oDGaSXDvYBOiAg?sId=eeaad4c4b7184dbd9a0175647709951d
2025-05-23,卡繆,鼠疫,210,3119861737522,https://cdn.kobo.com/book-images/56a09ae8-dac7-4eb0-9dde-b427a5a1aacb/353/569/90/False/tGTtah0cyzKVQIXzpZ7NTQ.jpg,https://www.kobo.com/tw/zh/ebook/tGTtah0cyzKVQIXzpZ7NTQ?sId=eeaad4c4b7184dbd9a0175647709951d
2025-05-23,卡繆,瘟疫（2021最新名家譯本，卡繆對疫情下被禁錮人心的鼓舞）,210,9789860777192,https://cdn.kobo.com/book-images/9618975f-d9f0-47af-bd43-571387f8a06a/353/569/90/False/wJ6ORaWSDj60GIzsDTf9Zg.jpg,https://www.kobo.com/tw/zh/ebook/wJ6ORaWSDj60GIzsDTf9Zg?sId=eeaad4c4b7184dbd9a0175647709951d
2025-05-23,卡繆,異鄉人,179,3039571384641,https://cdn.kobo.com/book-images/81e2cbee-7fb1-445c-8a9a-54f11683b376/353/569/90/False/wUn6RJK3RjCYH8YflJqYFw.jpg,https://www.kobo.com/tw/zh/ebook/wUn6RJK3RjCYH8YflJqYFw?sId=eeaad4c4b7184dbd9a0175647709951d
2025-05-23,卡繆,反抗者（新版）,210,3150000000392,https://cdn.kobo.com/book-images/0169f08d-1636-4fe9-865e-ac9323facfa7/353/569/90/False/dnhkQv1woTKBLngzg4RbMg.jpg,https://www.kobo.com/tw/zh/ebook/dnhkQv1woTKBLngzg4RbMg?sId=eeaad4c4b7184dbd9a0175647709951d
2025-05-23,卡繆,卡繆荒謬系列四部曲套書：《異鄉人》＋《薛西弗斯的神話》＋《卡里古拉》＋《誤會》【全新法文名家直譯，首次完整出版，親炙完整的卡繆荒謬哲學】,625,3150000000693,https://cdn.kobo.com/book-images/462128f0-194c-4f37-91e4-c9cdfbe0d7b2/353/569/90/False/iBMVIqmTtjmYjH2oJl_r8A.jpg,https://www.kobo.com/tw/zh/ebook/iBMVIqmTtjmYjH2oJl_r8A?sId=eeaad4c4b7184dbd9a0175647709951d
2025-05-23,卡繆,卡里古拉【1957年諾貝爾文學獎得主描摹荒謬的經典代表作,166,9786267118108,https://cdn.kobo.com/book-images/228a6362-9e74-450c-806f-26d0291b0115/353/569/90/False/bUv8_ShWSDyzoufG54r66g.jpg,https://www.kobo.com/tw/zh/ebook/bUv8_ShWSDyzoufG54r66g?sId=eeaad4c4b7184dbd9a0175647709951d
2025-05-23,卡繆,異鄉人：最值得珍藏的名家譯本,224,3119864778287,https://cdn.kobo.com/book-images/59186bf1-d059-4aeb-afcb-36b164712ef7/353/569/90/False/XRU3eRrUUD6pvlI4liPZbg.jpg,https://www.kobo.com/tw/zh/ebook/XRU3eRrUUD6pvlI4liPZbg?sId=eeaad4c4b7184dbd9a0175647709951d
2025-05-23,卡繆,第一人：《異鄉人》存在主義大師的最後遺作！沒讀過《第一人》，就無法了解真正的卡繆！,360,7435000003050,https://cdn.kobo.com/book-images/1000dae4-0e54-4613-994a-2ca68f225aaf/353/569/90/False/mBrCwjCDbT-OmxW_MxQCPg.jpg,https://www.kobo.com/tw/zh/audiobook/mBrCwjCDbT-OmxW_MxQCPg?sId=eeaad4c4b7184dbd9a0175647709951d
2025-05-23,卡繆,墮落,182,9789861787558,https://cdn.kobo.com/book-images/023f55c5-13cf-4e65-aaa2-e1d0eebea177/353/569/90/False/ie-dvcJKuTWxECoQpt7ptg.jpg,https://www.kobo.com/tw/zh/ebook/ie-dvcJKuTWxECoQpt7ptg?sId=eeaad4c4b7184dbd9a0175647709951d
2025-05-23,卡繆,放逐與王國：卡繆短篇小說,260,9789865482541,https://cdn.kobo.com/book-images/033f901a-cea5-456e-9a5c-534f67c7dd33/353/569/90/False/SmaLhyIaRTOPTVVkw9jskg.jpg,https://www.kobo.com/tw/zh/ebook/SmaLhyIaRTOPTVVkw9jskg?sId=8895abd599112bcf970caa63bd4bcdc5
2025-05-23,卡繆,異鄉人,170,6849862272770,https://cdn.kobo.com/book-images/2f2b24f2-6a61-4ae2-a409-29c8eb0bc992/353/569/90/False/GYi3emouATurt5CEXNGY7A.jpg,https://www.kobo.com/tw/zh/ebook/GYi3emouATurt5CEXNGY7A?sId=8895abd599112bcf970caa63bd4bcdc5
2025-05-23,卡繆,瘟疫（名家經典新譯）,228,9789865482473,https://cdn.kobo.com/book-images/edbaf1b0-60cf-4781-90e1-dcb3d6358348/353/569/90/False/XSi3S6nkVz2SFyXwXYLq1g.jpg,https://www.kobo.com/tw/zh/ebook/XSi3S6nkVz2SFyXwXYLq1g?sId=8895abd599112bcf970caa63bd4bcdc5
2025-05-23,卡繆,放逐與王國,210,9789863874133,https://cdn.kobo.com/book-images/5f1ba02d-68c9-4aa5-85ab-824c904439e9/353/569/90/False/RVGALpaZsjaTbCo1SdZXqw.jpg,https://www.kobo.com/tw/zh/ebook/RVGALpaZsjaTbCo1SdZXqw?sId=8895abd599112bcf970caa63bd4bcdc5
2025-05-23,卡繆,異鄉人：荒謬三部曲，首部,210,7384000000024,https://cdn.kobo.com/book-images/12dc1249-e584-452a-a159-54be7be82c4d/353/569/90/False/MDkYBsM0cTm5Kq9j-44S0A.jpg,https://www.kobo.com/tw/zh/audiobook/MDkYBsM0cTm5Kq9j-44S0A?sId=8895abd599112bcf970caa63bd4bcdc5
2025-05-23,簡媜,十種寂寞,252,7390863873877,https://cdn.kobo.com/book-images/137d5050-a414-4644-a453-8236a3c7338c/353/569/90/False/SS3f6q_OmzG6ixjEoQQSBw.jpg,https://www.kobo.com/tw/zh/ebook/SS3f6q_OmzG6ixjEoQQSBw?sId=db46f40e447f9e610d21dbbd7b419247
2025-05-23,簡媜,我為你灑下月光,336,7390863872337,https://cdn.kobo.com/book-images/8d8c685d-f3c5-4e43-a07c-4a7a91f5ad22/353/569/90/False/RBqeU8INXTCG7D8npjR0bw.jpg,https://www.kobo.com/tw/zh/ebook/RBqeU8INXTCG7D8npjR0bw?sId=db46f40e447f9e610d21dbbd7b419247
2025-05-23,簡媜,女兒紅,196,9789863874096,https://cdn.kobo.com/book-images/73163054-0990-4413-b92d-a3d20f20ebaa/353/569/90/False/DBqadeV-gT-bmmVuqDItJg.jpg,https://www.kobo.com/tw/zh/ebook/DBqadeV-gT-bmmVuqDItJg?sId=db46f40e447f9e610d21dbbd7b419247
2025-05-23,簡媜,誰在銀閃閃的地方，等你（增訂版）,392,9789863876021,https://cdn.kobo.com/book-images/18d8f7d3-ad8d-4473-b1b7-aba2ada08383/353/569/90/False/tyYjDkeqiza61CrkeCJu7w.jpg,https://www.kobo.com/tw/zh/ebook/tyYjDkeqiza61CrkeCJu7w?sId=db46f40e447f9e610d21dbbd7b419247
2025-05-23,簡媜,夢遊書,196,9789863874546,https://cdn.kobo.com/book-images/df1c79f2-8ad2-4ed8-9f37-293c81359dd8/353/569/90/False/p_nX7y-6_D6gGQiQ7O__sw.jpg,https://www.kobo.com/tw/zh/ebook/p_nX7y-6_D6gGQiQ7O__sw?sId=db46f40e447f9e610d21dbbd7b419247
2025-05-23,簡媜,老師的十二樣見面禮,224,7390866873232,https://cdn.kobo.com/book-images/912cffcc-12b7-4881-820d-605be5c0f456/353/569/90/False/Opeot0Gw9zeKOcdaOXIiCg.jpg,https://www.kobo.com/tw/zh/ebook/Opeot0Gw9zeKOcdaOXIiCg?sId=db46f40e447f9e610d21dbbd7b419247
2025-05-23,簡媜,胭脂盆地,196,9789863874553,https://cdn.kobo.com/book-images/0ce65bd8-31e7-48ec-b6c2-f3b4da8f4cb7/353/569/90/False/_jcUd4QT3T6w0ZguwcDvlg.jpg,https://www.kobo.com/tw/zh/ebook/_jcUd4QT3T6w0ZguwcDvlg?sId=db46f40e447f9e610d21dbbd7b419247
2025-05-23,簡媜,紅嬰仔：一個女人和她的育嬰史,252,7390863873068,https://cdn.kobo.com/book-images/4c769dfc-5feb-45bb-bad9-d22ff6fe4425/353/569/90/False/3-XKV53DSzqry1rJm_LJEA.jpg,https://www.kobo.com/tw/zh/ebook/3-XKV53DSzqry1rJm_LJEA?sId=db46f40e447f9e610d21dbbd7b419247
2025-05-23,簡媜,與歲月同等心跳,210,9789863877479,https://cdn.kobo.com/book-images/5dc05880-531e-4ce8-9a89-99be05f5d02b/353/569/90/False/1Cgc_XKbQj6NkWrPuaKd2g.jpg,https://www.kobo.com/tw/zh/ebook/1Cgc_XKbQj6NkWrPuaKd2g?sId=db46f40e447f9e610d21dbbd7b419247
2025-05-23,簡媜,下午茶,160,9789863876946,https://cdn.kobo.com/book-images/84781262-e7bd-4d10-a3c7-d19910fafa73/353/569/90/False/5iBW0pa_Wj2IztG5D0yKyw.jpg,https://www.kobo.com/tw/zh/ebook/5iBW0pa_Wj2IztG5D0yKyw?sId=db46f40e447f9e610d21dbbd7b419247
2025-05-23,簡媜,一個人漫遊，古典森林,315,9789863877745,https://cdn.kobo.com/book-images/0c528bc8-18ea-46e3-acf0-f4c80125be95/353/569/90/False/Yyl9S4wUuDu8rltsfwH3UQ.jpg,https://www.kobo.com/tw/zh/ebook/Yyl9S4wUuDu8rltsfwH3UQ?sId=db46f40e447f9e610d21dbbd7b419247
2025-05-23,簡媜,好一座浮島,210,9789863875666,https://cdn.kobo.com/book-images/dcfdfd36-7d3d-4201-89ab-681303731c15/353/569/90/False/tR63QOkIkjSZNYP1XN8qJQ.jpg,https://www.kobo.com/tw/zh/ebook/tR63QOkIkjSZNYP1XN8qJQ?sId=db46f40e447f9e610d21dbbd7b419247
2025-05-23,簡媜,吃朋友,245,7390866631382,https://cdn.kobo.com/book-images/03cd221a-bef1-420d-96fa-a1ff5f2ec5f8/353/569/90/False/5xrS1tW6YT6YFfX6xajasQ.jpg,https://www.kobo.com/tw/zh/ebook/5xrS1tW6YT6YFfX6xajasQ?sId=5214b7006bb917a9f115df4cce7fb6cc
2025-05-23,簡媜,老師的十二樣見面禮（增訂版）,329,9789863876236,https://cdn.kobo.com/book-images/5ddd0b2a-a9d1-403d-92c3-60f91baba3c6/353/569/90/False/7r6In9z6kTuCg3twvvZA2g.jpg,https://www.kobo.com/tw/zh/ebook/7r6In9z6kTuCg3twvvZA2g?sId=5214b7006bb917a9f115df4cce7fb6cc
2025-05-23,簡媜,天涯海角──福爾摩沙抒情誌,245,7390863873471,https://cdn.kobo.com/book-images/af00ba7f-99c1-44ae-b3d3-81c4e6e37430/353/569/90/False/y2QggT-GWz28HjuY_ABx1w.jpg,https://www.kobo.com/tw/zh/ebook/y2QggT-GWz28HjuY_ABx1w?sId=5214b7006bb917a9f115df4cce7fb6cc
2025-05-23,簡媜,舊情復燃,220,9789863876380,https://cdn.kobo.com/book-images/97241a9a-8187-4195-a573-9a921c04b9cc/353/569/90/False/wieReZ4jqT2vpPAPLsLmkA.jpg,https://www.kobo.com/tw/zh/ebook/wieReZ4jqT2vpPAPLsLmkA?sId=5214b7006bb917a9f115df4cce7fb6cc
2025-05-23,簡媜,密密語,280,9789863876953,https://cdn.kobo.com/book-images/76e8fe19-e84d-4b62-9707-03393a023486/353/569/90/False/mMg1YwJL9TemPTAVwHZbvw.jpg,https://www.kobo.com/tw/zh/ebook/mMg1YwJL9TemPTAVwHZbvw?sId=5214b7006bb917a9f115df4cce7fb6cc
2025-05-23,簡媜,旅人之歌——神遊山水詩,210,9789863877516,https://cdn.kobo.com/book-images/ba7b0973-6125-415b-91a8-f4910ba8f09b/353/569/90/False/BEgyL0ETLzSJLhvVE5yKmQ.jpg,https://www.kobo.com/tw/zh/ebook/BEgyL0ETLzSJLhvVE5yKmQ?sId=5214b7006bb917a9f115df4cce7fb6cc
2025-05-23,簡媜,微暈的樹林,210,9789863875857,https://cdn.kobo.com/book-images/df67a2d3-dab3-4ea6-bdd2-0f0e2b62a151/353/569/90/False/lRjcIazDljKdQZof57Hd9A.jpg,https://www.kobo.com/tw/zh/ebook/lRjcIazDljKdQZof57Hd9A?sId=5214b7006bb917a9f115df4cce7fb6cc
2025-05-23,簡媜,月娘照眠牀,220,9789863875314,https://cdn.kobo.com/book-images/1dc984df-000f-4cfb-86bf-d71ead052b02/353/569/90/False/yifYBw_kEz-sjWx9O6wmTg.jpg,https://www.kobo.com/tw/zh/ebook/yifYBw_kEz-sjWx9O6wmTg?sId=5214b7006bb917a9f115df4cce7fb6cc
2025-05-23,簡媜,只緣身在此山中,224,9789863874911,https://cdn.kobo.com/book-images/a21ea0b7-2449-4d16-b4db-1aa18c1993f3/353/569/90/False/JR_gAXmObD6EROWQrNPmjw.jpg,https://www.kobo.com/tw/zh/ebook/JR_gAXmObD6EROWQrNPmjw?sId=5214b7006bb917a9f115df4cce7fb6cc
2025-05-23,赫曼．赫塞,流浪者之歌／悉達多,214,9786267095010,https://cdn.kobo.com/book-images/3f321736-62ab-46cb-ae65-dabe29f7eea4/353/569/90/False/BZkTJbpWnTWsH4_ozeT9vA.jpg,https://www.kobo.com/tw/zh/ebook/BZkTJbpWnTWsH4_ozeT9vA?sId=feb4003a91c9dbbc1355cf0f299fc0e5
2025-05-23,赫曼．赫塞,荒野之狼,315,9786263966987,https://cdn.kobo.com/book-images/3bb495e7-b3a7-490f-be56-c4e3d0755850/353/569/90/False/8qvh-uvBNjeQ5sV5LtVHdw.jpg,https://www.kobo.com/tw/zh/ebook/8qvh-uvBNjeQ5sV5LtVHdw?sId=feb4003a91c9dbbc1355cf0f299fc0e5
2025-05-23,赫曼．赫塞,車輪下（首度德文直譯本）,210,3090000000590,https://cdn.kobo.com/book-images/40dde703-286a-487c-acca-3d0e177e4d0a/353/569/90/False/iRXS-e-7fzumzrZdY8d_8Q.jpg,https://www.kobo.com/tw/zh/ebook/iRXS-e-7fzumzrZdY8d_8Q?sId=feb4003a91c9dbbc1355cf0f299fc0e5
2025-05-23,赫曼．赫塞,流浪者之歌（首度德文直譯本）,210,3090000000515,https://cdn.kobo.com/book-images/f601d38b-894e-436d-852c-e48f41d06a75/353/569/90/False/uWrynH7_LjCJaQT5rWrZjg.jpg,https://www.kobo.com/tw/zh/ebook/uWrynH7_LjCJaQT5rWrZjg?sId=feb4003a91c9dbbc1355cf0f299fc0e5
2025-05-23,赫曼．赫塞,悉達多【獨家收錄保羅．科爾賀專文導讀、林懷民繆思分享】：一首印度的詩（流浪者之歌）,196,9789864895397,https://cdn.kobo.com/book-images/827cfb45-6d4c-43cb-866a-eb45ca8c20c7/353/569/90/False/8X4BYN4ZszavG3vs7B0Jdg.jpg,https://www.kobo.com/tw/zh/ebook/8X4BYN4ZszavG3vs7B0Jdg?sId=feb4003a91c9dbbc1355cf0f299fc0e5
2025-05-23,赫曼．赫塞,徬徨少年時（德文直譯本）,196,3090000030292,https://cdn.kobo.com/book-images/0eb8b492-c683-4d13-8a2e-40fd1872ced9/353/569/90/False/p9r2phjlUzO8q-gEc3Ysmg.jpg,https://www.kobo.com/tw/zh/ebook/p9r2phjlUzO8q-gEc3Ysmg?sId=feb4003a91c9dbbc1355cf0f299fc0e5
2025-05-23,赫曼．赫塞,德米安：徬徨少年時 (告別徬徨，堅定地做你自己。全新無刪減完整譯本，慕尼黑大學圖書館愛藏版),245,3069869881963,https://cdn.kobo.com/book-images/a809baf5-4e7d-43c9-96e5-7d69fa248b50/353/569/90/False/6fn5ArUqVjSw56cshygW_Q.jpg,https://www.kobo.com/tw/zh/ebook/6fn5ArUqVjSw56cshygW_Q?sId=feb4003a91c9dbbc1355cf0f299fc0e5
2025-05-23,赫曼．赫塞,悉達多：一首印度的詩（流浪者之歌）,210,7384000000026,https://cdn.kobo.com/book-images/2ebd8c79-acb7-430a-abd8-3998815f26dd/353/569/90/False/5P5w8osOvzauH183YElyCw.jpg,https://www.kobo.com/tw/zh/audiobook/5P5w8osOvzauH183YElyCw?sId=feb4003a91c9dbbc1355cf0f299fc0e5
2025-05-23,赫曼．赫塞,赫曼赫塞童話故事集,250,3119864773930,https://cdn.kobo.com/book-images/5f4ae374-cda4-4a0c-a27f-58f4eb5939e0/353/569/90/False/fUpsq8DF8Tq5Lguv3pHWuQ.jpg,https://www.kobo.com/tw/zh/ebook/fUpsq8DF8Tq5Lguv3pHWuQ?sId=feb4003a91c9dbbc1355cf0f299fc0e5
2025-05-23,赫曼．赫塞,荒野之狼（首度德文直譯本）,245,3090000005737,https://cdn.kobo.com/book-images/449cd682-c515-465f-b6f3-c5b59e8310e3/353/569/90/False/VFQPtyjUrTGJSlcoqoICxg.jpg,https://www.kobo.com/tw/zh/ebook/VFQPtyjUrTGJSlcoqoICxg?sId=feb4003a91c9dbbc1355cf0f299fc0e5
2025-05-23,赫曼．赫塞,鄉愁（德文直譯本）,196,3090000006527,https://cdn.kobo.com/book-images/567c8c31-ebf2-4ffb-a5b1-7e294bb27479/353/569/90/False/By8ilup3JjmH2kf5ty2N8g.jpg,https://www.kobo.com/tw/zh/ebook/By8ilup3JjmH2kf5ty2N8g?sId=feb4003a91c9dbbc1355cf0f299fc0e5
2025-05-23,赫曼．赫塞,德米安：埃米爾．辛克萊年少時的故事（徬徨少年時）,210,7384000000027,https://cdn.kobo.com/book-images/e921900f-2bfe-42d8-8547-198c1b3b42b1/353/569/90/False/pO0YjhmJajyGRrdkzlKsnA.jpg,https://www.kobo.com/tw/zh/audiobook/pO0YjhmJajyGRrdkzlKsnA?sId=feb4003a91c9dbbc1355cf0f299fc0e5
2025-05-23,赫曼．赫塞,德米安【獨家收錄詹姆斯・法蘭科專文導讀】：埃米爾．辛克萊年少時的故事（徬徨少年時）,210,9789864895403,https://cdn.kobo.com/book-images/ae0cd56f-8ec4-4e2d-bc97-29ea34073182/353/569/90/False/ib-jIoEV2Dqm0I1tAc6TWQ.jpg,https://www.kobo.com/tw/zh/ebook/ib-jIoEV2Dqm0I1tAc6TWQ?sId=9b8714e1d5710bca1e781e474924d699
2025-05-23,赫曼．赫塞,德米安：彷徨少年時,228,7289867101822,https://cdn.kobo.com/book-images/897fa0c7-1c7f-4005-9de8-784febd6e287/353/569/90/False/ZNYK-tlfkD-IZy3hlnFJAw.jpg,https://www.kobo.com/tw/zh/ebook/ZNYK-tlfkD-IZy3hlnFJAw?sId=9b8714e1d5710bca1e781e474924d699
2025-05-23,赫曼．赫塞,荒野之狼（德文新譯本）,294,3119864771400,https://cdn.kobo.com/book-images/c81844a1-3034-4867-a324-b6f0bd00c252/353/569/90/False/6g6wxeuiYjuWU71oa_5Mzg.jpg,https://www.kobo.com/tw/zh/ebook/6g6wxeuiYjuWU71oa_5Mzg?sId=9b8714e1d5710bca1e781e474924d699
2025-05-23,赫曼．赫塞,流浪者之歌,245,9786263744417,https://cdn.kobo.com/book-images/dbaffb64-2df7-46df-9836-4b43eb375d74/353/569/90/False/SSmAUWRnWD-200t2EoH_qQ.jpg,https://www.kobo.com/tw/zh/ebook/SSmAUWRnWD-200t2EoH_qQ?sId=9b8714e1d5710bca1e781e474924d699
2025-05-23,赫曼．赫塞,徬徨少年時,175,3090000000352,https://cdn.kobo.com/book-images/b98f888a-ae90-4674-8796-0c691b798c30/353/569/90/False/3cIVTFd3fz6t9pp0NaJsyA.jpg,https://www.kobo.com/tw/zh/ebook/3cIVTFd3fz6t9pp0NaJsyA?sId=9b8714e1d5710bca1e781e474924d699
2025-05-23,赫曼．赫塞,在書中發現自己的靈魂：慢讀赫塞,250,3128000000104,https://cdn.kobo.com/book-images/5139dd71-3f40-4bbf-aaa6-752447892743/353/569/90/False/mj-jE6bxOTazX9ad0uwE7g.jpg,https://www.kobo.com/tw/zh/ebook/mj-jE6bxOTazX9ad0uwE7g?sId=9b8714e1d5710bca1e781e474924d699
2025-05-23,赫曼．赫塞,生命之歌,210,3090000000496,https://cdn.kobo.com/book-images/cab95401-af95-4f91-9d80-41eee92dade2/353/569/90/False/kfbDCDZ4SD6jxk-LU1ireg.jpg,https://www.kobo.com/tw/zh/ebook/kfbDCDZ4SD6jxk-LU1ireg?sId=9b8714e1d5710bca1e781e474924d699
2025-05-23,赫曼．赫塞,園圃之歌：諾貝爾文學獎大師赫曼．赫塞的自然哲思與手繪詩畫,266,9786269638079,https://cdn.kobo.com/book-images/f7453d28-8edd-4d0b-87ae-3f947835f381/353/569/90/False/jHi5IlslGTmTLqpPkwxScQ.jpg,https://www.kobo.com/tw/zh/ebook/jHi5IlslGTmTLqpPkwxScQ?sId=9b8714e1d5710bca1e781e474924d699
2025-05-23,赫曼．赫塞,流浪者之歌【感動解讀版】,400,9786269936137,https://cdn.kobo.com/book-images/921c4663-8c49-4f8f-a61f-e24755dbae11/353/569/90/False/JNfPTDEjDz-tAMfp3Egokg.jpg,https://www.kobo.com/tw/zh/ebook/JNfPTDEjDz-tAMfp3Egokg?sId=9b8714e1d5710bca1e781e474924d699
2025-05-23,赫曼．赫塞,中學生好享讀：諾貝爾大師短篇小說選,225,6709863201113,https://cdn.kobo.com/book-images/f48eb899-1243-4d56-a687-e9d45c5de9ef/353/569/90/False/pnJCPVTatTGHkaHGe4iYMw.jpg,https://www.kobo.com/tw/zh/ebook/pnJCPVTatTGHkaHGe4iYMw?sId=9b8714e1d5710bca1e781e474924d699
2025-05-23,赫曼．赫塞,悠遊之歌（三版）,175,9789864023936,https://cdn.kobo.com/book-images/e52679bc-171d-45f8-bf8a-8a159a9891ed/353/569/90/False/UHZLCrSJATqst2fZDCkzBA.jpg,https://www.kobo.com/tw/zh/ebook/UHZLCrSJATqst2fZDCkzBA?sId=9b8714e1d5710bca1e781e474924d699
2025-05-24,卡繆,異鄉人（卡繆版書衣）,154,3119861735450,https://cdn.kobo.com/book-images/24099253-90bc-4d80-8825-f6300e8b806f/353/569/90/False/gb2hSkF1KDGjqz18oam2aA.jpg,https://www.kobo.com/tw/zh/ebook/gb2hSkF1KDGjqz18oam2aA?sId=2aa6007a62a63fc939ddb764fd67b847
2025-05-24,卡繆,正義者（首次出版，法文直譯名家譯本，卡繆展現對正義與反抗的考驗）,155,9789860777161,https://cdn.kobo.com/book-images/9291fc65-996d-4a27-83f4-a141c345d8cb/353/569/90/False/QQT3HgwFsT2xefv4IRMF9w.jpg,https://www.kobo.com/tw/zh/ebook/QQT3HgwFsT2xefv4IRMF9w?sId=2aa6007a62a63fc939ddb764fd67b847
2025-05-24,卡繆,鼠疫,210,3119861737522,https://cdn.kobo.com/book-images/56a09ae8-dac7-4eb0-9dde-b427a5a1aacb/353/569/90/False/tGTtah0cyzKVQIXzpZ7NTQ.jpg,https://www.kobo.com/tw/zh/ebook/tGTtah0cyzKVQIXzpZ7NTQ?sId=2aa6007a62a63fc939ddb764fd67b847
2025-05-24,卡繆,薛西弗斯的神話,166,3150000000396,https://cdn.kobo.com/book-images/71d8cd60-c407-4367-bced-a36718fcf86f/353/569/90/False/t0r8j-Ym4jee3YDu96AA1w.jpg,https://www.kobo.com/tw/zh/ebook/t0r8j-Ym4jee3YDu96AA1w?sId=2aa6007a62a63fc939ddb764fd67b847
2025-05-24,卡繆,異鄉人（2020全新名家譯本，再現卡繆字句推敲的原義）,138,3150000000617,https://cdn.kobo.com/book-images/883f0dcf-e5f7-4dfe-b300-8d725a8da70d/353/569/90/False/0GQk9bH6VzyLV0Q9Faysow.jpg,https://www.kobo.com/tw/zh/ebook/0GQk9bH6VzyLV0Q9Faysow?sId=2aa6007a62a63fc939ddb764fd67b847
2025-05-24,卡繆,薛西弗斯的神話：卡繆的荒謬哲學,230,3120000000285,https://cdn.kobo.com/book-images/8cfb868b-d1ce-428f-9dc1-8a7b0724f790/353/569/90/False/dz7TJXld6DK-tFChkyuNug.jpg,https://www.kobo.com/tw/zh/ebook/dz7TJXld6DK-tFChkyuNug?sId=2aa6007a62a63fc939ddb764fd67b847
2025-05-24,卡繆,鼠疫（卡繆經典暢銷作․中文版有聲書首度上市）,300,9789863449270,https://cdn.kobo.com/book-images/ba766fe2-65df-4d69-83bc-798bf2340c10/353/569/90/False/AMe0qKS-yzinEfp_ItutUg.jpg,https://www.kobo.com/tw/zh/audiobook/AMe0qKS-yzinEfp_ItutUg?sId=2aa6007a62a63fc939ddb764fd67b847
2025-05-24,卡繆,快樂的死,175,3120000000639,https://cdn.kobo.com/book-images/57e8ecec-6b0d-4586-882a-1f7699f9b494/353/569/90/False/gnS7T3tgLTS1t3eLSRBEeA.jpg,https://www.kobo.com/tw/zh/ebook/gnS7T3tgLTS1t3eLSRBEeA?sId=2aa6007a62a63fc939ddb764fd67b847
2025-05-24,卡繆,薛西弗斯的神話：點燃希望的哲學頌歌，法國七星文庫權威譯本【傅雷翻譯獎典藏版】,226,9786267596456,https://cdn.kobo.com/book-images/6ccfbf88-73ae-4691-b256-38387994ae56/353/569/90/False/7fFjSyTP9zKPTx3GcPFpfw.jpg,https://www.kobo.com/tw/zh/ebook/7fFjSyTP9zKPTx3GcPFpfw?sId=2aa6007a62a63fc939ddb764fd67b847
2025-05-24,卡繆,卡繆反抗三部曲套書：《瘟疫》＋《反抗者》＋《正義者》【全新法文名家直譯，首次完整出版，親炙完整的卡繆反抗思想】,575,3150000000687,https://cdn.kobo.com/book-images/9f980967-d3c1-4ac0-9f8c-f8e0ccbbcc60/353/569/90/False/B1m2jKOONjKjTMVkT5k1NQ.jpg,https://www.kobo.com/tw/zh/ebook/B1m2jKOONjKjTMVkT5k1NQ?sId=2aa6007a62a63fc939ddb764fd67b847
2025-05-24,卡繆,瘟疫,,9789861785516,https://cdn.kobo.com/book-images/8d4f032e-dd57-4b50-a7d8-07f8e494bce5/353/569/90/False/sQ5ce_0gtz-yiFpE7SxWag.jpg,https://www.kobo.com/tw/zh/ebook/sQ5ce_0gtz-yiFpE7SxWag?sId=2aa6007a62a63fc939ddb764fd67b847
2025-05-24,卡繆,卡繆荒謬與反抗系列作品全集套書：荒謬系列四部曲《異鄉人》《薛西弗斯的神話》《卡里古拉》《誤會》＋反抗系列三部曲《瘟疫》《反抗者》《正義者》【全新法文名家直譯，首次完整出版，親炙完整的卡繆荒謬哲學】,1200,3150000000694,https://cdn.kobo.com/book-images/76f16f12-492e-4435-b792-e97bba1721d5/353/569/90/False/Kx45Q5lYKTqv_nEYbdwV2A.jpg,https://www.kobo.com/tw/zh/ebook/Kx45Q5lYKTqv_nEYbdwV2A?sId=2aa6007a62a63fc939ddb764fd67b847
2025-05-24,卡繆,異鄉人（卡繆經典暢銷作․中文版有聲書首度上市）,220,9789863449263,https://cdn.kobo.com/book-images/a910e55d-8df0-43d3-8ef2-df7dc21d51ba/353/569/90/False/t1OO6Q03qjuX0wfMsaUVPg.jpg,https://www.kobo.com/tw/zh/audiobook/t1OO6Q03qjuX0wfMsaUVPg?sId=a4a21a83014b003384fc366bde548645
2025-05-24,卡繆,誤會【1957年諾貝爾文學獎得主面對自我放逐之旅的核心之作】,155,9786267118139,https://cdn.kobo.com/book-images/f35af051-fd52-4e22-a2df-d19abd3abf6e/353/569/90/False/XznH9zQdijG-RQoi9MTYng.jpg,https://www.kobo.com/tw/zh/ebook/XznH9zQdijG-RQoi9MTYng?sId=a4a21a83014b003384fc366bde548645
2025-05-24,卡繆,鼠疫【全新名家譯本】（特別收錄哲學解析〈一部存在主義小說的後現代閱讀〉）,266,9789864895434,https://cdn.kobo.com/book-images/f4d068a2-498d-4817-97dd-d7492dc32b10/353/569/90/False/K9cd87y5oDGaSXDvYBOiAg.jpg,https://www.kobo.com/tw/zh/ebook/K9cd87y5oDGaSXDvYBOiAg?sId=a4a21a83014b003384fc366bde548645
2025-05-24,卡繆,異鄉人【獨家收錄沙特評論・2022全新名家譯本】,196,9789864896073,https://cdn.kobo.com/book-images/a71e071c-2ddd-47b0-ba0d-0ad67a3261c3/353/569/90/False/VQ2InesBOjKI-Xv96viLqA.jpg,https://www.kobo.com/tw/zh/ebook/VQ2InesBOjKI-Xv96viLqA?sId=a4a21a83014b003384fc366bde548645
2025-05-24,卡繆,瘟疫（2021最新名家譯本，卡繆對疫情下被禁錮人心的鼓舞）,210,9789860777192,https://cdn.kobo.com/book-images/9618975f-d9f0-47af-bd43-571387f8a06a/353/569/90/False/wJ6ORaWSDj60GIzsDTf9Zg.jpg,https://www.kobo.com/tw/zh/ebook/wJ6ORaWSDj60GIzsDTf9Zg?sId=a4a21a83014b003384fc366bde548645
2025-05-24,卡繆,異鄉人,179,3039571384641,https://cdn.kobo.com/book-images/81e2cbee-7fb1-445c-8a9a-54f11683b376/353/569/90/False/wUn6RJK3RjCYH8YflJqYFw.jpg,https://www.kobo.com/tw/zh/ebook/wUn6RJK3RjCYH8YflJqYFw?sId=a4a21a83014b003384fc366bde548645
2025-05-24,卡繆,反抗者（新版）,210,3150000000392,https://cdn.kobo.com/book-images/0169f08d-1636-4fe9-865e-ac9323facfa7/353/569/90/False/dnhkQv1woTKBLngzg4RbMg.jpg,https://www.kobo.com/tw/zh/ebook/dnhkQv1woTKBLngzg4RbMg?sId=a4a21a83014b003384fc366bde548645
2025-05-24,卡繆,卡繆荒謬系列四部曲套書：《異鄉人》＋《薛西弗斯的神話》＋《卡里古拉》＋《誤會》【全新法文名家直譯，首次完整出版，親炙完整的卡繆荒謬哲學】,625,3150000000693,https://cdn.kobo.com/book-images/462128f0-194c-4f37-91e4-c9cdfbe0d7b2/353/569/90/False/iBMVIqmTtjmYjH2oJl_r8A.jpg,https://www.kobo.com/tw/zh/ebook/iBMVIqmTtjmYjH2oJl_r8A?sId=a4a21a83014b003384fc366bde548645
2025-05-24,卡繆,卡里古拉【1957年諾貝爾文學獎得主描摹荒謬的經典代表作,166,9786267118108,https://cdn.kobo.com/book-images/228a6362-9e74-450c-806f-26d0291b0115/353/569/90/False/bUv8_ShWSDyzoufG54r66g.jpg,https://www.kobo.com/tw/zh/ebook/bUv8_ShWSDyzoufG54r66g?sId=a4a21a83014b003384fc366bde548645
2025-05-24,卡繆,異鄉人：最值得珍藏的名家譯本,224,3119864778287,https://cdn.kobo.com/book-images/59186bf1-d059-4aeb-afcb-36b164712ef7/353/569/90/False/XRU3eRrUUD6pvlI4liPZbg.jpg,https://www.kobo.com/tw/zh/ebook/XRU3eRrUUD6pvlI4liPZbg?sId=a4a21a83014b003384fc366bde548645
2025-05-24,卡繆,第一人：《異鄉人》存在主義大師的最後遺作！沒讀過《第一人》，就無法了解真正的卡繆！,360,7435000003050,https://cdn.kobo.com/book-images/1000dae4-0e54-4613-994a-2ca68f225aaf/353/569/90/False/mBrCwjCDbT-OmxW_MxQCPg.jpg,https://www.kobo.com/tw/zh/audiobook/mBrCwjCDbT-OmxW_MxQCPg?sId=a4a21a83014b003384fc366bde548645
2025-05-24,卡繆,墮落,182,9789861787558,https://cdn.kobo.com/book-images/023f55c5-13cf-4e65-aaa2-e1d0eebea177/353/569/90/False/ie-dvcJKuTWxECoQpt7ptg.jpg,https://www.kobo.com/tw/zh/ebook/ie-dvcJKuTWxECoQpt7ptg?sId=a4a21a83014b003384fc366bde548645
2025-05-24,卡繆,放逐與王國：卡繆短篇小說,260,9789865482541,https://cdn.kobo.com/book-images/033f901a-cea5-456e-9a5c-534f67c7dd33/353/569/90/False/SmaLhyIaRTOPTVVkw9jskg.jpg,https://www.kobo.com/tw/zh/ebook/SmaLhyIaRTOPTVVkw9jskg?sId=33ecab0e6702a19701c2c55fa7f89793
2025-05-24,卡繆,異鄉人,170,6849862272770,https://cdn.kobo.com/book-images/2f2b24f2-6a61-4ae2-a409-29c8eb0bc992/353/569/90/False/GYi3emouATurt5CEXNGY7A.jpg,https://www.kobo.com/tw/zh/ebook/GYi3emouATurt5CEXNGY7A?sId=33ecab0e6702a19701c2c55fa7f89793
2025-05-24,卡繆,瘟疫（名家經典新譯）,228,9789865482473,https://cdn.kobo.com/book-images/edbaf1b0-60cf-4781-90e1-dcb3d6358348/353/569/90/False/XSi3S6nkVz2SFyXwXYLq1g.jpg,https://www.kobo.com/tw/zh/ebook/XSi3S6nkVz2SFyXwXYLq1g?sId=33ecab0e6702a19701c2c55fa7f89793
2025-05-24,卡繆,放逐與王國,210,9789863874133,https://cdn.kobo.com/book-images/5f1ba02d-68c9-4aa5-85ab-824c904439e9/353/569/90/False/RVGALpaZsjaTbCo1SdZXqw.jpg,https://www.kobo.com/tw/zh/ebook/RVGALpaZsjaTbCo1SdZXqw?sId=33ecab0e6702a19701c2c55fa7f89793
2025-05-24,卡繆,異鄉人：荒謬三部曲，首部,210,7384000000024,https://cdn.kobo.com/book-images/12dc1249-e584-452a-a159-54be7be82c4d/353/569/90/False/MDkYBsM0cTm5Kq9j-44S0A.jpg,https://www.kobo.com/tw/zh/audiobook/MDkYBsM0cTm5Kq9j-44S0A?sId=33ecab0e6702a19701c2c55fa7f89793
2025-05-24,簡媜,我為你灑下月光,336,7390863872337,https://cdn.kobo.com/book-images/8d8c685d-f3c5-4e43-a07c-4a7a91f5ad22/353/569/90/False/RBqeU8INXTCG7D8npjR0bw.jpg,https://www.kobo.com/tw/zh/ebook/RBqeU8INXTCG7D8npjR0bw?sId=044e7194811722a50f42cf15818c47c3
2025-05-24,簡媜,十種寂寞,252,7390863873877,https://cdn.kobo.com/book-images/137d5050-a414-4644-a453-8236a3c7338c/353/569/90/False/SS3f6q_OmzG6ixjEoQQSBw.jpg,https://www.kobo.com/tw/zh/ebook/SS3f6q_OmzG6ixjEoQQSBw?sId=044e7194811722a50f42cf15818c47c3
2025-05-24,簡媜,女兒紅,196,9789863874096,https://cdn.kobo.com/book-images/73163054-0990-4413-b92d-a3d20f20ebaa/353/569/90/False/DBqadeV-gT-bmmVuqDItJg.jpg,https://www.kobo.com/tw/zh/ebook/DBqadeV-gT-bmmVuqDItJg?sId=044e7194811722a50f42cf15818c47c3
2025-05-24,簡媜,誰在銀閃閃的地方，等你（增訂版）,392,9789863876021,https://cdn.kobo.com/book-images/18d8f7d3-ad8d-4473-b1b7-aba2ada08383/353/569/90/False/tyYjDkeqiza61CrkeCJu7w.jpg,https://www.kobo.com/tw/zh/ebook/tyYjDkeqiza61CrkeCJu7w?sId=044e7194811722a50f42cf15818c47c3
2025-05-24,簡媜,夢遊書,196,9789863874546,https://cdn.kobo.com/book-images/df1c79f2-8ad2-4ed8-9f37-293c81359dd8/353/569/90/False/p_nX7y-6_D6gGQiQ7O__sw.jpg,https://www.kobo.com/tw/zh/ebook/p_nX7y-6_D6gGQiQ7O__sw?sId=044e7194811722a50f42cf15818c47c3
2025-05-24,簡媜,老師的十二樣見面禮,224,7390866873232,https://cdn.kobo.com/book-images/912cffcc-12b7-4881-820d-605be5c0f456/353/569/90/False/Opeot0Gw9zeKOcdaOXIiCg.jpg,https://www.kobo.com/tw/zh/ebook/Opeot0Gw9zeKOcdaOXIiCg?sId=044e7194811722a50f42cf15818c47c3
2025-05-24,簡媜,胭脂盆地,196,9789863874553,https://cdn.kobo.com/book-images/0ce65bd8-31e7-48ec-b6c2-f3b4da8f4cb7/353/569/90/False/_jcUd4QT3T6w0ZguwcDvlg.jpg,https://www.kobo.com/tw/zh/ebook/_jcUd4QT3T6w0ZguwcDvlg?sId=044e7194811722a50f42cf15818c47c3
2025-05-24,簡媜,紅嬰仔：一個女人和她的育嬰史,252,7390863873068,https://cdn.kobo.com/book-images/4c769dfc-5feb-45bb-bad9-d22ff6fe4425/353/569/90/False/3-XKV53DSzqry1rJm_LJEA.jpg,https://www.kobo.com/tw/zh/ebook/3-XKV53DSzqry1rJm_LJEA?sId=044e7194811722a50f42cf15818c47c3
2025-05-24,簡媜,與歲月同等心跳,210,9789863877479,https://cdn.kobo.com/book-images/5dc05880-531e-4ce8-9a89-99be05f5d02b/353/569/90/False/1Cgc_XKbQj6NkWrPuaKd2g.jpg,https://www.kobo.com/tw/zh/ebook/1Cgc_XKbQj6NkWrPuaKd2g?sId=044e7194811722a50f42cf15818c47c3
2025-05-24,簡媜,下午茶,160,9789863876946,https://cdn.kobo.com/book-images/84781262-e7bd-4d10-a3c7-d19910fafa73/353/569/90/False/5iBW0pa_Wj2IztG5D0yKyw.jpg,https://www.kobo.com/tw/zh/ebook/5iBW0pa_Wj2IztG5D0yKyw?sId=044e7194811722a50f42cf15818c47c3
2025-05-24,簡媜,一個人漫遊，古典森林,315,9789863877745,https://cdn.kobo.com/book-images/0c528bc8-18ea-46e3-acf0-f4c80125be95/353/569/90/False/Yyl9S4wUuDu8rltsfwH3UQ.jpg,https://www.kobo.com/tw/zh/ebook/Yyl9S4wUuDu8rltsfwH3UQ?sId=044e7194811722a50f42cf15818c47c3
2025-05-24,簡媜,好一座浮島,210,9789863875666,https://cdn.kobo.com/book-images/dcfdfd36-7d3d-4201-89ab-681303731c15/353/569/90/False/tR63QOkIkjSZNYP1XN8qJQ.jpg,https://www.kobo.com/tw/zh/ebook/tR63QOkIkjSZNYP1XN8qJQ?sId=044e7194811722a50f42cf15818c47c3
2025-05-24,簡媜,吃朋友,245,7390866631382,https://cdn.kobo.com/book-images/03cd221a-bef1-420d-96fa-a1ff5f2ec5f8/353/569/90/False/5xrS1tW6YT6YFfX6xajasQ.jpg,https://www.kobo.com/tw/zh/ebook/5xrS1tW6YT6YFfX6xajasQ?sId=0127b46ae6c22c16495b8f2f4a86e654
2025-05-24,簡媜,老師的十二樣見面禮（增訂版）,329,9789863876236,https://cdn.kobo.com/book-images/5ddd0b2a-a9d1-403d-92c3-60f91baba3c6/353/569/90/False/7r6In9z6kTuCg3twvvZA2g.jpg,https://www.kobo.com/tw/zh/ebook/7r6In9z6kTuCg3twvvZA2g?sId=0127b46ae6c22c16495b8f2f4a86e654
2025-05-24,簡媜,天涯海角──福爾摩沙抒情誌,245,7390863873471,https://cdn.kobo.com/book-images/af00ba7f-99c1-44ae-b3d3-81c4e6e37430/353/569/90/False/y2QggT-GWz28HjuY_ABx1w.jpg,https://www.kobo.com/tw/zh/ebook/y2QggT-GWz28HjuY_ABx1w?sId=0127b46ae6c22c16495b8f2f4a86e654
2025-05-24,簡媜,舊情復燃,220,9789863876380,https://cdn.kobo.com/book-images/97241a9a-8187-4195-a573-9a921c04b9cc/353/569/90/False/wieReZ4jqT2vpPAPLsLmkA.jpg,https://www.kobo.com/tw/zh/ebook/wieReZ4jqT2vpPAPLsLmkA?sId=0127b46ae6c22c16495b8f2f4a86e654
2025-05-24,簡媜,密密語,280,9789863876953,https://cdn.kobo.com/book-images/76e8fe19-e84d-4b62-9707-03393a023486/353/569/90/False/mMg1YwJL9TemPTAVwHZbvw.jpg,https://www.kobo.com/tw/zh/ebook/mMg1YwJL9TemPTAVwHZbvw?sId=0127b46ae6c22c16495b8f2f4a86e654
2025-05-24,簡媜,陪我散步吧(增訂版),322,9789863878230,https://cdn.kobo.com/book-images/cbf936fb-e579-4f5e-889b-2d092f39c84e/353/569/90/False/5BeIP1SRfTC97-lqaxlVkQ.jpg,https://www.kobo.com/tw/zh/ebook/5BeIP1SRfTC97-lqaxlVkQ?sId=0127b46ae6c22c16495b8f2f4a86e654
2025-05-24,簡媜,旅人之歌——神遊山水詩,210,9789863877516,https://cdn.kobo.com/book-images/ba7b0973-6125-415b-91a8-f4910ba8f09b/353/569/90/False/BEgyL0ETLzSJLhvVE5yKmQ.jpg,https://www.kobo.com/tw/zh/ebook/BEgyL0ETLzSJLhvVE5yKmQ?sId=0127b46ae6c22c16495b8f2f4a86e654
2025-05-24,簡媜,微暈的樹林,210,9789863875857,https://cdn.kobo.com/book-images/df67a2d3-dab3-4ea6-bdd2-0f0e2b62a151/353/569/90/False/lRjcIazDljKdQZof57Hd9A.jpg,https://www.kobo.com/tw/zh/ebook/lRjcIazDljKdQZof57Hd9A?sId=0127b46ae6c22c16495b8f2f4a86e654
2025-05-24,簡媜,月娘照眠牀,220,9789863875314,https://cdn.kobo.com/book-images/1dc984df-000f-4cfb-86bf-d71ead052b02/353/569/90/False/yifYBw_kEz-sjWx9O6wmTg.jpg,https://www.kobo.com/tw/zh/ebook/yifYBw_kEz-sjWx9O6wmTg?sId=0127b46ae6c22c16495b8f2f4a86e654
2025-05-24,簡媜,只緣身在此山中,224,9789863874911,https://cdn.kobo.com/book-images/a21ea0b7-2449-4d16-b4db-1aa18c1993f3/353/569/90/False/JR_gAXmObD6EROWQrNPmjw.jpg,https://www.kobo.com/tw/zh/ebook/JR_gAXmObD6EROWQrNPmjw?sId=0127b46ae6c22c16495b8f2f4a86e654
2025-05-24,赫曼．赫塞,荒野之狼（首度德文直譯本）,245,3090000005737,https://cdn.kobo.com/book-images/449cd682-c515-465f-b6f3-c5b59e8310e3/353/569/90/False/VFQPtyjUrTGJSlcoqoICxg.jpg,https://www.kobo.com/tw/zh/ebook/VFQPtyjUrTGJSlcoqoICxg?sId=0bfaae34a16b1639070b61a8559e39d3
2025-05-24,赫曼．赫塞,流浪者之歌／悉達多,214,9786267095010,https://cdn.kobo.com/book-images/3f321736-62ab-46cb-ae65-dabe29f7eea4/353/569/90/False/BZkTJbpWnTWsH4_ozeT9vA.jpg,https://www.kobo.com/tw/zh/ebook/BZkTJbpWnTWsH4_ozeT9vA?sId=0bfaae34a16b1639070b61a8559e39d3
2025-05-24,赫曼．赫塞,車輪下（首度德文直譯本）,210,3090000000590,https://cdn.kobo.com/book-images/40dde703-286a-487c-acca-3d0e177e4d0a/353/569/90/False/iRXS-e-7fzumzrZdY8d_8Q.jpg,https://www.kobo.com/tw/zh/ebook/iRXS-e-7fzumzrZdY8d_8Q?sId=0bfaae34a16b1639070b61a8559e39d3
2025-05-24,赫曼．赫塞,德米安：徬徨少年時 (告別徬徨，堅定地做你自己。全新無刪減完整譯本，慕尼黑大學圖書館愛藏版),245,3069869881963,https://cdn.kobo.com/book-images/a809baf5-4e7d-43c9-96e5-7d69fa248b50/353/569/90/False/6fn5ArUqVjSw56cshygW_Q.jpg,https://www.kobo.com/tw/zh/ebook/6fn5ArUqVjSw56cshygW_Q?sId=0bfaae34a16b1639070b61a8559e39d3
2025-05-24,赫曼．赫塞,生命之歌,210,3090000000496,https://cdn.kobo.com/book-images/cab95401-af95-4f91-9d80-41eee92dade2/353/569/90/False/kfbDCDZ4SD6jxk-LU1ireg.jpg,https://www.kobo.com/tw/zh/ebook/kfbDCDZ4SD6jxk-LU1ireg?sId=0bfaae34a16b1639070b61a8559e39d3
2025-05-24,赫曼．赫塞,荒野之狼,315,9786263966987,https://cdn.kobo.com/book-images/3bb495e7-b3a7-490f-be56-c4e3d0755850/353/569/90/False/8qvh-uvBNjeQ5sV5LtVHdw.jpg,https://www.kobo.com/tw/zh/ebook/8qvh-uvBNjeQ5sV5LtVHdw?sId=0bfaae34a16b1639070b61a8559e39d3
2025-05-24,赫曼．赫塞,流浪者之歌（首度德文直譯本）,210,3090000000515,https://cdn.kobo.com/book-images/f601d38b-894e-436d-852c-e48f41d06a75/353/569/90/False/uWrynH7_LjCJaQT5rWrZjg.jpg,https://www.kobo.com/tw/zh/ebook/uWrynH7_LjCJaQT5rWrZjg?sId=0bfaae34a16b1639070b61a8559e39d3
2025-05-24,赫曼．赫塞,悉達多【獨家收錄保羅．科爾賀專文導讀、林懷民繆思分享】：一首印度的詩（流浪者之歌）,196,9789864895397,https://cdn.kobo.com/book-images/827cfb45-6d4c-43cb-866a-eb45ca8c20c7/353/569/90/False/8X4BYN4ZszavG3vs7B0Jdg.jpg,https://www.kobo.com/tw/zh/ebook/8X4BYN4ZszavG3vs7B0Jdg?sId=0bfaae34a16b1639070b61a8559e39d3
2025-05-24,赫曼．赫塞,徬徨少年時（德文直譯本）,196,3090000030292,https://cdn.kobo.com/book-images/0eb8b492-c683-4d13-8a2e-40fd1872ced9/353/569/90/False/p9r2phjlUzO8q-gEc3Ysmg.jpg,https://www.kobo.com/tw/zh/ebook/p9r2phjlUzO8q-gEc3Ysmg?sId=0bfaae34a16b1639070b61a8559e39d3
2025-05-24,赫曼．赫塞,赫曼赫塞童話故事集,250,3119864773930,https://cdn.kobo.com/book-images/5f4ae374-cda4-4a0c-a27f-58f4eb5939e0/353/569/90/False/fUpsq8DF8Tq5Lguv3pHWuQ.jpg,https://www.kobo.com/tw/zh/ebook/fUpsq8DF8Tq5Lguv3pHWuQ?sId=0bfaae34a16b1639070b61a8559e39d3
2025-05-24,赫曼．赫塞,悉達多：一首印度的詩（流浪者之歌）,210,7384000000026,https://cdn.kobo.com/book-images/2ebd8c79-acb7-430a-abd8-3998815f26dd/353/569/90/False/5P5w8osOvzauH183YElyCw.jpg,https://www.kobo.com/tw/zh/audiobook/5P5w8osOvzauH183YElyCw?sId=0bfaae34a16b1639070b61a8559e39d3
2025-05-24,赫曼．赫塞,鄉愁（德文直譯本）,196,3090000006527,https://cdn.kobo.com/book-images/567c8c31-ebf2-4ffb-a5b1-7e294bb27479/353/569/90/False/By8ilup3JjmH2kf5ty2N8g.jpg,https://www.kobo.com/tw/zh/ebook/By8ilup3JjmH2kf5ty2N8g?sId=0bfaae34a16b1639070b61a8559e39d3
2025-05-24,赫曼．赫塞,德米安：埃米爾．辛克萊年少時的故事（徬徨少年時）,210,7384000000027,https://cdn.kobo.com/book-images/e921900f-2bfe-42d8-8547-198c1b3b42b1/353/569/90/False/pO0YjhmJajyGRrdkzlKsnA.jpg,https://www.kobo.com/tw/zh/audiobook/pO0YjhmJajyGRrdkzlKsnA?sId=182d42631c2ce938a6238390a36aa23f
2025-05-24,赫曼．赫塞,德米安【獨家收錄詹姆斯・法蘭科專文導讀】：埃米爾．辛克萊年少時的故事（徬徨少年時）,210,9789864895403,https://cdn.kobo.com/book-images/ae0cd56f-8ec4-4e2d-bc97-29ea34073182/353/569/90/False/ib-jIoEV2Dqm0I1tAc6TWQ.jpg,https://www.kobo.com/tw/zh/ebook/ib-jIoEV2Dqm0I1tAc6TWQ?sId=182d42631c2ce938a6238390a36aa23f
2025-05-24,赫曼．赫塞,德米安：彷徨少年時,228,7289867101822,https://cdn.kobo.com/book-images/897fa0c7-1c7f-4005-9de8-784febd6e287/353/569/90/False/ZNYK-tlfkD-IZy3hlnFJAw.jpg,https://www.kobo.com/tw/zh/ebook/ZNYK-tlfkD-IZy3hlnFJAw?sId=182d42631c2ce938a6238390a36aa23f
2025-05-24,赫曼．赫塞,荒野之狼（德文新譯本）,294,3119864771400,https://cdn.kobo.com/book-images/c81844a1-3034-4867-a324-b6f0bd00c252/353/569/90/False/6g6wxeuiYjuWU71oa_5Mzg.jpg,https://www.kobo.com/tw/zh/ebook/6g6wxeuiYjuWU71oa_5Mzg?sId=182d42631c2ce938a6238390a36aa23f
2025-05-24,赫曼．赫塞,流浪者之歌,245,9786263744417,https://cdn.kobo.com/book-images/dbaffb64-2df7-46df-9836-4b43eb375d74/353/569/90/False/SSmAUWRnWD-200t2EoH_qQ.jpg,https://www.kobo.com/tw/zh/ebook/SSmAUWRnWD-200t2EoH_qQ?sId=182d42631c2ce938a6238390a36aa23f
2025-05-24,赫曼．赫塞,徬徨少年時,175,3090000000352,https://cdn.kobo.com/book-images/b98f888a-ae90-4674-8796-0c691b798c30/353/569/90/False/3cIVTFd3fz6t9pp0NaJsyA.jpg,https://www.kobo.com/tw/zh/ebook/3cIVTFd3fz6t9pp0NaJsyA?sId=182d42631c2ce938a6238390a36aa23f
2025-05-24,赫曼．赫塞,在書中發現自己的靈魂：慢讀赫塞,250,3128000000104,https://cdn.kobo.com/book-images/5139dd71-3f40-4bbf-aaa6-752447892743/353/569/90/False/mj-jE6bxOTazX9ad0uwE7g.jpg,https://www.kobo.com/tw/zh/ebook/mj-jE6bxOTazX9ad0uwE7g?sId=182d42631c2ce938a6238390a36aa23f
2025-05-24,赫曼．赫塞,園圃之歌：諾貝爾文學獎大師赫曼．赫塞的自然哲思與手繪詩畫,266,9786269638079,https://cdn.kobo.com/book-images/f7453d28-8edd-4d0b-87ae-3f947835f381/353/569/90/False/jHi5IlslGTmTLqpPkwxScQ.jpg,https://www.kobo.com/tw/zh/ebook/jHi5IlslGTmTLqpPkwxScQ?sId=182d42631c2ce938a6238390a36aa23f
2025-05-24,赫曼．赫塞,流浪者之歌【感動解讀版】,400,9786269936137,https://cdn.kobo.com/book-images/921c4663-8c49-4f8f-a61f-e24755dbae11/353/569/90/False/JNfPTDEjDz-tAMfp3Egokg.jpg,https://www.kobo.com/tw/zh/ebook/JNfPTDEjDz-tAMfp3Egokg?sId=182d42631c2ce938a6238390a36aa23f
2025-05-24,赫曼．赫塞,中學生好享讀：諾貝爾大師短篇小說選,225,6709863201113,https://cdn.kobo.com/book-images/f48eb899-1243-4d56-a687-e9d45c5de9ef/353/569/90/False/pnJCPVTatTGHkaHGe4iYMw.jpg,https://www.kobo.com/tw/zh/ebook/pnJCPVTatTGHkaHGe4iYMw?sId=182d42631c2ce938a6238390a36aa23f
2025-05-24,赫曼．赫塞,悠遊之歌（三版）,175,9789864023936,https://cdn.kobo.com/book-images/e52679bc-171d-45f8-bf8a-8a159a9891ed/353/569/90/False/UHZLCrSJATqst2fZDCkzBA.jpg,https://www.kobo.com/tw/zh/ebook/UHZLCrSJATqst2fZDCkzBA?sId=182d42631c2ce938a6238390a36aa23f
2025-05-25,卡繆,異鄉人（卡繆版書衣）,154,3119861735450,https://cdn.kobo.com/book-images/24099253-90bc-4d80-8825-f6300e8b806f/353/569/90/False/gb2hSkF1KDGjqz18oam2aA.jpg,https://www.kobo.com/tw/zh/ebook/gb2hSkF1KDGjqz18oam2aA?sId=bb96ff59f4e1c831de560f66ea0d42f0
2025-05-25,卡繆,薛西弗斯的神話,166,3150000000396,https://cdn.kobo.com/book-images/71d8cd60-c407-4367-bced-a36718fcf86f/353/569/90/False/t0r8j-Ym4jee3YDu96AA1w.jpg,https://www.kobo.com/tw/zh/ebook/t0r8j-Ym4jee3YDu96AA1w?sId=bb96ff59f4e1c831de560f66ea0d42f0
2025-05-25,卡繆,快樂的死,175,3120000000639,https://cdn.kobo.com/book-images/57e8ecec-6b0d-4586-882a-1f7699f9b494/353/569/90/False/gnS7T3tgLTS1t3eLSRBEeA.jpg,https://www.kobo.com/tw/zh/ebook/gnS7T3tgLTS1t3eLSRBEeA?sId=bb96ff59f4e1c831de560f66ea0d42f0
2025-05-25,卡繆,正義者（首次出版，法文直譯名家譯本，卡繆展現對正義與反抗的考驗）,155,9789860777161,https://cdn.kobo.com/book-images/9291fc65-996d-4a27-83f4-a141c345d8cb/353/569/90/False/QQT3HgwFsT2xefv4IRMF9w.jpg,https://www.kobo.com/tw/zh/ebook/QQT3HgwFsT2xefv4IRMF9w?sId=bb96ff59f4e1c831de560f66ea0d42f0
2025-05-25,卡繆,鼠疫,210,3119861737522,https://cdn.kobo.com/book-images/56a09ae8-dac7-4eb0-9dde-b427a5a1aacb/353/569/90/False/tGTtah0cyzKVQIXzpZ7NTQ.jpg,https://www.kobo.com/tw/zh/ebook/tGTtah0cyzKVQIXzpZ7NTQ?sId=bb96ff59f4e1c831de560f66ea0d42f0
2025-05-25,卡繆,異鄉人（2020全新名家譯本，再現卡繆字句推敲的原義）,138,3150000000617,https://cdn.kobo.com/book-images/883f0dcf-e5f7-4dfe-b300-8d725a8da70d/353/569/90/False/0GQk9bH6VzyLV0Q9Faysow.jpg,https://www.kobo.com/tw/zh/ebook/0GQk9bH6VzyLV0Q9Faysow?sId=bb96ff59f4e1c831de560f66ea0d42f0
2025-05-25,卡繆,薛西弗斯的神話：卡繆的荒謬哲學,230,3120000000285,https://cdn.kobo.com/book-images/8cfb868b-d1ce-428f-9dc1-8a7b0724f790/353/569/90/False/dz7TJXld6DK-tFChkyuNug.jpg,https://www.kobo.com/tw/zh/ebook/dz7TJXld6DK-tFChkyuNug?sId=bb96ff59f4e1c831de560f66ea0d42f0
2025-05-25,卡繆,鼠疫（卡繆經典暢銷作․中文版有聲書首度上市）,300,9789863449270,https://cdn.kobo.com/book-images/ba766fe2-65df-4d69-83bc-798bf2340c10/353/569/90/False/AMe0qKS-yzinEfp_ItutUg.jpg,https://www.kobo.com/tw/zh/audiobook/AMe0qKS-yzinEfp_ItutUg?sId=bb96ff59f4e1c831de560f66ea0d42f0
2025-05-25,卡繆,異鄉人（卡繆經典暢銷作․中文版有聲書首度上市）,220,9789863449263,https://cdn.kobo.com/book-images/a910e55d-8df0-43d3-8ef2-df7dc21d51ba/353/569/90/False/t1OO6Q03qjuX0wfMsaUVPg.jpg,https://www.kobo.com/tw/zh/audiobook/t1OO6Q03qjuX0wfMsaUVPg?sId=bb96ff59f4e1c831de560f66ea0d42f0
2025-05-25,卡繆,卡繆反抗三部曲套書：《瘟疫》＋《反抗者》＋《正義者》【全新法文名家直譯，首次完整出版，親炙完整的卡繆反抗思想】,575,3150000000687,https://cdn.kobo.com/book-images/9f980967-d3c1-4ac0-9f8c-f8e0ccbbcc60/353/569/90/False/B1m2jKOONjKjTMVkT5k1NQ.jpg,https://www.kobo.com/tw/zh/ebook/B1m2jKOONjKjTMVkT5k1NQ?sId=bb96ff59f4e1c831de560f66ea0d42f0
2025-05-25,卡繆,瘟疫,210,9789861785516,https://cdn.kobo.com/book-images/8d4f032e-dd57-4b50-a7d8-07f8e494bce5/353/569/90/False/sQ5ce_0gtz-yiFpE7SxWag.jpg,https://www.kobo.com/tw/zh/ebook/sQ5ce_0gtz-yiFpE7SxWag?sId=bb96ff59f4e1c831de560f66ea0d42f0
2025-05-25,卡繆,卡繆荒謬與反抗系列作品全集套書：荒謬系列四部曲《異鄉人》《薛西弗斯的神話》《卡里古拉》《誤會》＋反抗系列三部曲《瘟疫》《反抗者》《正義者》【全新法文名家直譯，首次完整出版，親炙完整的卡繆荒謬哲學】,1200,3150000000694,https://cdn.kobo.com/book-images/76f16f12-492e-4435-b792-e97bba1721d5/353/569/90/False/Kx45Q5lYKTqv_nEYbdwV2A.jpg,https://www.kobo.com/tw/zh/ebook/Kx45Q5lYKTqv_nEYbdwV2A?sId=bb96ff59f4e1c831de560f66ea0d42f0
2025-05-25,卡繆,薛西弗斯的神話：點燃希望的哲學頌歌，法國七星文庫權威譯本【傅雷翻譯獎典藏版】,226,9786267596456,https://cdn.kobo.com/book-images/6ccfbf88-73ae-4691-b256-38387994ae56/353/569/90/False/7fFjSyTP9zKPTx3GcPFpfw.jpg,https://www.kobo.com/tw/zh/ebook/7fFjSyTP9zKPTx3GcPFpfw?sId=29a5311b3b4c802d32c1bf3e5ac476c7
2025-05-25,卡繆,誤會【1957年諾貝爾文學獎得主面對自我放逐之旅的核心之作】,155,9786267118139,https://cdn.kobo.com/book-images/f35af051-fd52-4e22-a2df-d19abd3abf6e/353/569/90/False/XznH9zQdijG-RQoi9MTYng.jpg,https://www.kobo.com/tw/zh/ebook/XznH9zQdijG-RQoi9MTYng?sId=29a5311b3b4c802d32c1bf3e5ac476c7
2025-05-25,卡繆,鼠疫【全新名家譯本】（特別收錄哲學解析〈一部存在主義小說的後現代閱讀〉）,266,9789864895434,https://cdn.kobo.com/book-images/f4d068a2-498d-4817-97dd-d7492dc32b10/353/569/90/False/K9cd87y5oDGaSXDvYBOiAg.jpg,https://www.kobo.com/tw/zh/ebook/K9cd87y5oDGaSXDvYBOiAg?sId=29a5311b3b4c802d32c1bf3e5ac476c7
2025-05-25,卡繆,異鄉人【獨家收錄沙特評論・2022全新名家譯本】,196,9789864896073,https://cdn.kobo.com/book-images/a71e071c-2ddd-47b0-ba0d-0ad67a3261c3/353/569/90/False/VQ2InesBOjKI-Xv96viLqA.jpg,https://www.kobo.com/tw/zh/ebook/VQ2InesBOjKI-Xv96viLqA?sId=29a5311b3b4c802d32c1bf3e5ac476c7
2025-05-25,卡繆,瘟疫（2021最新名家譯本，卡繆對疫情下被禁錮人心的鼓舞）,210,9789860777192,https://cdn.kobo.com/book-images/9618975f-d9f0-47af-bd43-571387f8a06a/353/569/90/False/wJ6ORaWSDj60GIzsDTf9Zg.jpg,https://www.kobo.com/tw/zh/ebook/wJ6ORaWSDj60GIzsDTf9Zg?sId=29a5311b3b4c802d32c1bf3e5ac476c7
2025-05-25,卡繆,異鄉人,179,3039571384641,https://cdn.kobo.com/book-images/81e2cbee-7fb1-445c-8a9a-54f11683b376/353/569/90/False/wUn6RJK3RjCYH8YflJqYFw.jpg,https://www.kobo.com/tw/zh/ebook/wUn6RJK3RjCYH8YflJqYFw?sId=29a5311b3b4c802d32c1bf3e5ac476c7
2025-05-25,卡繆,反抗者（新版）,210,3150000000392,https://cdn.kobo.com/book-images/0169f08d-1636-4fe9-865e-ac9323facfa7/353/569/90/False/dnhkQv1woTKBLngzg4RbMg.jpg,https://www.kobo.com/tw/zh/ebook/dnhkQv1woTKBLngzg4RbMg?sId=29a5311b3b4c802d32c1bf3e5ac476c7
2025-05-25,卡繆,卡繆荒謬系列四部曲套書：《異鄉人》＋《薛西弗斯的神話》＋《卡里古拉》＋《誤會》【全新法文名家直譯，首次完整出版，親炙完整的卡繆荒謬哲學】,625,3150000000693,https://cdn.kobo.com/book-images/462128f0-194c-4f37-91e4-c9cdfbe0d7b2/353/569/90/False/iBMVIqmTtjmYjH2oJl_r8A.jpg,https://www.kobo.com/tw/zh/ebook/iBMVIqmTtjmYjH2oJl_r8A?sId=29a5311b3b4c802d32c1bf3e5ac476c7
2025-05-25,卡繆,卡里古拉【1957年諾貝爾文學獎得主描摹荒謬的經典代表作,166,9786267118108,https://cdn.kobo.com/book-images/228a6362-9e74-450c-806f-26d0291b0115/353/569/90/False/bUv8_ShWSDyzoufG54r66g.jpg,https://www.kobo.com/tw/zh/ebook/bUv8_ShWSDyzoufG54r66g?sId=29a5311b3b4c802d32c1bf3e5ac476c7
2025-05-25,卡繆,異鄉人：最值得珍藏的名家譯本,224,3119864778287,https://cdn.kobo.com/book-images/59186bf1-d059-4aeb-afcb-36b164712ef7/353/569/90/False/XRU3eRrUUD6pvlI4liPZbg.jpg,https://www.kobo.com/tw/zh/ebook/XRU3eRrUUD6pvlI4liPZbg?sId=29a5311b3b4c802d32c1bf3e5ac476c7
2025-05-25,卡繆,第一人：《異鄉人》存在主義大師的最後遺作！沒讀過《第一人》，就無法了解真正的卡繆！,360,7435000003050,https://cdn.kobo.com/book-images/1000dae4-0e54-4613-994a-2ca68f225aaf/353/569/90/False/mBrCwjCDbT-OmxW_MxQCPg.jpg,https://www.kobo.com/tw/zh/audiobook/mBrCwjCDbT-OmxW_MxQCPg?sId=29a5311b3b4c802d32c1bf3e5ac476c7
2025-05-25,卡繆,墮落,182,9789861787558,https://cdn.kobo.com/book-images/023f55c5-13cf-4e65-aaa2-e1d0eebea177/353/569/90/False/ie-dvcJKuTWxECoQpt7ptg.jpg,https://www.kobo.com/tw/zh/ebook/ie-dvcJKuTWxECoQpt7ptg?sId=29a5311b3b4c802d32c1bf3e5ac476c7
2025-05-25,卡繆,放逐與王國：卡繆短篇小說,260,9789865482541,https://cdn.kobo.com/book-images/033f901a-cea5-456e-9a5c-534f67c7dd33/353/569/90/False/SmaLhyIaRTOPTVVkw9jskg.jpg,https://www.kobo.com/tw/zh/ebook/SmaLhyIaRTOPTVVkw9jskg?sId=7ea1265b9ac6275ce4b79b3622d0b5c2
2025-05-25,卡繆,異鄉人,170,6849862272770,https://cdn.kobo.com/book-images/2f2b24f2-6a61-4ae2-a409-29c8eb0bc992/353/569/90/False/GYi3emouATurt5CEXNGY7A.jpg,https://www.kobo.com/tw/zh/ebook/GYi3emouATurt5CEXNGY7A?sId=7ea1265b9ac6275ce4b79b3622d0b5c2
2025-05-25,卡繆,瘟疫（名家經典新譯）,228,9789865482473,https://cdn.kobo.com/book-images/edbaf1b0-60cf-4781-90e1-dcb3d6358348/353/569/90/False/XSi3S6nkVz2SFyXwXYLq1g.jpg,https://www.kobo.com/tw/zh/ebook/XSi3S6nkVz2SFyXwXYLq1g?sId=7ea1265b9ac6275ce4b79b3622d0b5c2
2025-05-25,卡繆,放逐與王國,210,9789863874133,https://cdn.kobo.com/book-images/5f1ba02d-68c9-4aa5-85ab-824c904439e9/353/569/90/False/RVGALpaZsjaTbCo1SdZXqw.jpg,https://www.kobo.com/tw/zh/ebook/RVGALpaZsjaTbCo1SdZXqw?sId=7ea1265b9ac6275ce4b79b3622d0b5c2
2025-05-25,卡繆,異鄉人：荒謬三部曲，首部,210,7384000000024,https://cdn.kobo.com/book-images/12dc1249-e584-452a-a159-54be7be82c4d/353/569/90/False/MDkYBsM0cTm5Kq9j-44S0A.jpg,https://www.kobo.com/tw/zh/audiobook/MDkYBsM0cTm5Kq9j-44S0A?sId=7ea1265b9ac6275ce4b79b3622d0b5c2
2025-05-25,簡媜,我為你灑下月光,336,7390863872337,https://cdn.kobo.com/book-images/8d8c685d-f3c5-4e43-a07c-4a7a91f5ad22/353/569/90/False/RBqeU8INXTCG7D8npjR0bw.jpg,https://www.kobo.com/tw/zh/ebook/RBqeU8INXTCG7D8npjR0bw?sId=8387cee3f463768b9ef33bacd10e0fbe
2025-05-25,簡媜,十種寂寞,252,7390863873877,https://cdn.kobo.com/book-images/137d5050-a414-4644-a453-8236a3c7338c/353/569/90/False/SS3f6q_OmzG6ixjEoQQSBw.jpg,https://www.kobo.com/tw/zh/ebook/SS3f6q_OmzG6ixjEoQQSBw?sId=8387cee3f463768b9ef33bacd10e0fbe
2025-05-25,簡媜,女兒紅,196,9789863874096,https://cdn.kobo.com/book-images/73163054-0990-4413-b92d-a3d20f20ebaa/353/569/90/False/DBqadeV-gT-bmmVuqDItJg.jpg,https://www.kobo.com/tw/zh/ebook/DBqadeV-gT-bmmVuqDItJg?sId=8387cee3f463768b9ef33bacd10e0fbe
2025-05-25,簡媜,誰在銀閃閃的地方，等你（增訂版）,392,9789863876021,https://cdn.kobo.com/book-images/18d8f7d3-ad8d-4473-b1b7-aba2ada08383/353/569/90/False/tyYjDkeqiza61CrkeCJu7w.jpg,https://www.kobo.com/tw/zh/ebook/tyYjDkeqiza61CrkeCJu7w?sId=8387cee3f463768b9ef33bacd10e0fbe
2025-05-25,簡媜,夢遊書,196,9789863874546,https://cdn.kobo.com/book-images/df1c79f2-8ad2-4ed8-9f37-293c81359dd8/353/569/90/False/p_nX7y-6_D6gGQiQ7O__sw.jpg,https://www.kobo.com/tw/zh/ebook/p_nX7y-6_D6gGQiQ7O__sw?sId=8387cee3f463768b9ef33bacd10e0fbe
2025-05-25,簡媜,老師的十二樣見面禮,224,7390866873232,https://cdn.kobo.com/book-images/912cffcc-12b7-4881-820d-605be5c0f456/353/569/90/False/Opeot0Gw9zeKOcdaOXIiCg.jpg,https://www.kobo.com/tw/zh/ebook/Opeot0Gw9zeKOcdaOXIiCg?sId=8387cee3f463768b9ef33bacd10e0fbe
2025-05-25,簡媜,胭脂盆地,196,9789863874553,https://cdn.kobo.com/book-images/0ce65bd8-31e7-48ec-b6c2-f3b4da8f4cb7/353/569/90/False/_jcUd4QT3T6w0ZguwcDvlg.jpg,https://www.kobo.com/tw/zh/ebook/_jcUd4QT3T6w0ZguwcDvlg?sId=8387cee3f463768b9ef33bacd10e0fbe
2025-05-25,簡媜,紅嬰仔：一個女人和她的育嬰史,252,7390863873068,https://cdn.kobo.com/book-images/4c769dfc-5feb-45bb-bad9-d22ff6fe4425/353/569/90/False/3-XKV53DSzqry1rJm_LJEA.jpg,https://www.kobo.com/tw/zh/ebook/3-XKV53DSzqry1rJm_LJEA?sId=8387cee3f463768b9ef33bacd10e0fbe
2025-05-25,簡媜,與歲月同等心跳,210,9789863877479,https://cdn.kobo.com/book-images/5dc05880-531e-4ce8-9a89-99be05f5d02b/353/569/90/False/1Cgc_XKbQj6NkWrPuaKd2g.jpg,https://www.kobo.com/tw/zh/ebook/1Cgc_XKbQj6NkWrPuaKd2g?sId=8387cee3f463768b9ef33bacd10e0fbe
2025-05-25,簡媜,下午茶,160,9789863876946,https://cdn.kobo.com/book-images/84781262-e7bd-4d10-a3c7-d19910fafa73/353/569/90/False/5iBW0pa_Wj2IztG5D0yKyw.jpg,https://www.kobo.com/tw/zh/ebook/5iBW0pa_Wj2IztG5D0yKyw?sId=8387cee3f463768b9ef33bacd10e0fbe
2025-05-25,簡媜,一個人漫遊，古典森林,315,9789863877745,https://cdn.kobo.com/book-images/0c528bc8-18ea-46e3-acf0-f4c80125be95/353/569/90/False/Yyl9S4wUuDu8rltsfwH3UQ.jpg,https://www.kobo.com/tw/zh/ebook/Yyl9S4wUuDu8rltsfwH3UQ?sId=8387cee3f463768b9ef33bacd10e0fbe
2025-05-25,簡媜,好一座浮島,210,9789863875666,https://cdn.kobo.com/book-images/dcfdfd36-7d3d-4201-89ab-681303731c15/353/569/90/False/tR63QOkIkjSZNYP1XN8qJQ.jpg,https://www.kobo.com/tw/zh/ebook/tR63QOkIkjSZNYP1XN8qJQ?sId=8387cee3f463768b9ef33bacd10e0fbe
2025-05-25,簡媜,吃朋友,245,7390866631382,https://cdn.kobo.com/book-images/03cd221a-bef1-420d-96fa-a1ff5f2ec5f8/353/569/90/False/5xrS1tW6YT6YFfX6xajasQ.jpg,https://www.kobo.com/tw/zh/ebook/5xrS1tW6YT6YFfX6xajasQ?sId=a99cdaa040ceae5a2c78b34b59d4c16f
2025-05-25,簡媜,老師的十二樣見面禮（增訂版）,329,9789863876236,https://cdn.kobo.com/book-images/5ddd0b2a-a9d1-403d-92c3-60f91baba3c6/353/569/90/False/7r6In9z6kTuCg3twvvZA2g.jpg,https://www.kobo.com/tw/zh/ebook/7r6In9z6kTuCg3twvvZA2g?sId=a99cdaa040ceae5a2c78b34b59d4c16f
2025-05-25,簡媜,天涯海角──福爾摩沙抒情誌,245,7390863873471,https://cdn.kobo.com/book-images/af00ba7f-99c1-44ae-b3d3-81c4e6e37430/353/569/90/False/y2QggT-GWz28HjuY_ABx1w.jpg,https://www.kobo.com/tw/zh/ebook/y2QggT-GWz28HjuY_ABx1w?sId=a99cdaa040ceae5a2c78b34b59d4c16f
2025-05-25,簡媜,舊情復燃,220,9789863876380,https://cdn.kobo.com/book-images/97241a9a-8187-4195-a573-9a921c04b9cc/353/569/90/False/wieReZ4jqT2vpPAPLsLmkA.jpg,https://www.kobo.com/tw/zh/ebook/wieReZ4jqT2vpPAPLsLmkA?sId=a99cdaa040ceae5a2c78b34b59d4c16f
2025-05-25,簡媜,密密語,280,9789863876953,https://cdn.kobo.com/book-images/76e8fe19-e84d-4b62-9707-03393a023486/353/569/90/False/mMg1YwJL9TemPTAVwHZbvw.jpg,https://www.kobo.com/tw/zh/ebook/mMg1YwJL9TemPTAVwHZbvw?sId=a99cdaa040ceae5a2c78b34b59d4c16f
2025-05-25,簡媜,陪我散步吧(增訂版),322,9789863878230,https://cdn.kobo.com/book-images/cbf936fb-e579-4f5e-889b-2d092f39c84e/353/569/90/False/5BeIP1SRfTC97-lqaxlVkQ.jpg,https://www.kobo.com/tw/zh/ebook/5BeIP1SRfTC97-lqaxlVkQ?sId=a99cdaa040ceae5a2c78b34b59d4c16f
2025-05-25,簡媜,旅人之歌——神遊山水詩,210,9789863877516,https://cdn.kobo.com/book-images/ba7b0973-6125-415b-91a8-f4910ba8f09b/353/569/90/False/BEgyL0ETLzSJLhvVE5yKmQ.jpg,https://www.kobo.com/tw/zh/ebook/BEgyL0ETLzSJLhvVE5yKmQ?sId=a99cdaa040ceae5a2c78b34b59d4c16f
2025-05-25,簡媜,微暈的樹林,210,9789863875857,https://cdn.kobo.com/book-images/df67a2d3-dab3-4ea6-bdd2-0f0e2b62a151/353/569/90/False/lRjcIazDljKdQZof57Hd9A.jpg,https://www.kobo.com/tw/zh/ebook/lRjcIazDljKdQZof57Hd9A?sId=a99cdaa040ceae5a2c78b34b59d4c16f
2025-05-25,簡媜,月娘照眠牀,220,9789863875314,https://cdn.kobo.com/book-images/1dc984df-000f-4cfb-86bf-d71ead052b02/353/569/90/False/yifYBw_kEz-sjWx9O6wmTg.jpg,https://www.kobo.com/tw/zh/ebook/yifYBw_kEz-sjWx9O6wmTg?sId=a99cdaa040ceae5a2c78b34b59d4c16f
2025-05-25,簡媜,只緣身在此山中,224,9789863874911,https://cdn.kobo.com/book-images/a21ea0b7-2449-4d16-b4db-1aa18c1993f3/353/569/90/False/JR_gAXmObD6EROWQrNPmjw.jpg,https://www.kobo.com/tw/zh/ebook/JR_gAXmObD6EROWQrNPmjw?sId=a99cdaa040ceae5a2c78b34b59d4c16f
2025-05-25,赫曼．赫塞,流浪者之歌／悉達多,214,9786267095010,https://cdn.kobo.com/book-images/3f321736-62ab-46cb-ae65-dabe29f7eea4/353/569/90/False/BZkTJbpWnTWsH4_ozeT9vA.jpg,https://www.kobo.com/tw/zh/ebook/BZkTJbpWnTWsH4_ozeT9vA?sId=62f717519a6a37866addc360497beb54
2025-05-25,赫曼．赫塞,荒野之狼,315,9786263966987,https://cdn.kobo.com/book-images/3bb495e7-b3a7-490f-be56-c4e3d0755850/353/569/90/False/8qvh-uvBNjeQ5sV5LtVHdw.jpg,https://www.kobo.com/tw/zh/ebook/8qvh-uvBNjeQ5sV5LtVHdw?sId=62f717519a6a37866addc360497beb54
2025-05-25,赫曼．赫塞,荒野之狼（首度德文直譯本）,245,3090000005737,https://cdn.kobo.com/book-images/449cd682-c515-465f-b6f3-c5b59e8310e3/353/569/90/False/VFQPtyjUrTGJSlcoqoICxg.jpg,https://www.kobo.com/tw/zh/ebook/VFQPtyjUrTGJSlcoqoICxg?sId=62f717519a6a37866addc360497beb54
2025-05-25,赫曼．赫塞,流浪者之歌（首度德文直譯本）,210,3090000000515,https://cdn.kobo.com/book-images/f601d38b-894e-436d-852c-e48f41d06a75/353/569/90/False/uWrynH7_LjCJaQT5rWrZjg.jpg,https://www.kobo.com/tw/zh/ebook/uWrynH7_LjCJaQT5rWrZjg?sId=62f717519a6a37866addc360497beb54
2025-05-25,赫曼．赫塞,車輪下（首度德文直譯本）,210,3090000000590,https://cdn.kobo.com/book-images/40dde703-286a-487c-acca-3d0e177e4d0a/353/569/90/False/iRXS-e-7fzumzrZdY8d_8Q.jpg,https://www.kobo.com/tw/zh/ebook/iRXS-e-7fzumzrZdY8d_8Q?sId=62f717519a6a37866addc360497beb54
2025-05-25,赫曼．赫塞,德米安：徬徨少年時 (告別徬徨，堅定地做你自己。全新無刪減完整譯本，慕尼黑大學圖書館愛藏版),245,3069869881963,https://cdn.kobo.com/book-images/a809baf5-4e7d-43c9-96e5-7d69fa248b50/353/569/90/False/6fn5ArUqVjSw56cshygW_Q.jpg,https://www.kobo.com/tw/zh/ebook/6fn5ArUqVjSw56cshygW_Q?sId=62f717519a6a37866addc360497beb54
2025-05-25,赫曼．赫塞,生命之歌,210,3090000000496,https://cdn.kobo.com/book-images/cab95401-af95-4f91-9d80-41eee92dade2/353/569/90/False/kfbDCDZ4SD6jxk-LU1ireg.jpg,https://www.kobo.com/tw/zh/ebook/kfbDCDZ4SD6jxk-LU1ireg?sId=62f717519a6a37866addc360497beb54
2025-05-25,赫曼．赫塞,悉達多【獨家收錄保羅．科爾賀專文導讀、林懷民繆思分享】：一首印度的詩（流浪者之歌）,196,9789864895397,https://cdn.kobo.com/book-images/827cfb45-6d4c-43cb-866a-eb45ca8c20c7/353/569/90/False/8X4BYN4ZszavG3vs7B0Jdg.jpg,https://www.kobo.com/tw/zh/ebook/8X4BYN4ZszavG3vs7B0Jdg?sId=62f717519a6a37866addc360497beb54
2025-05-25,赫曼．赫塞,徬徨少年時（德文直譯本）,196,3090000030292,https://cdn.kobo.com/book-images/0eb8b492-c683-4d13-8a2e-40fd1872ced9/353/569/90/False/p9r2phjlUzO8q-gEc3Ysmg.jpg,https://www.kobo.com/tw/zh/ebook/p9r2phjlUzO8q-gEc3Ysmg?sId=62f717519a6a37866addc360497beb54
2025-05-25,赫曼．赫塞,赫曼赫塞童話故事集,250,3119864773930,https://cdn.kobo.com/book-images/5f4ae374-cda4-4a0c-a27f-58f4eb5939e0/353/569/90/False/fUpsq8DF8Tq5Lguv3pHWuQ.jpg,https://www.kobo.com/tw/zh/ebook/fUpsq8DF8Tq5Lguv3pHWuQ?sId=62f717519a6a37866addc360497beb54
2025-05-25,赫曼．赫塞,悉達多：一首印度的詩（流浪者之歌）,210,7384000000026,https://cdn.kobo.com/book-images/2ebd8c79-acb7-430a-abd8-3998815f26dd/353/569/90/False/5P5w8osOvzauH183YElyCw.jpg,https://www.kobo.com/tw/zh/audiobook/5P5w8osOvzauH183YElyCw?sId=62f717519a6a37866addc360497beb54
2025-05-25,赫曼．赫塞,鄉愁（德文直譯本）,196,3090000006527,https://cdn.kobo.com/book-images/567c8c31-ebf2-4ffb-a5b1-7e294bb27479/353/569/90/False/By8ilup3JjmH2kf5ty2N8g.jpg,https://www.kobo.com/tw/zh/ebook/By8ilup3JjmH2kf5ty2N8g?sId=62f717519a6a37866addc360497beb54
2025-05-25,赫曼．赫塞,德米安：埃米爾．辛克萊年少時的故事（徬徨少年時）,210,7384000000027,https://cdn.kobo.com/book-images/e921900f-2bfe-42d8-8547-198c1b3b42b1/353/569/90/False/pO0YjhmJajyGRrdkzlKsnA.jpg,https://www.kobo.com/tw/zh/audiobook/pO0YjhmJajyGRrdkzlKsnA?sId=abec906d0e45ed8a902ffe13c6cd3049
2025-05-25,赫曼．赫塞,德米安【獨家收錄詹姆斯・法蘭科專文導讀】：埃米爾．辛克萊年少時的故事（徬徨少年時）,210,9789864895403,https://cdn.kobo.com/book-images/ae0cd56f-8ec4-4e2d-bc97-29ea34073182/353/569/90/False/ib-jIoEV2Dqm0I1tAc6TWQ.jpg,https://www.kobo.com/tw/zh/ebook/ib-jIoEV2Dqm0I1tAc6TWQ?sId=abec906d0e45ed8a902ffe13c6cd3049
2025-05-25,赫曼．赫塞,德米安：彷徨少年時,228,7289867101822,https://cdn.kobo.com/book-images/897fa0c7-1c7f-4005-9de8-784febd6e287/353/569/90/False/ZNYK-tlfkD-IZy3hlnFJAw.jpg,https://www.kobo.com/tw/zh/ebook/ZNYK-tlfkD-IZy3hlnFJAw?sId=abec906d0e45ed8a902ffe13c6cd3049
2025-05-25,赫曼．赫塞,荒野之狼（德文新譯本）,294,3119864771400,https://cdn.kobo.com/book-images/c81844a1-3034-4867-a324-b6f0bd00c252/353/569/90/False/6g6wxeuiYjuWU71oa_5Mzg.jpg,https://www.kobo.com/tw/zh/ebook/6g6wxeuiYjuWU71oa_5Mzg?sId=abec906d0e45ed8a902ffe13c6cd3049
2025-05-25,赫曼．赫塞,流浪者之歌,245,9786263744417,https://cdn.kobo.com/book-images/dbaffb64-2df7-46df-9836-4b43eb375d74/353/569/90/False/SSmAUWRnWD-200t2EoH_qQ.jpg,https://www.kobo.com/tw/zh/ebook/SSmAUWRnWD-200t2EoH_qQ?sId=abec906d0e45ed8a902ffe13c6cd3049
2025-05-25,赫曼．赫塞,徬徨少年時,175,3090000000352,https://cdn.kobo.com/book-images/b98f888a-ae90-4674-8796-0c691b798c30/353/569/90/False/3cIVTFd3fz6t9pp0NaJsyA.jpg,https://www.kobo.com/tw/zh/ebook/3cIVTFd3fz6t9pp0NaJsyA?sId=abec906d0e45ed8a902ffe13c6cd3049
2025-05-25,赫曼．赫塞,在書中發現自己的靈魂：慢讀赫塞,250,3128000000104,https://cdn.kobo.com/book-images/5139dd71-3f40-4bbf-aaa6-752447892743/353/569/90/False/mj-jE6bxOTazX9ad0uwE7g.jpg,https://www.kobo.com/tw/zh/ebook/mj-jE6bxOTazX9ad0uwE7g?sId=abec906d0e45ed8a902ffe13c6cd3049
2025-05-25,赫曼．赫塞,園圃之歌：諾貝爾文學獎大師赫曼．赫塞的自然哲思與手繪詩畫,266,9786269638079,https://cdn.kobo.com/book-images/f7453d28-8edd-4d0b-87ae-3f947835f381/353/569/90/False/jHi5IlslGTmTLqpPkwxScQ.jpg,https://www.kobo.com/tw/zh/ebook/jHi5IlslGTmTLqpPkwxScQ?sId=abec906d0e45ed8a902ffe13c6cd3049
2025-05-25,赫曼．赫塞,流浪者之歌【感動解讀版】,400,9786269936137,https://cdn.kobo.com/book-images/921c4663-8c49-4f8f-a61f-e24755dbae11/353/569/90/False/JNfPTDEjDz-tAMfp3Egokg.jpg,https://www.kobo.com/tw/zh/ebook/JNfPTDEjDz-tAMfp3Egokg?sId=abec906d0e45ed8a902ffe13c6cd3049
2025-05-25,赫曼．赫塞,中學生好享讀：諾貝爾大師短篇小說選,225,6709863201113,https://cdn.kobo.com/book-images/f48eb899-1243-4d56-a687-e9d45c5de9ef/353/569/90/False/pnJCPVTatTGHkaHGe4iYMw.jpg,https://www.kobo.com/tw/zh/ebook/pnJCPVTatTGHkaHGe4iYMw?sId=abec906d0e45ed8a902ffe13c6cd3049
2025-05-25,赫曼．赫塞,悠遊之歌（三版）,175,9789864023936,https://cdn.kobo.com/book-images/e52679bc-171d-45f8-bf8a-8a159a9891ed/353/569/90/False/UHZLCrSJATqst2fZDCkzBA.jpg,https://www.kobo.com/tw/zh/ebook/UHZLCrSJATqst2fZDCkzBA?sId=abec906d0e45ed8a902ffe13c6cd3049
2025-05-26,卡繆,異鄉人（卡繆版書衣）,154,3119861735450,https://cdn.kobo.com/book-images/24099253-90bc-4d80-8825-f6300e8b806f/353/569/90/False/gb2hSkF1KDGjqz18oam2aA.jpg,https://www.kobo.com/tw/zh/ebook/gb2hSkF1KDGjqz18oam2aA?sId=4631c01278882de4fd16cfec6fcb6d5d
2025-05-26,卡繆,薛西弗斯的神話,166,3150000000396,https://cdn.kobo.com/book-images/71d8cd60-c407-4367-bced-a36718fcf86f/353/569/90/False/t0r8j-Ym4jee3YDu96AA1w.jpg,https://www.kobo.com/tw/zh/ebook/t0r8j-Ym4jee3YDu96AA1w?sId=4631c01278882de4fd16cfec6fcb6d5d
2025-05-26,卡繆,異鄉人（2020全新名家譯本，再現卡繆字句推敲的原義）,138,3150000000617,https://cdn.kobo.com/book-images/883f0dcf-e5f7-4dfe-b300-8d725a8da70d/353/569/90/False/0GQk9bH6VzyLV0Q9Faysow.jpg,https://www.kobo.com/tw/zh/ebook/0GQk9bH6VzyLV0Q9Faysow?sId=4631c01278882de4fd16cfec6fcb6d5d
2025-05-26,卡繆,異鄉人（卡繆經典暢銷作․中文版有聲書首度上市）,220,9789863449263,https://cdn.kobo.com/book-images/a910e55d-8df0-43d3-8ef2-df7dc21d51ba/353/569/90/False/t1OO6Q03qjuX0wfMsaUVPg.jpg,https://www.kobo.com/tw/zh/audiobook/t1OO6Q03qjuX0wfMsaUVPg?sId=4631c01278882de4fd16cfec6fcb6d5d
2025-05-26,卡繆,快樂的死,175,3120000000639,https://cdn.kobo.com/book-images/57e8ecec-6b0d-4586-882a-1f7699f9b494/353/569/90/False/gnS7T3tgLTS1t3eLSRBEeA.jpg,https://www.kobo.com/tw/zh/ebook/gnS7T3tgLTS1t3eLSRBEeA?sId=4631c01278882de4fd16cfec6fcb6d5d
2025-05-26,卡繆,正義者（首次出版，法文直譯名家譯本，卡繆展現對正義與反抗的考驗）,155,9789860777161,https://cdn.kobo.com/book-images/9291fc65-996d-4a27-83f4-a141c345d8cb/353/569/90/False/QQT3HgwFsT2xefv4IRMF9w.jpg,https://www.kobo.com/tw/zh/ebook/QQT3HgwFsT2xefv4IRMF9w?sId=4631c01278882de4fd16cfec6fcb6d5d
2025-05-26,卡繆,鼠疫,210,3119861737522,https://cdn.kobo.com/book-images/56a09ae8-dac7-4eb0-9dde-b427a5a1aacb/353/569/90/False/tGTtah0cyzKVQIXzpZ7NTQ.jpg,https://www.kobo.com/tw/zh/ebook/tGTtah0cyzKVQIXzpZ7NTQ?sId=4631c01278882de4fd16cfec6fcb6d5d
2025-05-26,卡繆,薛西弗斯的神話：卡繆的荒謬哲學,230,3120000000285,https://cdn.kobo.com/book-images/8cfb868b-d1ce-428f-9dc1-8a7b0724f790/353/569/90/False/dz7TJXld6DK-tFChkyuNug.jpg,https://www.kobo.com/tw/zh/ebook/dz7TJXld6DK-tFChkyuNug?sId=4631c01278882de4fd16cfec6fcb6d5d
2025-05-26,卡繆,卡繆荒謬系列四部曲套書：《異鄉人》＋《薛西弗斯的神話》＋《卡里古拉》＋《誤會》【全新法文名家直譯，首次完整出版，親炙完整的卡繆荒謬哲學】,625,3150000000693,https://cdn.kobo.com/book-images/462128f0-194c-4f37-91e4-c9cdfbe0d7b2/353/569/90/False/iBMVIqmTtjmYjH2oJl_r8A.jpg,https://www.kobo.com/tw/zh/ebook/iBMVIqmTtjmYjH2oJl_r8A?sId=4631c01278882de4fd16cfec6fcb6d5d
2025-05-26,卡繆,卡繆反抗三部曲套書：《瘟疫》＋《反抗者》＋《正義者》【全新法文名家直譯，首次完整出版，親炙完整的卡繆反抗思想】,575,3150000000687,https://cdn.kobo.com/book-images/9f980967-d3c1-4ac0-9f8c-f8e0ccbbcc60/353/569/90/False/B1m2jKOONjKjTMVkT5k1NQ.jpg,https://www.kobo.com/tw/zh/ebook/B1m2jKOONjKjTMVkT5k1NQ?sId=4631c01278882de4fd16cfec6fcb6d5d
2025-05-26,卡繆,瘟疫,210,9789861785516,https://cdn.kobo.com/book-images/8d4f032e-dd57-4b50-a7d8-07f8e494bce5/353/569/90/False/sQ5ce_0gtz-yiFpE7SxWag.jpg,https://www.kobo.com/tw/zh/ebook/sQ5ce_0gtz-yiFpE7SxWag?sId=4631c01278882de4fd16cfec6fcb6d5d
2025-05-26,卡繆,卡繆荒謬與反抗系列作品全集套書：荒謬系列四部曲《異鄉人》《薛西弗斯的神話》《卡里古拉》《誤會》＋反抗系列三部曲《瘟疫》《反抗者》《正義者》【全新法文名家直譯，首次完整出版，親炙完整的卡繆荒謬哲學】,1200,3150000000694,https://cdn.kobo.com/book-images/76f16f12-492e-4435-b792-e97bba1721d5/353/569/90/False/Kx45Q5lYKTqv_nEYbdwV2A.jpg,https://www.kobo.com/tw/zh/ebook/Kx45Q5lYKTqv_nEYbdwV2A?sId=4631c01278882de4fd16cfec6fcb6d5d
2025-05-26,卡繆,鼠疫（卡繆經典暢銷作․中文版有聲書首度上市）,300,9789863449270,https://cdn.kobo.com/book-images/ba766fe2-65df-4d69-83bc-798bf2340c10/353/569/90/False/AMe0qKS-yzinEfp_ItutUg.jpg,https://www.kobo.com/tw/zh/audiobook/AMe0qKS-yzinEfp_ItutUg?sId=fbd97b42cc516e857ec2f560dc7734fa
2025-05-26,卡繆,薛西弗斯的神話：點燃希望的哲學頌歌，法國七星文庫權威譯本【傅雷翻譯獎典藏版】,226,9786267596456,https://cdn.kobo.com/book-images/6ccfbf88-73ae-4691-b256-38387994ae56/353/569/90/False/7fFjSyTP9zKPTx3GcPFpfw.jpg,https://www.kobo.com/tw/zh/ebook/7fFjSyTP9zKPTx3GcPFpfw?sId=fbd97b42cc516e857ec2f560dc7734fa
2025-05-26,卡繆,瘟疫（2021最新名家譯本，卡繆對疫情下被禁錮人心的鼓舞）,210,9789860777192,https://cdn.kobo.com/book-images/9618975f-d9f0-47af-bd43-571387f8a06a/353/569/90/False/wJ6ORaWSDj60GIzsDTf9Zg.jpg,https://www.kobo.com/tw/zh/ebook/wJ6ORaWSDj60GIzsDTf9Zg?sId=fbd97b42cc516e857ec2f560dc7734fa
2025-05-26,卡繆,誤會【1957年諾貝爾文學獎得主面對自我放逐之旅的核心之作】,155,9786267118139,https://cdn.kobo.com/book-images/f35af051-fd52-4e22-a2df-d19abd3abf6e/353/569/90/False/XznH9zQdijG-RQoi9MTYng.jpg,https://www.kobo.com/tw/zh/ebook/XznH9zQdijG-RQoi9MTYng?sId=fbd97b42cc516e857ec2f560dc7734fa
2025-05-26,卡繆,鼠疫【全新名家譯本】（特別收錄哲學解析〈一部存在主義小說的後現代閱讀〉）,266,9789864895434,https://cdn.kobo.com/book-images/f4d068a2-498d-4817-97dd-d7492dc32b10/353/569/90/False/K9cd87y5oDGaSXDvYBOiAg.jpg,https://www.kobo.com/tw/zh/ebook/K9cd87y5oDGaSXDvYBOiAg?sId=fbd97b42cc516e857ec2f560dc7734fa
2025-05-26,卡繆,異鄉人【獨家收錄沙特評論・2022全新名家譯本】,196,9789864896073,https://cdn.kobo.com/book-images/a71e071c-2ddd-47b0-ba0d-0ad67a3261c3/353/569/90/False/VQ2InesBOjKI-Xv96viLqA.jpg,https://www.kobo.com/tw/zh/ebook/VQ2InesBOjKI-Xv96viLqA?sId=fbd97b42cc516e857ec2f560dc7734fa
2025-05-26,卡繆,異鄉人,179,3039571384641,https://cdn.kobo.com/book-images/81e2cbee-7fb1-445c-8a9a-54f11683b376/353/569/90/False/wUn6RJK3RjCYH8YflJqYFw.jpg,https://www.kobo.com/tw/zh/ebook/wUn6RJK3RjCYH8YflJqYFw?sId=fbd97b42cc516e857ec2f560dc7734fa
2025-05-26,卡繆,反抗者（新版）,210,3150000000392,https://cdn.kobo.com/book-images/0169f08d-1636-4fe9-865e-ac9323facfa7/353/569/90/False/dnhkQv1woTKBLngzg4RbMg.jpg,https://www.kobo.com/tw/zh/ebook/dnhkQv1woTKBLngzg4RbMg?sId=fbd97b42cc516e857ec2f560dc7734fa
2025-05-26,卡繆,卡里古拉【1957年諾貝爾文學獎得主描摹荒謬的經典代表作,166,9786267118108,https://cdn.kobo.com/book-images/228a6362-9e74-450c-806f-26d0291b0115/353/569/90/False/bUv8_ShWSDyzoufG54r66g.jpg,https://www.kobo.com/tw/zh/ebook/bUv8_ShWSDyzoufG54r66g?sId=fbd97b42cc516e857ec2f560dc7734fa
2025-05-26,卡繆,異鄉人：最值得珍藏的名家譯本,224,3119864778287,https://cdn.kobo.com/book-images/59186bf1-d059-4aeb-afcb-36b164712ef7/353/569/90/False/XRU3eRrUUD6pvlI4liPZbg.jpg,https://www.kobo.com/tw/zh/ebook/XRU3eRrUUD6pvlI4liPZbg?sId=fbd97b42cc516e857ec2f560dc7734fa
2025-05-26,卡繆,第一人：《異鄉人》存在主義大師的最後遺作！沒讀過《第一人》，就無法了解真正的卡繆！,360,7435000003050,https://cdn.kobo.com/book-images/1000dae4-0e54-4613-994a-2ca68f225aaf/353/569/90/False/mBrCwjCDbT-OmxW_MxQCPg.jpg,https://www.kobo.com/tw/zh/audiobook/mBrCwjCDbT-OmxW_MxQCPg?sId=fbd97b42cc516e857ec2f560dc7734fa
2025-05-26,卡繆,墮落,182,9789861787558,https://cdn.kobo.com/book-images/023f55c5-13cf-4e65-aaa2-e1d0eebea177/353/569/90/False/ie-dvcJKuTWxECoQpt7ptg.jpg,https://www.kobo.com/tw/zh/ebook/ie-dvcJKuTWxECoQpt7ptg?sId=fbd97b42cc516e857ec2f560dc7734fa
2025-05-26,簡媜,我為你灑下月光,336,7390863872337,https://cdn.kobo.com/book-images/8d8c685d-f3c5-4e43-a07c-4a7a91f5ad22/353/569/90/False/RBqeU8INXTCG7D8npjR0bw.jpg,https://www.kobo.com/tw/zh/ebook/RBqeU8INXTCG7D8npjR0bw?sId=c2b20a2b701517d7c43b45bfcded61f8
2025-05-26,簡媜,十種寂寞,252,7390863873877,https://cdn.kobo.com/book-images/137d5050-a414-4644-a453-8236a3c7338c/353/569/90/False/SS3f6q_OmzG6ixjEoQQSBw.jpg,https://www.kobo.com/tw/zh/ebook/SS3f6q_OmzG6ixjEoQQSBw?sId=c2b20a2b701517d7c43b45bfcded61f8
2025-05-26,簡媜,女兒紅,196,9789863874096,https://cdn.kobo.com/book-images/73163054-0990-4413-b92d-a3d20f20ebaa/353/569/90/False/DBqadeV-gT-bmmVuqDItJg.jpg,https://www.kobo.com/tw/zh/ebook/DBqadeV-gT-bmmVuqDItJg?sId=c2b20a2b701517d7c43b45bfcded61f8
2025-05-26,簡媜,誰在銀閃閃的地方，等你（增訂版）,392,9789863876021,https://cdn.kobo.com/book-images/18d8f7d3-ad8d-4473-b1b7-aba2ada08383/353/569/90/False/tyYjDkeqiza61CrkeCJu7w.jpg,https://www.kobo.com/tw/zh/ebook/tyYjDkeqiza61CrkeCJu7w?sId=c2b20a2b701517d7c43b45bfcded61f8
2025-05-26,簡媜,夢遊書,196,9789863874546,https://cdn.kobo.com/book-images/df1c79f2-8ad2-4ed8-9f37-293c81359dd8/353/569/90/False/p_nX7y-6_D6gGQiQ7O__sw.jpg,https://www.kobo.com/tw/zh/ebook/p_nX7y-6_D6gGQiQ7O__sw?sId=c2b20a2b701517d7c43b45bfcded61f8
2025-05-26,簡媜,老師的十二樣見面禮,224,7390866873232,https://cdn.kobo.com/book-images/912cffcc-12b7-4881-820d-605be5c0f456/353/569/90/False/Opeot0Gw9zeKOcdaOXIiCg.jpg,https://www.kobo.com/tw/zh/ebook/Opeot0Gw9zeKOcdaOXIiCg?sId=c2b20a2b701517d7c43b45bfcded61f8
2025-05-26,簡媜,胭脂盆地,196,9789863874553,https://cdn.kobo.com/book-images/0ce65bd8-31e7-48ec-b6c2-f3b4da8f4cb7/353/569/90/False/_jcUd4QT3T6w0ZguwcDvlg.jpg,https://www.kobo.com/tw/zh/ebook/_jcUd4QT3T6w0ZguwcDvlg?sId=c2b20a2b701517d7c43b45bfcded61f8
2025-05-26,簡媜,紅嬰仔：一個女人和她的育嬰史,252,7390863873068,https://cdn.kobo.com/book-images/4c769dfc-5feb-45bb-bad9-d22ff6fe4425/353/569/90/False/3-XKV53DSzqry1rJm_LJEA.jpg,https://www.kobo.com/tw/zh/ebook/3-XKV53DSzqry1rJm_LJEA?sId=c2b20a2b701517d7c43b45bfcded61f8
2025-05-26,簡媜,與歲月同等心跳,210,9789863877479,https://cdn.kobo.com/book-images/5dc05880-531e-4ce8-9a89-99be05f5d02b/353/569/90/False/1Cgc_XKbQj6NkWrPuaKd2g.jpg,https://www.kobo.com/tw/zh/ebook/1Cgc_XKbQj6NkWrPuaKd2g?sId=c2b20a2b701517d7c43b45bfcded61f8
2025-05-26,簡媜,下午茶,160,9789863876946,https://cdn.kobo.com/book-images/84781262-e7bd-4d10-a3c7-d19910fafa73/353/569/90/False/5iBW0pa_Wj2IztG5D0yKyw.jpg,https://www.kobo.com/tw/zh/ebook/5iBW0pa_Wj2IztG5D0yKyw?sId=c2b20a2b701517d7c43b45bfcded61f8
2025-05-26,簡媜,一個人漫遊，古典森林,315,9789863877745,https://cdn.kobo.com/book-images/0c528bc8-18ea-46e3-acf0-f4c80125be95/353/569/90/False/Yyl9S4wUuDu8rltsfwH3UQ.jpg,https://www.kobo.com/tw/zh/ebook/Yyl9S4wUuDu8rltsfwH3UQ?sId=c2b20a2b701517d7c43b45bfcded61f8
2025-05-26,簡媜,好一座浮島,210,9789863875666,https://cdn.kobo.com/book-images/dcfdfd36-7d3d-4201-89ab-681303731c15/353/569/90/False/tR63QOkIkjSZNYP1XN8qJQ.jpg,https://www.kobo.com/tw/zh/ebook/tR63QOkIkjSZNYP1XN8qJQ?sId=c2b20a2b701517d7c43b45bfcded61f8
2025-05-26,簡媜,吃朋友,245,7390866631382,https://cdn.kobo.com/book-images/03cd221a-bef1-420d-96fa-a1ff5f2ec5f8/353/569/90/False/5xrS1tW6YT6YFfX6xajasQ.jpg,https://www.kobo.com/tw/zh/ebook/5xrS1tW6YT6YFfX6xajasQ?sId=98adda567fedb9b7ef1589414f809271
2025-05-26,簡媜,老師的十二樣見面禮（增訂版）,329,9789863876236,https://cdn.kobo.com/book-images/5ddd0b2a-a9d1-403d-92c3-60f91baba3c6/353/569/90/False/7r6In9z6kTuCg3twvvZA2g.jpg,https://www.kobo.com/tw/zh/ebook/7r6In9z6kTuCg3twvvZA2g?sId=98adda567fedb9b7ef1589414f809271
2025-05-26,簡媜,天涯海角──福爾摩沙抒情誌,245,7390863873471,https://cdn.kobo.com/book-images/af00ba7f-99c1-44ae-b3d3-81c4e6e37430/353/569/90/False/y2QggT-GWz28HjuY_ABx1w.jpg,https://www.kobo.com/tw/zh/ebook/y2QggT-GWz28HjuY_ABx1w?sId=98adda567fedb9b7ef1589414f809271
2025-05-26,簡媜,舊情復燃,220,9789863876380,https://cdn.kobo.com/book-images/97241a9a-8187-4195-a573-9a921c04b9cc/353/569/90/False/wieReZ4jqT2vpPAPLsLmkA.jpg,https://www.kobo.com/tw/zh/ebook/wieReZ4jqT2vpPAPLsLmkA?sId=98adda567fedb9b7ef1589414f809271
2025-05-26,簡媜,密密語,280,9789863876953,https://cdn.kobo.com/book-images/76e8fe19-e84d-4b62-9707-03393a023486/353/569/90/False/mMg1YwJL9TemPTAVwHZbvw.jpg,https://www.kobo.com/tw/zh/ebook/mMg1YwJL9TemPTAVwHZbvw?sId=98adda567fedb9b7ef1589414f809271
2025-05-26,簡媜,陪我散步吧(增訂版),322,9789863878230,https://cdn.kobo.com/book-images/cbf936fb-e579-4f5e-889b-2d092f39c84e/353/569/90/False/5BeIP1SRfTC97-lqaxlVkQ.jpg,https://www.kobo.com/tw/zh/ebook/5BeIP1SRfTC97-lqaxlVkQ?sId=98adda567fedb9b7ef1589414f809271
2025-05-26,簡媜,旅人之歌——神遊山水詩,210,9789863877516,https://cdn.kobo.com/book-images/ba7b0973-6125-415b-91a8-f4910ba8f09b/353/569/90/False/BEgyL0ETLzSJLhvVE5yKmQ.jpg,https://www.kobo.com/tw/zh/ebook/BEgyL0ETLzSJLhvVE5yKmQ?sId=98adda567fedb9b7ef1589414f809271
2025-05-26,簡媜,微暈的樹林,210,9789863875857,https://cdn.kobo.com/book-images/df67a2d3-dab3-4ea6-bdd2-0f0e2b62a151/353/569/90/False/lRjcIazDljKdQZof57Hd9A.jpg,https://www.kobo.com/tw/zh/ebook/lRjcIazDljKdQZof57Hd9A?sId=98adda567fedb9b7ef1589414f809271
2025-05-26,簡媜,月娘照眠牀,220,9789863875314,https://cdn.kobo.com/book-images/1dc984df-000f-4cfb-86bf-d71ead052b02/353/569/90/False/yifYBw_kEz-sjWx9O6wmTg.jpg,https://www.kobo.com/tw/zh/ebook/yifYBw_kEz-sjWx9O6wmTg?sId=98adda567fedb9b7ef1589414f809271
2025-05-26,簡媜,只緣身在此山中,224,9789863874911,https://cdn.kobo.com/book-images/a21ea0b7-2449-4d16-b4db-1aa18c1993f3/353/569/90/False/JR_gAXmObD6EROWQrNPmjw.jpg,https://www.kobo.com/tw/zh/ebook/JR_gAXmObD6EROWQrNPmjw?sId=98adda567fedb9b7ef1589414f809271
2025-05-26,赫曼．赫塞,流浪者之歌／悉達多,214,9786267095010,https://cdn.kobo.com/book-images/3f321736-62ab-46cb-ae65-dabe29f7eea4/353/569/90/False/BZkTJbpWnTWsH4_ozeT9vA.jpg,https://www.kobo.com/tw/zh/ebook/BZkTJbpWnTWsH4_ozeT9vA?sId=47c71b08a135930110b73edf32a1d93a
2025-05-26,赫曼．赫塞,荒野之狼,315,9786263966987,https://cdn.kobo.com/book-images/3bb495e7-b3a7-490f-be56-c4e3d0755850/353/569/90/False/8qvh-uvBNjeQ5sV5LtVHdw.jpg,https://www.kobo.com/tw/zh/ebook/8qvh-uvBNjeQ5sV5LtVHdw?sId=47c71b08a135930110b73edf32a1d93a
2025-05-26,赫曼．赫塞,流浪者之歌（首度德文直譯本）,210,3090000000515,https://cdn.kobo.com/book-images/f601d38b-894e-436d-852c-e48f41d06a75/353/569/90/False/uWrynH7_LjCJaQT5rWrZjg.jpg,https://www.kobo.com/tw/zh/ebook/uWrynH7_LjCJaQT5rWrZjg?sId=47c71b08a135930110b73edf32a1d93a
2025-05-26,赫曼．赫塞,荒野之狼（首度德文直譯本）,245,3090000005737,https://cdn.kobo.com/book-images/449cd682-c515-465f-b6f3-c5b59e8310e3/353/569/90/False/VFQPtyjUrTGJSlcoqoICxg.jpg,https://www.kobo.com/tw/zh/ebook/VFQPtyjUrTGJSlcoqoICxg?sId=47c71b08a135930110b73edf32a1d93a
2025-05-26,赫曼．赫塞,德米安：徬徨少年時 (告別徬徨，堅定地做你自己。全新無刪減完整譯本，慕尼黑大學圖書館愛藏版),245,3069869881963,https://cdn.kobo.com/book-images/a809baf5-4e7d-43c9-96e5-7d69fa248b50/353/569/90/False/6fn5ArUqVjSw56cshygW_Q.jpg,https://www.kobo.com/tw/zh/ebook/6fn5ArUqVjSw56cshygW_Q?sId=47c71b08a135930110b73edf32a1d93a
2025-05-26,赫曼．赫塞,車輪下（首度德文直譯本）,210,3090000000590,https://cdn.kobo.com/book-images/40dde703-286a-487c-acca-3d0e177e4d0a/353/569/90/False/iRXS-e-7fzumzrZdY8d_8Q.jpg,https://www.kobo.com/tw/zh/ebook/iRXS-e-7fzumzrZdY8d_8Q?sId=47c71b08a135930110b73edf32a1d93a
2025-05-26,赫曼．赫塞,生命之歌,210,3090000000496,https://cdn.kobo.com/book-images/cab95401-af95-4f91-9d80-41eee92dade2/353/569/90/False/kfbDCDZ4SD6jxk-LU1ireg.jpg,https://www.kobo.com/tw/zh/ebook/kfbDCDZ4SD6jxk-LU1ireg?sId=47c71b08a135930110b73edf32a1d93a
2025-05-26,赫曼．赫塞,悉達多【獨家收錄保羅．科爾賀專文導讀、林懷民繆思分享】：一首印度的詩（流浪者之歌）,196,9789864895397,https://cdn.kobo.com/book-images/827cfb45-6d4c-43cb-866a-eb45ca8c20c7/353/569/90/False/8X4BYN4ZszavG3vs7B0Jdg.jpg,https://www.kobo.com/tw/zh/ebook/8X4BYN4ZszavG3vs7B0Jdg?sId=47c71b08a135930110b73edf32a1d93a
2025-05-26,赫曼．赫塞,徬徨少年時（德文直譯本）,196,3090000030292,https://cdn.kobo.com/book-images/0eb8b492-c683-4d13-8a2e-40fd1872ced9/353/569/90/False/p9r2phjlUzO8q-gEc3Ysmg.jpg,https://www.kobo.com/tw/zh/ebook/p9r2phjlUzO8q-gEc3Ysmg?sId=47c71b08a135930110b73edf32a1d93a
2025-05-26,赫曼．赫塞,赫曼赫塞童話故事集,250,3119864773930,https://cdn.kobo.com/book-images/5f4ae374-cda4-4a0c-a27f-58f4eb5939e0/353/569/90/False/fUpsq8DF8Tq5Lguv3pHWuQ.jpg,https://www.kobo.com/tw/zh/ebook/fUpsq8DF8Tq5Lguv3pHWuQ?sId=47c71b08a135930110b73edf32a1d93a
2025-05-26,赫曼．赫塞,悉達多：一首印度的詩（流浪者之歌）,210,7384000000026,https://cdn.kobo.com/book-images/2ebd8c79-acb7-430a-abd8-3998815f26dd/353/569/90/False/5P5w8osOvzauH183YElyCw.jpg,https://www.kobo.com/tw/zh/audiobook/5P5w8osOvzauH183YElyCw?sId=47c71b08a135930110b73edf32a1d93a
2025-05-26,赫曼．赫塞,鄉愁（德文直譯本）,196,3090000006527,https://cdn.kobo.com/book-images/567c8c31-ebf2-4ffb-a5b1-7e294bb27479/353/569/90/False/By8ilup3JjmH2kf5ty2N8g.jpg,https://www.kobo.com/tw/zh/ebook/By8ilup3JjmH2kf5ty2N8g?sId=47c71b08a135930110b73edf32a1d93a
2025-05-26,赫曼．赫塞,德米安：埃米爾．辛克萊年少時的故事（徬徨少年時）,210,7384000000027,https://cdn.kobo.com/book-images/e921900f-2bfe-42d8-8547-198c1b3b42b1/353/569/90/False/pO0YjhmJajyGRrdkzlKsnA.jpg,https://www.kobo.com/tw/zh/audiobook/pO0YjhmJajyGRrdkzlKsnA?sId=c2ce8ac31d6f9ce8681ed333d8aab027
2025-05-26,赫曼．赫塞,德米安【獨家收錄詹姆斯・法蘭科專文導讀】：埃米爾．辛克萊年少時的故事（徬徨少年時）,210,9789864895403,https://cdn.kobo.com/book-images/ae0cd56f-8ec4-4e2d-bc97-29ea34073182/353/569/90/False/ib-jIoEV2Dqm0I1tAc6TWQ.jpg,https://www.kobo.com/tw/zh/ebook/ib-jIoEV2Dqm0I1tAc6TWQ?sId=c2ce8ac31d6f9ce8681ed333d8aab027
2025-05-26,赫曼．赫塞,德米安：彷徨少年時,228,7289867101822,https://cdn.kobo.com/book-images/897fa0c7-1c7f-4005-9de8-784febd6e287/353/569/90/False/ZNYK-tlfkD-IZy3hlnFJAw.jpg,https://www.kobo.com/tw/zh/ebook/ZNYK-tlfkD-IZy3hlnFJAw?sId=c2ce8ac31d6f9ce8681ed333d8aab027
2025-05-26,赫曼．赫塞,荒野之狼（德文新譯本）,294,3119864771400,https://cdn.kobo.com/book-images/c81844a1-3034-4867-a324-b6f0bd00c252/353/569/90/False/6g6wxeuiYjuWU71oa_5Mzg.jpg,https://www.kobo.com/tw/zh/ebook/6g6wxeuiYjuWU71oa_5Mzg?sId=c2ce8ac31d6f9ce8681ed333d8aab027
2025-05-26,赫曼．赫塞,流浪者之歌,245,9786263744417,https://cdn.kobo.com/book-images/dbaffb64-2df7-46df-9836-4b43eb375d74/353/569/90/False/SSmAUWRnWD-200t2EoH_qQ.jpg,https://www.kobo.com/tw/zh/ebook/SSmAUWRnWD-200t2EoH_qQ?sId=c2ce8ac31d6f9ce8681ed333d8aab027
2025-05-26,赫曼．赫塞,徬徨少年時,175,3090000000352,https://cdn.kobo.com/book-images/b98f888a-ae90-4674-8796-0c691b798c30/353/569/90/False/3cIVTFd3fz6t9pp0NaJsyA.jpg,https://www.kobo.com/tw/zh/ebook/3cIVTFd3fz6t9pp0NaJsyA?sId=c2ce8ac31d6f9ce8681ed333d8aab027
2025-05-26,赫曼．赫塞,在書中發現自己的靈魂：慢讀赫塞,250,3128000000104,https://cdn.kobo.com/book-images/5139dd71-3f40-4bbf-aaa6-752447892743/353/569/90/False/mj-jE6bxOTazX9ad0uwE7g.jpg,https://www.kobo.com/tw/zh/ebook/mj-jE6bxOTazX9ad0uwE7g?sId=c2ce8ac31d6f9ce8681ed333d8aab027
2025-05-26,赫曼．赫塞,園圃之歌：諾貝爾文學獎大師赫曼．赫塞的自然哲思與手繪詩畫,266,9786269638079,https://cdn.kobo.com/book-images/f7453d28-8edd-4d0b-87ae-3f947835f381/353/569/90/False/jHi5IlslGTmTLqpPkwxScQ.jpg,https://www.kobo.com/tw/zh/ebook/jHi5IlslGTmTLqpPkwxScQ?sId=c2ce8ac31d6f9ce8681ed333d8aab027
2025-05-26,赫曼．赫塞,流浪者之歌【感動解讀版】,400,9786269936137,https://cdn.kobo.com/book-images/921c4663-8c49-4f8f-a61f-e24755dbae11/353/569/90/False/JNfPTDEjDz-tAMfp3Egokg.jpg,https://www.kobo.com/tw/zh/ebook/JNfPTDEjDz-tAMfp3Egokg?sId=c2ce8ac31d6f9ce8681ed333d8aab027
2025-05-26,赫曼．赫塞,中學生好享讀：諾貝爾大師短篇小說選,225,6709863201113,https://cdn.kobo.com/book-images/f48eb899-1243-4d56-a687-e9d45c5de9ef/353/569/90/False/pnJCPVTatTGHkaHGe4iYMw.jpg,https://www.kobo.com/tw/zh/ebook/pnJCPVTatTGHkaHGe4iYMw?sId=c2ce8ac31d6f9ce8681ed333d8aab027
2025-05-26,赫曼．赫塞,悠遊之歌（三版）,175,9789864023936,https://cdn.kobo.com/book-images/e52679bc-171d-45f8-bf8a-8a159a9891ed/353/569/90/False/UHZLCrSJATqst2fZDCkzBA.jpg,https://www.kobo.com/tw/zh/ebook/UHZLCrSJATqst2fZDCkzBA?sId=c2ce8ac31d6f9ce8681ed333d8aab027
2025-05-27,卡繆,異鄉人（卡繆版書衣）,154,3119861735450,https://cdn.kobo.com/book-images/24099253-90bc-4d80-8825-f6300e8b806f/353/569/90/False/gb2hSkF1KDGjqz18oam2aA.jpg,https://www.kobo.com/tw/zh/ebook/gb2hSkF1KDGjqz18oam2aA?sId=4926a865ae45300c153a894f9e9b4313
2025-05-27,卡繆,薛西弗斯的神話,166,3150000000396,https://cdn.kobo.com/book-images/71d8cd60-c407-4367-bced-a36718fcf86f/353/569/90/False/t0r8j-Ym4jee3YDu96AA1w.jpg,https://www.kobo.com/tw/zh/ebook/t0r8j-Ym4jee3YDu96AA1w?sId=4926a865ae45300c153a894f9e9b4313
2025-05-27,卡繆,瘟疫,210,9789861785516,https://cdn.kobo.com/book-images/8d4f032e-dd57-4b50-a7d8-07f8e494bce5/353/569/90/False/sQ5ce_0gtz-yiFpE7SxWag.jpg,https://www.kobo.com/tw/zh/ebook/sQ5ce_0gtz-yiFpE7SxWag?sId=4926a865ae45300c153a894f9e9b4313
2025-05-27,卡繆,異鄉人（2020全新名家譯本，再現卡繆字句推敲的原義）,138,3150000000617,https://cdn.kobo.com/book-images/883f0dcf-e5f7-4dfe-b300-8d725a8da70d/353/569/90/False/0GQk9bH6VzyLV0Q9Faysow.jpg,https://www.kobo.com/tw/zh/ebook/0GQk9bH6VzyLV0Q9Faysow?sId=4926a865ae45300c153a894f9e9b4313
2025-05-27,卡繆,異鄉人（卡繆經典暢銷作․中文版有聲書首度上市）,220,9789863449263,https://cdn.kobo.com/book-images/a910e55d-8df0-43d3-8ef2-df7dc21d51ba/353/569/90/False/t1OO6Q03qjuX0wfMsaUVPg.jpg,https://www.kobo.com/tw/zh/audiobook/t1OO6Q03qjuX0wfMsaUVPg?sId=4926a865ae45300c153a894f9e9b4313
2025-05-27,卡繆,快樂的死,175,3120000000639,https://cdn.kobo.com/book-images/57e8ecec-6b0d-4586-882a-1f7699f9b494/353/569/90/False/gnS7T3tgLTS1t3eLSRBEeA.jpg,https://www.kobo.com/tw/zh/ebook/gnS7T3tgLTS1t3eLSRBEeA?sId=4926a865ae45300c153a894f9e9b4313
2025-05-27,卡繆,鼠疫,210,3119861737522,https://cdn.kobo.com/book-images/56a09ae8-dac7-4eb0-9dde-b427a5a1aacb/353/569/90/False/tGTtah0cyzKVQIXzpZ7NTQ.jpg,https://www.kobo.com/tw/zh/ebook/tGTtah0cyzKVQIXzpZ7NTQ?sId=4926a865ae45300c153a894f9e9b4313
2025-05-27,卡繆,正義者（首次出版，法文直譯名家譯本，卡繆展現對正義與反抗的考驗）,155,9789860777161,https://cdn.kobo.com/book-images/9291fc65-996d-4a27-83f4-a141c345d8cb/353/569/90/False/QQT3HgwFsT2xefv4IRMF9w.jpg,https://www.kobo.com/tw/zh/ebook/QQT3HgwFsT2xefv4IRMF9w?sId=4926a865ae45300c153a894f9e9b4313
2025-05-27,卡繆,卡繆荒謬與反抗系列作品全集套書：荒謬系列四部曲《異鄉人》《薛西弗斯的神話》《卡里古拉》《誤會》＋反抗系列三部曲《瘟疫》《反抗者》《正義者》【全新法文名家直譯，首次完整出版，親炙完整的卡繆荒謬哲學】,1200,3150000000694,https://cdn.kobo.com/book-images/76f16f12-492e-4435-b792-e97bba1721d5/353/569/90/False/Kx45Q5lYKTqv_nEYbdwV2A.jpg,https://www.kobo.com/tw/zh/ebook/Kx45Q5lYKTqv_nEYbdwV2A?sId=4926a865ae45300c153a894f9e9b4313
2025-05-27,卡繆,卡繆荒謬系列四部曲套書：《異鄉人》＋《薛西弗斯的神話》＋《卡里古拉》＋《誤會》【全新法文名家直譯，首次完整出版，親炙完整的卡繆荒謬哲學】,625,3150000000693,https://cdn.kobo.com/book-images/462128f0-194c-4f37-91e4-c9cdfbe0d7b2/353/569/90/False/iBMVIqmTtjmYjH2oJl_r8A.jpg,https://www.kobo.com/tw/zh/ebook/iBMVIqmTtjmYjH2oJl_r8A?sId=4926a865ae45300c153a894f9e9b4313
2025-05-27,卡繆,卡繆反抗三部曲套書：《瘟疫》＋《反抗者》＋《正義者》【全新法文名家直譯，首次完整出版，親炙完整的卡繆反抗思想】,575,3150000000687,https://cdn.kobo.com/book-images/9f980967-d3c1-4ac0-9f8c-f8e0ccbbcc60/353/569/90/False/B1m2jKOONjKjTMVkT5k1NQ.jpg,https://www.kobo.com/tw/zh/ebook/B1m2jKOONjKjTMVkT5k1NQ?sId=4926a865ae45300c153a894f9e9b4313
2025-05-27,卡繆,薛西弗斯的神話：卡繆的荒謬哲學,230,3120000000285,https://cdn.kobo.com/book-images/8cfb868b-d1ce-428f-9dc1-8a7b0724f790/353/569/90/False/dz7TJXld6DK-tFChkyuNug.jpg,https://www.kobo.com/tw/zh/ebook/dz7TJXld6DK-tFChkyuNug?sId=4926a865ae45300c153a894f9e9b4313
2025-05-27,卡繆,瘟疫（2021最新名家譯本，卡繆對疫情下被禁錮人心的鼓舞）,210,9789860777192,https://cdn.kobo.com/book-images/9618975f-d9f0-47af-bd43-571387f8a06a/353/569/90/False/wJ6ORaWSDj60GIzsDTf9Zg.jpg,https://www.kobo.com/tw/zh/ebook/wJ6ORaWSDj60GIzsDTf9Zg?sId=f3d921953cbb92d1f2f3f25153a01c9f
2025-05-27,卡繆,誤會【1957年諾貝爾文學獎得主面對自我放逐之旅的核心之作】,155,9786267118139,https://cdn.kobo.com/book-images/f35af051-fd52-4e22-a2df-d19abd3abf6e/353/569/90/False/XznH9zQdijG-RQoi9MTYng.jpg,https://www.kobo.com/tw/zh/ebook/XznH9zQdijG-RQoi9MTYng?sId=f3d921953cbb92d1f2f3f25153a01c9f
2025-05-27,卡繆,鼠疫【全新名家譯本】（特別收錄哲學解析〈一部存在主義小說的後現代閱讀〉）,266,9789864895434,https://cdn.kobo.com/book-images/f4d068a2-498d-4817-97dd-d7492dc32b10/353/569/90/False/K9cd87y5oDGaSXDvYBOiAg.jpg,https://www.kobo.com/tw/zh/ebook/K9cd87y5oDGaSXDvYBOiAg?sId=f3d921953cbb92d1f2f3f25153a01c9f
2025-05-27,卡繆,異鄉人【獨家收錄沙特評論・2022全新名家譯本】,196,9789864896073,https://cdn.kobo.com/book-images/a71e071c-2ddd-47b0-ba0d-0ad67a3261c3/353/569/90/False/VQ2InesBOjKI-Xv96viLqA.jpg,https://www.kobo.com/tw/zh/ebook/VQ2InesBOjKI-Xv96viLqA?sId=f3d921953cbb92d1f2f3f25153a01c9f
2025-05-27,卡繆,異鄉人,179,3039571384641,https://cdn.kobo.com/book-images/81e2cbee-7fb1-445c-8a9a-54f11683b376/353/569/90/False/wUn6RJK3RjCYH8YflJqYFw.jpg,https://www.kobo.com/tw/zh/ebook/wUn6RJK3RjCYH8YflJqYFw?sId=f3d921953cbb92d1f2f3f25153a01c9f
2025-05-27,卡繆,反抗者（新版）,210,3150000000392,https://cdn.kobo.com/book-images/0169f08d-1636-4fe9-865e-ac9323facfa7/353/569/90/False/dnhkQv1woTKBLngzg4RbMg.jpg,https://www.kobo.com/tw/zh/ebook/dnhkQv1woTKBLngzg4RbMg?sId=f3d921953cbb92d1f2f3f25153a01c9f
2025-05-27,卡繆,卡里古拉【1957年諾貝爾文學獎得主描摹荒謬的經典代表作,166,9786267118108,https://cdn.kobo.com/book-images/228a6362-9e74-450c-806f-26d0291b0115/353/569/90/False/bUv8_ShWSDyzoufG54r66g.jpg,https://www.kobo.com/tw/zh/ebook/bUv8_ShWSDyzoufG54r66g?sId=f3d921953cbb92d1f2f3f25153a01c9f
2025-05-27,卡繆,鼠疫（卡繆經典暢銷作․中文版有聲書首度上市）,300,9789863449270,https://cdn.kobo.com/book-images/ba766fe2-65df-4d69-83bc-798bf2340c10/353/569/90/False/AMe0qKS-yzinEfp_ItutUg.jpg,https://www.kobo.com/tw/zh/audiobook/AMe0qKS-yzinEfp_ItutUg?sId=f3d921953cbb92d1f2f3f25153a01c9f
2025-05-27,卡繆,異鄉人：最值得珍藏的名家譯本,224,3119864778287,https://cdn.kobo.com/book-images/59186bf1-d059-4aeb-afcb-36b164712ef7/353/569/90/False/XRU3eRrUUD6pvlI4liPZbg.jpg,https://www.kobo.com/tw/zh/ebook/XRU3eRrUUD6pvlI4liPZbg?sId=f3d921953cbb92d1f2f3f25153a01c9f
2025-05-27,卡繆,薛西弗斯的神話：點燃希望的哲學頌歌，法國七星文庫權威譯本【傅雷翻譯獎典藏版】,226,9786267596456,https://cdn.kobo.com/book-images/6ccfbf88-73ae-4691-b256-38387994ae56/353/569/90/False/7fFjSyTP9zKPTx3GcPFpfw.jpg,https://www.kobo.com/tw/zh/ebook/7fFjSyTP9zKPTx3GcPFpfw?sId=f3d921953cbb92d1f2f3f25153a01c9f
2025-05-27,卡繆,第一人：《異鄉人》存在主義大師的最後遺作！沒讀過《第一人》，就無法了解真正的卡繆！,360,7435000003050,https://cdn.kobo.com/book-images/1000dae4-0e54-4613-994a-2ca68f225aaf/353/569/90/False/mBrCwjCDbT-OmxW_MxQCPg.jpg,https://www.kobo.com/tw/zh/audiobook/mBrCwjCDbT-OmxW_MxQCPg?sId=f3d921953cbb92d1f2f3f25153a01c9f
2025-05-27,卡繆,墮落,182,9789861787558,https://cdn.kobo.com/book-images/023f55c5-13cf-4e65-aaa2-e1d0eebea177/353/569/90/False/ie-dvcJKuTWxECoQpt7ptg.jpg,https://www.kobo.com/tw/zh/ebook/ie-dvcJKuTWxECoQpt7ptg?sId=f3d921953cbb92d1f2f3f25153a01c9f
2025-05-27,卡繆,放逐與王國：卡繆短篇小說,260,9789865482541,https://cdn.kobo.com/book-images/033f901a-cea5-456e-9a5c-534f67c7dd33/353/569/90/False/SmaLhyIaRTOPTVVkw9jskg.jpg,https://www.kobo.com/tw/zh/ebook/SmaLhyIaRTOPTVVkw9jskg?sId=aeffe9d56a6d92503c52dfed54915690
2025-05-27,卡繆,異鄉人,170,6849862272770,https://cdn.kobo.com/book-images/2f2b24f2-6a61-4ae2-a409-29c8eb0bc992/353/569/90/False/GYi3emouATurt5CEXNGY7A.jpg,https://www.kobo.com/tw/zh/ebook/GYi3emouATurt5CEXNGY7A?sId=aeffe9d56a6d92503c52dfed54915690
2025-05-27,卡繆,瘟疫（名家經典新譯）,228,9789865482473,https://cdn.kobo.com/book-images/edbaf1b0-60cf-4781-90e1-dcb3d6358348/353/569/90/False/XSi3S6nkVz2SFyXwXYLq1g.jpg,https://www.kobo.com/tw/zh/ebook/XSi3S6nkVz2SFyXwXYLq1g?sId=aeffe9d56a6d92503c52dfed54915690
2025-05-27,卡繆,放逐與王國,210,9789863874133,https://cdn.kobo.com/book-images/5f1ba02d-68c9-4aa5-85ab-824c904439e9/353/569/90/False/RVGALpaZsjaTbCo1SdZXqw.jpg,https://www.kobo.com/tw/zh/ebook/RVGALpaZsjaTbCo1SdZXqw?sId=aeffe9d56a6d92503c52dfed54915690
2025-05-27,卡繆,異鄉人：荒謬三部曲，首部,210,7384000000024,https://cdn.kobo.com/book-images/12dc1249-e584-452a-a159-54be7be82c4d/353/569/90/False/MDkYBsM0cTm5Kq9j-44S0A.jpg,https://www.kobo.com/tw/zh/audiobook/MDkYBsM0cTm5Kq9j-44S0A?sId=aeffe9d56a6d92503c52dfed54915690
2025-05-27,簡媜,吃朋友,245,7390866631382,https://cdn.kobo.com/book-images/03cd221a-bef1-420d-96fa-a1ff5f2ec5f8/353/569/90/False/5xrS1tW6YT6YFfX6xajasQ.jpg,https://www.kobo.com/tw/zh/ebook/5xrS1tW6YT6YFfX6xajasQ?sId=96af9443bdce7500dc6475753b884217
2025-05-27,簡媜,我為你灑下月光,336,7390863872337,https://cdn.kobo.com/book-images/8d8c685d-f3c5-4e43-a07c-4a7a91f5ad22/353/569/90/False/RBqeU8INXTCG7D8npjR0bw.jpg,https://www.kobo.com/tw/zh/ebook/RBqeU8INXTCG7D8npjR0bw?sId=96af9443bdce7500dc6475753b884217
2025-05-27,簡媜,十種寂寞,252,7390863873877,https://cdn.kobo.com/book-images/137d5050-a414-4644-a453-8236a3c7338c/353/569/90/False/SS3f6q_OmzG6ixjEoQQSBw.jpg,https://www.kobo.com/tw/zh/ebook/SS3f6q_OmzG6ixjEoQQSBw?sId=96af9443bdce7500dc6475753b884217
2025-05-27,簡媜,女兒紅,196,9789863874096,https://cdn.kobo.com/book-images/73163054-0990-4413-b92d-a3d20f20ebaa/353/569/90/False/DBqadeV-gT-bmmVuqDItJg.jpg,https://www.kobo.com/tw/zh/ebook/DBqadeV-gT-bmmVuqDItJg?sId=96af9443bdce7500dc6475753b884217
2025-05-27,簡媜,誰在銀閃閃的地方，等你（增訂版）,392,9789863876021,https://cdn.kobo.com/book-images/18d8f7d3-ad8d-4473-b1b7-aba2ada08383/353/569/90/False/tyYjDkeqiza61CrkeCJu7w.jpg,https://www.kobo.com/tw/zh/ebook/tyYjDkeqiza61CrkeCJu7w?sId=96af9443bdce7500dc6475753b884217
2025-05-27,簡媜,夢遊書,196,9789863874546,https://cdn.kobo.com/book-images/df1c79f2-8ad2-4ed8-9f37-293c81359dd8/353/569/90/False/p_nX7y-6_D6gGQiQ7O__sw.jpg,https://www.kobo.com/tw/zh/ebook/p_nX7y-6_D6gGQiQ7O__sw?sId=96af9443bdce7500dc6475753b884217
2025-05-27,簡媜,老師的十二樣見面禮,224,7390866873232,https://cdn.kobo.com/book-images/912cffcc-12b7-4881-820d-605be5c0f456/353/569/90/False/Opeot0Gw9zeKOcdaOXIiCg.jpg,https://www.kobo.com/tw/zh/ebook/Opeot0Gw9zeKOcdaOXIiCg?sId=96af9443bdce7500dc6475753b884217
2025-05-27,簡媜,胭脂盆地,196,9789863874553,https://cdn.kobo.com/book-images/0ce65bd8-31e7-48ec-b6c2-f3b4da8f4cb7/353/569/90/False/_jcUd4QT3T6w0ZguwcDvlg.jpg,https://www.kobo.com/tw/zh/ebook/_jcUd4QT3T6w0ZguwcDvlg?sId=96af9443bdce7500dc6475753b884217
2025-05-27,簡媜,紅嬰仔：一個女人和她的育嬰史,252,7390863873068,https://cdn.kobo.com/book-images/4c769dfc-5feb-45bb-bad9-d22ff6fe4425/353/569/90/False/3-XKV53DSzqry1rJm_LJEA.jpg,https://www.kobo.com/tw/zh/ebook/3-XKV53DSzqry1rJm_LJEA?sId=96af9443bdce7500dc6475753b884217
2025-05-27,簡媜,天涯海角──福爾摩沙抒情誌,245,7390863873471,https://cdn.kobo.com/book-images/af00ba7f-99c1-44ae-b3d3-81c4e6e37430/353/569/90/False/y2QggT-GWz28HjuY_ABx1w.jpg,https://www.kobo.com/tw/zh/ebook/y2QggT-GWz28HjuY_ABx1w?sId=96af9443bdce7500dc6475753b884217
2025-05-27,簡媜,與歲月同等心跳,210,9789863877479,https://cdn.kobo.com/book-images/5dc05880-531e-4ce8-9a89-99be05f5d02b/353/569/90/False/1Cgc_XKbQj6NkWrPuaKd2g.jpg,https://www.kobo.com/tw/zh/ebook/1Cgc_XKbQj6NkWrPuaKd2g?sId=96af9443bdce7500dc6475753b884217
2025-05-27,簡媜,下午茶,160,9789863876946,https://cdn.kobo.com/book-images/84781262-e7bd-4d10-a3c7-d19910fafa73/353/569/90/False/5iBW0pa_Wj2IztG5D0yKyw.jpg,https://www.kobo.com/tw/zh/ebook/5iBW0pa_Wj2IztG5D0yKyw?sId=96af9443bdce7500dc6475753b884217
2025-05-27,簡媜,一個人漫遊，古典森林,315,9789863877745,https://cdn.kobo.com/book-images/0c528bc8-18ea-46e3-acf0-f4c80125be95/353/569/90/False/Yyl9S4wUuDu8rltsfwH3UQ.jpg,https://www.kobo.com/tw/zh/ebook/Yyl9S4wUuDu8rltsfwH3UQ?sId=bd0fa6f97c9f5f5dc61a00d44543b0f5
2025-05-27,簡媜,好一座浮島,210,9789863875666,https://cdn.kobo.com/book-images/dcfdfd36-7d3d-4201-89ab-681303731c15/353/569/90/False/tR63QOkIkjSZNYP1XN8qJQ.jpg,https://www.kobo.com/tw/zh/ebook/tR63QOkIkjSZNYP1XN8qJQ?sId=bd0fa6f97c9f5f5dc61a00d44543b0f5
2025-05-27,簡媜,老師的十二樣見面禮（增訂版）,329,9789863876236,https://cdn.kobo.com/book-images/5ddd0b2a-a9d1-403d-92c3-60f91baba3c6/353/569/90/False/7r6In9z6kTuCg3twvvZA2g.jpg,https://www.kobo.com/tw/zh/ebook/7r6In9z6kTuCg3twvvZA2g?sId=bd0fa6f97c9f5f5dc61a00d44543b0f5
2025-05-27,簡媜,舊情復燃,220,9789863876380,https://cdn.kobo.com/book-images/97241a9a-8187-4195-a573-9a921c04b9cc/353/569/90/False/wieReZ4jqT2vpPAPLsLmkA.jpg,https://www.kobo.com/tw/zh/ebook/wieReZ4jqT2vpPAPLsLmkA?sId=bd0fa6f97c9f5f5dc61a00d44543b0f5
2025-05-27,簡媜,密密語,280,9789863876953,https://cdn.kobo.com/book-images/76e8fe19-e84d-4b62-9707-03393a023486/353/569/90/False/mMg1YwJL9TemPTAVwHZbvw.jpg,https://www.kobo.com/tw/zh/ebook/mMg1YwJL9TemPTAVwHZbvw?sId=bd0fa6f97c9f5f5dc61a00d44543b0f5
2025-05-27,簡媜,陪我散步吧(增訂版),322,9789863878230,https://cdn.kobo.com/book-images/cbf936fb-e579-4f5e-889b-2d092f39c84e/353/569/90/False/5BeIP1SRfTC97-lqaxlVkQ.jpg,https://www.kobo.com/tw/zh/ebook/5BeIP1SRfTC97-lqaxlVkQ?sId=bd0fa6f97c9f5f5dc61a00d44543b0f5
2025-05-27,簡媜,旅人之歌——神遊山水詩,210,9789863877516,https://cdn.kobo.com/book-images/ba7b0973-6125-415b-91a8-f4910ba8f09b/353/569/90/False/BEgyL0ETLzSJLhvVE5yKmQ.jpg,https://www.kobo.com/tw/zh/ebook/BEgyL0ETLzSJLhvVE5yKmQ?sId=bd0fa6f97c9f5f5dc61a00d44543b0f5
2025-05-27,簡媜,微暈的樹林,210,9789863875857,https://cdn.kobo.com/book-images/df67a2d3-dab3-4ea6-bdd2-0f0e2b62a151/353/569/90/False/lRjcIazDljKdQZof57Hd9A.jpg,https://www.kobo.com/tw/zh/ebook/lRjcIazDljKdQZof57Hd9A?sId=bd0fa6f97c9f5f5dc61a00d44543b0f5
2025-05-27,簡媜,月娘照眠牀,220,9789863875314,https://cdn.kobo.com/book-images/1dc984df-000f-4cfb-86bf-d71ead052b02/353/569/90/False/yifYBw_kEz-sjWx9O6wmTg.jpg,https://www.kobo.com/tw/zh/ebook/yifYBw_kEz-sjWx9O6wmTg?sId=bd0fa6f97c9f5f5dc61a00d44543b0f5
2025-05-27,簡媜,只緣身在此山中,224,9789863874911,https://cdn.kobo.com/book-images/a21ea0b7-2449-4d16-b4db-1aa18c1993f3/353/569/90/False/JR_gAXmObD6EROWQrNPmjw.jpg,https://www.kobo.com/tw/zh/ebook/JR_gAXmObD6EROWQrNPmjw?sId=bd0fa6f97c9f5f5dc61a00d44543b0f5
2025-05-27,赫曼．赫塞,流浪者之歌／悉達多,214,9786267095010,https://cdn.kobo.com/book-images/3f321736-62ab-46cb-ae65-dabe29f7eea4/353/569/90/False/BZkTJbpWnTWsH4_ozeT9vA.jpg,https://www.kobo.com/tw/zh/ebook/BZkTJbpWnTWsH4_ozeT9vA?sId=30f426e24edad084005f0ac0d4ec95dd
2025-05-27,赫曼．赫塞,徬徨少年時（德文直譯本）,196,3090000030292,https://cdn.kobo.com/book-images/0eb8b492-c683-4d13-8a2e-40fd1872ced9/353/569/90/False/p9r2phjlUzO8q-gEc3Ysmg.jpg,https://www.kobo.com/tw/zh/ebook/p9r2phjlUzO8q-gEc3Ysmg?sId=30f426e24edad084005f0ac0d4ec95dd
2025-05-27,赫曼．赫塞,悉達多【獨家收錄保羅．科爾賀專文導讀、林懷民繆思分享】：一首印度的詩（流浪者之歌）,196,9789864895397,https://cdn.kobo.com/book-images/827cfb45-6d4c-43cb-866a-eb45ca8c20c7/353/569/90/False/8X4BYN4ZszavG3vs7B0Jdg.jpg,https://www.kobo.com/tw/zh/ebook/8X4BYN4ZszavG3vs7B0Jdg?sId=30f426e24edad084005f0ac0d4ec95dd
2025-05-27,赫曼．赫塞,荒野之狼,315,9786263966987,https://cdn.kobo.com/book-images/3bb495e7-b3a7-490f-be56-c4e3d0755850/353/569/90/False/8qvh-uvBNjeQ5sV5LtVHdw.jpg,https://www.kobo.com/tw/zh/ebook/8qvh-uvBNjeQ5sV5LtVHdw?sId=30f426e24edad084005f0ac0d4ec95dd
2025-05-27,赫曼．赫塞,流浪者之歌（首度德文直譯本）,210,3090000000515,https://cdn.kobo.com/book-images/f601d38b-894e-436d-852c-e48f41d06a75/353/569/90/False/uWrynH7_LjCJaQT5rWrZjg.jpg,https://www.kobo.com/tw/zh/ebook/uWrynH7_LjCJaQT5rWrZjg?sId=30f426e24edad084005f0ac0d4ec95dd
2025-05-27,赫曼．赫塞,荒野之狼（首度德文直譯本）,245,3090000005737,https://cdn.kobo.com/book-images/449cd682-c515-465f-b6f3-c5b59e8310e3/353/569/90/False/VFQPtyjUrTGJSlcoqoICxg.jpg,https://www.kobo.com/tw/zh/ebook/VFQPtyjUrTGJSlcoqoICxg?sId=30f426e24edad084005f0ac0d4ec95dd
2025-05-27,赫曼．赫塞,德米安：徬徨少年時 (告別徬徨，堅定地做你自己。全新無刪減完整譯本，慕尼黑大學圖書館愛藏版),245,3069869881963,https://cdn.kobo.com/book-images/a809baf5-4e7d-43c9-96e5-7d69fa248b50/353/569/90/False/6fn5ArUqVjSw56cshygW_Q.jpg,https://www.kobo.com/tw/zh/ebook/6fn5ArUqVjSw56cshygW_Q?sId=30f426e24edad084005f0ac0d4ec95dd
2025-05-27,赫曼．赫塞,車輪下（首度德文直譯本）,210,3090000000590,https://cdn.kobo.com/book-images/40dde703-286a-487c-acca-3d0e177e4d0a/353/569/90/False/iRXS-e-7fzumzrZdY8d_8Q.jpg,https://www.kobo.com/tw/zh/ebook/iRXS-e-7fzumzrZdY8d_8Q?sId=30f426e24edad084005f0ac0d4ec95dd
2025-05-27,赫曼．赫塞,生命之歌,210,3090000000496,https://cdn.kobo.com/book-images/cab95401-af95-4f91-9d80-41eee92dade2/353/569/90/False/kfbDCDZ4SD6jxk-LU1ireg.jpg,https://www.kobo.com/tw/zh/ebook/kfbDCDZ4SD6jxk-LU1ireg?sId=30f426e24edad084005f0ac0d4ec95dd
2025-05-27,赫曼．赫塞,赫曼赫塞童話故事集,250,3119864773930,https://cdn.kobo.com/book-images/5f4ae374-cda4-4a0c-a27f-58f4eb5939e0/353/569/90/False/fUpsq8DF8Tq5Lguv3pHWuQ.jpg,https://www.kobo.com/tw/zh/ebook/fUpsq8DF8Tq5Lguv3pHWuQ?sId=30f426e24edad084005f0ac0d4ec95dd
2025-05-27,赫曼．赫塞,悉達多：一首印度的詩（流浪者之歌）,210,7384000000026,https://cdn.kobo.com/book-images/2ebd8c79-acb7-430a-abd8-3998815f26dd/353/569/90/False/5P5w8osOvzauH183YElyCw.jpg,https://www.kobo.com/tw/zh/audiobook/5P5w8osOvzauH183YElyCw?sId=30f426e24edad084005f0ac0d4ec95dd
2025-05-27,赫曼．赫塞,鄉愁（德文直譯本）,196,3090000006527,https://cdn.kobo.com/book-images/567c8c31-ebf2-4ffb-a5b1-7e294bb27479/353/569/90/False/By8ilup3JjmH2kf5ty2N8g.jpg,https://www.kobo.com/tw/zh/ebook/By8ilup3JjmH2kf5ty2N8g?sId=30f426e24edad084005f0ac0d4ec95dd
2025-05-27,赫曼．赫塞,德米安：埃米爾．辛克萊年少時的故事（徬徨少年時）,210,7384000000027,https://cdn.kobo.com/book-images/e921900f-2bfe-42d8-8547-198c1b3b42b1/353/569/90/False/pO0YjhmJajyGRrdkzlKsnA.jpg,https://www.kobo.com/tw/zh/audiobook/pO0YjhmJajyGRrdkzlKsnA?sId=8a6d1c9470e98fc3e2975725eb0af18b
2025-05-27,赫曼．赫塞,德米安【獨家收錄詹姆斯・法蘭科專文導讀】：埃米爾．辛克萊年少時的故事（徬徨少年時）,210,9789864895403,https://cdn.kobo.com/book-images/ae0cd56f-8ec4-4e2d-bc97-29ea34073182/353/569/90/False/ib-jIoEV2Dqm0I1tAc6TWQ.jpg,https://www.kobo.com/tw/zh/ebook/ib-jIoEV2Dqm0I1tAc6TWQ?sId=8a6d1c9470e98fc3e2975725eb0af18b
2025-05-27,赫曼．赫塞,德米安：彷徨少年時,228,7289867101822,https://cdn.kobo.com/book-images/897fa0c7-1c7f-4005-9de8-784febd6e287/353/569/90/False/ZNYK-tlfkD-IZy3hlnFJAw.jpg,https://www.kobo.com/tw/zh/ebook/ZNYK-tlfkD-IZy3hlnFJAw?sId=8a6d1c9470e98fc3e2975725eb0af18b
2025-05-27,赫曼．赫塞,荒野之狼（德文新譯本）,294,3119864771400,https://cdn.kobo.com/book-images/c81844a1-3034-4867-a324-b6f0bd00c252/353/569/90/False/6g6wxeuiYjuWU71oa_5Mzg.jpg,https://www.kobo.com/tw/zh/ebook/6g6wxeuiYjuWU71oa_5Mzg?sId=8a6d1c9470e98fc3e2975725eb0af18b
2025-05-27,赫曼．赫塞,流浪者之歌,245,9786263744417,https://cdn.kobo.com/book-images/dbaffb64-2df7-46df-9836-4b43eb375d74/353/569/90/False/SSmAUWRnWD-200t2EoH_qQ.jpg,https://www.kobo.com/tw/zh/ebook/SSmAUWRnWD-200t2EoH_qQ?sId=8a6d1c9470e98fc3e2975725eb0af18b
2025-05-27,赫曼．赫塞,徬徨少年時,175,3090000000352,https://cdn.kobo.com/book-images/b98f888a-ae90-4674-8796-0c691b798c30/353/569/90/False/3cIVTFd3fz6t9pp0NaJsyA.jpg,https://www.kobo.com/tw/zh/ebook/3cIVTFd3fz6t9pp0NaJsyA?sId=8a6d1c9470e98fc3e2975725eb0af18b
2025-05-27,赫曼．赫塞,在書中發現自己的靈魂：慢讀赫塞,250,3128000000104,https://cdn.kobo.com/book-images/5139dd71-3f40-4bbf-aaa6-752447892743/353/569/90/False/mj-jE6bxOTazX9ad0uwE7g.jpg,https://www.kobo.com/tw/zh/ebook/mj-jE6bxOTazX9ad0uwE7g?sId=8a6d1c9470e98fc3e2975725eb0af18b
2025-05-27,赫曼．赫塞,園圃之歌：諾貝爾文學獎大師赫曼．赫塞的自然哲思與手繪詩畫,266,9786269638079,https://cdn.kobo.com/book-images/f7453d28-8edd-4d0b-87ae-3f947835f381/353/569/90/False/jHi5IlslGTmTLqpPkwxScQ.jpg,https://www.kobo.com/tw/zh/ebook/jHi5IlslGTmTLqpPkwxScQ?sId=8a6d1c9470e98fc3e2975725eb0af18b
2025-05-27,赫曼．赫塞,流浪者之歌【感動解讀版】,400,9786269936137,https://cdn.kobo.com/book-images/921c4663-8c49-4f8f-a61f-e24755dbae11/353/569/90/False/JNfPTDEjDz-tAMfp3Egokg.jpg,https://www.kobo.com/tw/zh/ebook/JNfPTDEjDz-tAMfp3Egokg?sId=8a6d1c9470e98fc3e2975725eb0af18b
2025-05-27,赫曼．赫塞,中學生好享讀：諾貝爾大師短篇小說選,225,6709863201113,https://cdn.kobo.com/book-images/f48eb899-1243-4d56-a687-e9d45c5de9ef/353/569/90/False/pnJCPVTatTGHkaHGe4iYMw.jpg,https://www.kobo.com/tw/zh/ebook/pnJCPVTatTGHkaHGe4iYMw?sId=8a6d1c9470e98fc3e2975725eb0af18b
2025-05-27,赫曼．赫塞,悠遊之歌（三版）,175,9789864023936,https://cdn.kobo.com/book-images/e52679bc-171d-45f8-bf8a-8a159a9891ed/353/569/90/False/UHZLCrSJATqst2fZDCkzBA.jpg,https://www.kobo.com/tw/zh/ebook/UHZLCrSJATqst2fZDCkzBA?sId=8a6d1c9470e98fc3e2975725eb0af18b
2025-05-28,卡繆,薛西弗斯的神話,166,3150000000396,https://cdn.kobo.com/book-images/71d8cd60-c407-4367-bced-a36718fcf86f/353/569/90/False/t0r8j-Ym4jee3YDu96AA1w.jpg,https://www.kobo.com/tw/zh/ebook/t0r8j-Ym4jee3YDu96AA1w?sId=d7d63a3adf74fd7f4fdec5f57c41750c
2025-05-28,卡繆,異鄉人（卡繆版書衣）,154,3119861735450,https://cdn.kobo.com/book-images/24099253-90bc-4d80-8825-f6300e8b806f/353/569/90/False/gb2hSkF1KDGjqz18oam2aA.jpg,https://www.kobo.com/tw/zh/ebook/gb2hSkF1KDGjqz18oam2aA?sId=d7d63a3adf74fd7f4fdec5f57c41750c
2025-05-28,卡繆,瘟疫,210,9789861785516,https://cdn.kobo.com/book-images/8d4f032e-dd57-4b50-a7d8-07f8e494bce5/353/569/90/False/sQ5ce_0gtz-yiFpE7SxWag.jpg,https://www.kobo.com/tw/zh/ebook/sQ5ce_0gtz-yiFpE7SxWag?sId=d7d63a3adf74fd7f4fdec5f57c41750c
2025-05-28,卡繆,異鄉人（2020全新名家譯本，再現卡繆字句推敲的原義）,138,3150000000617,https://cdn.kobo.com/book-images/883f0dcf-e5f7-4dfe-b300-8d725a8da70d/353/569/90/False/0GQk9bH6VzyLV0Q9Faysow.jpg,https://www.kobo.com/tw/zh/ebook/0GQk9bH6VzyLV0Q9Faysow?sId=d7d63a3adf74fd7f4fdec5f57c41750c
2025-05-28,卡繆,異鄉人（卡繆經典暢銷作․中文版有聲書首度上市）,220,9789863449263,https://cdn.kobo.com/book-images/a910e55d-8df0-43d3-8ef2-df7dc21d51ba/353/569/90/False/t1OO6Q03qjuX0wfMsaUVPg.jpg,https://www.kobo.com/tw/zh/audiobook/t1OO6Q03qjuX0wfMsaUVPg?sId=d7d63a3adf74fd7f4fdec5f57c41750c
2025-05-28,卡繆,快樂的死,175,3120000000639,https://cdn.kobo.com/book-images/57e8ecec-6b0d-4586-882a-1f7699f9b494/353/569/90/False/gnS7T3tgLTS1t3eLSRBEeA.jpg,https://www.kobo.com/tw/zh/ebook/gnS7T3tgLTS1t3eLSRBEeA?sId=d7d63a3adf74fd7f4fdec5f57c41750c
2025-05-28,卡繆,鼠疫,210,3119861737522,https://cdn.kobo.com/book-images/56a09ae8-dac7-4eb0-9dde-b427a5a1aacb/353/569/90/False/tGTtah0cyzKVQIXzpZ7NTQ.jpg,https://www.kobo.com/tw/zh/ebook/tGTtah0cyzKVQIXzpZ7NTQ?sId=d7d63a3adf74fd7f4fdec5f57c41750c
2025-05-28,卡繆,正義者（首次出版，法文直譯名家譯本，卡繆展現對正義與反抗的考驗）,155,9789860777161,https://cdn.kobo.com/book-images/9291fc65-996d-4a27-83f4-a141c345d8cb/353/569/90/False/QQT3HgwFsT2xefv4IRMF9w.jpg,https://www.kobo.com/tw/zh/ebook/QQT3HgwFsT2xefv4IRMF9w?sId=d7d63a3adf74fd7f4fdec5f57c41750c
2025-05-28,卡繆,卡繆荒謬與反抗系列作品全集套書：荒謬系列四部曲《異鄉人》《薛西弗斯的神話》《卡里古拉》《誤會》＋反抗系列三部曲《瘟疫》《反抗者》《正義者》【全新法文名家直譯，首次完整出版，親炙完整的卡繆荒謬哲學】,1200,3150000000694,https://cdn.kobo.com/book-images/76f16f12-492e-4435-b792-e97bba1721d5/353/569/90/False/Kx45Q5lYKTqv_nEYbdwV2A.jpg,https://www.kobo.com/tw/zh/ebook/Kx45Q5lYKTqv_nEYbdwV2A?sId=d7d63a3adf74fd7f4fdec5f57c41750c
2025-05-28,卡繆,卡繆荒謬系列四部曲套書：《異鄉人》＋《薛西弗斯的神話》＋《卡里古拉》＋《誤會》【全新法文名家直譯，首次完整出版，親炙完整的卡繆荒謬哲學】,625,3150000000693,https://cdn.kobo.com/book-images/462128f0-194c-4f37-91e4-c9cdfbe0d7b2/353/569/90/False/iBMVIqmTtjmYjH2oJl_r8A.jpg,https://www.kobo.com/tw/zh/ebook/iBMVIqmTtjmYjH2oJl_r8A?sId=d7d63a3adf74fd7f4fdec5f57c41750c
2025-05-28,卡繆,卡繆反抗三部曲套書：《瘟疫》＋《反抗者》＋《正義者》【全新法文名家直譯，首次完整出版，親炙完整的卡繆反抗思想】,575,3150000000687,https://cdn.kobo.com/book-images/9f980967-d3c1-4ac0-9f8c-f8e0ccbbcc60/353/569/90/False/B1m2jKOONjKjTMVkT5k1NQ.jpg,https://www.kobo.com/tw/zh/ebook/B1m2jKOONjKjTMVkT5k1NQ?sId=d7d63a3adf74fd7f4fdec5f57c41750c
2025-05-28,卡繆,薛西弗斯的神話：卡繆的荒謬哲學,230,3120000000285,https://cdn.kobo.com/book-images/8cfb868b-d1ce-428f-9dc1-8a7b0724f790/353/569/90/False/dz7TJXld6DK-tFChkyuNug.jpg,https://www.kobo.com/tw/zh/ebook/dz7TJXld6DK-tFChkyuNug?sId=d7d63a3adf74fd7f4fdec5f57c41750c
2025-05-28,卡繆,瘟疫（2021最新名家譯本，卡繆對疫情下被禁錮人心的鼓舞）,210,9789860777192,https://cdn.kobo.com/book-images/9618975f-d9f0-47af-bd43-571387f8a06a/353/569/90/False/wJ6ORaWSDj60GIzsDTf9Zg.jpg,https://www.kobo.com/tw/zh/ebook/wJ6ORaWSDj60GIzsDTf9Zg?sId=150b436509cdf86555f8f78510032182
2025-05-28,卡繆,誤會【1957年諾貝爾文學獎得主面對自我放逐之旅的核心之作】,155,9786267118139,https://cdn.kobo.com/book-images/f35af051-fd52-4e22-a2df-d19abd3abf6e/353/569/90/False/XznH9zQdijG-RQoi9MTYng.jpg,https://www.kobo.com/tw/zh/ebook/XznH9zQdijG-RQoi9MTYng?sId=150b436509cdf86555f8f78510032182
2025-05-28,卡繆,鼠疫【全新名家譯本】（特別收錄哲學解析〈一部存在主義小說的後現代閱讀〉）,266,9789864895434,https://cdn.kobo.com/book-images/f4d068a2-498d-4817-97dd-d7492dc32b10/353/569/90/False/K9cd87y5oDGaSXDvYBOiAg.jpg,https://www.kobo.com/tw/zh/ebook/K9cd87y5oDGaSXDvYBOiAg?sId=150b436509cdf86555f8f78510032182
2025-05-28,卡繆,異鄉人【獨家收錄沙特評論・2022全新名家譯本】,196,9789864896073,https://cdn.kobo.com/book-images/a71e071c-2ddd-47b0-ba0d-0ad67a3261c3/353/569/90/False/VQ2InesBOjKI-Xv96viLqA.jpg,https://www.kobo.com/tw/zh/ebook/VQ2InesBOjKI-Xv96viLqA?sId=150b436509cdf86555f8f78510032182
2025-05-28,卡繆,異鄉人,179,3039571384641,https://cdn.kobo.com/book-images/81e2cbee-7fb1-445c-8a9a-54f11683b376/353/569/90/False/wUn6RJK3RjCYH8YflJqYFw.jpg,https://www.kobo.com/tw/zh/ebook/wUn6RJK3RjCYH8YflJqYFw?sId=150b436509cdf86555f8f78510032182
2025-05-28,卡繆,反抗者（新版）,210,3150000000392,https://cdn.kobo.com/book-images/0169f08d-1636-4fe9-865e-ac9323facfa7/353/569/90/False/dnhkQv1woTKBLngzg4RbMg.jpg,https://www.kobo.com/tw/zh/ebook/dnhkQv1woTKBLngzg4RbMg?sId=150b436509cdf86555f8f78510032182
2025-05-28,卡繆,卡里古拉【1957年諾貝爾文學獎得主描摹荒謬的經典代表作,166,9786267118108,https://cdn.kobo.com/book-images/228a6362-9e74-450c-806f-26d0291b0115/353/569/90/False/bUv8_ShWSDyzoufG54r66g.jpg,https://www.kobo.com/tw/zh/ebook/bUv8_ShWSDyzoufG54r66g?sId=150b436509cdf86555f8f78510032182
2025-05-28,卡繆,鼠疫（卡繆經典暢銷作․中文版有聲書首度上市）,300,9789863449270,https://cdn.kobo.com/book-images/ba766fe2-65df-4d69-83bc-798bf2340c10/353/569/90/False/AMe0qKS-yzinEfp_ItutUg.jpg,https://www.kobo.com/tw/zh/audiobook/AMe0qKS-yzinEfp_ItutUg?sId=150b436509cdf86555f8f78510032182
2025-05-28,卡繆,異鄉人：最值得珍藏的名家譯本,224,3119864778287,https://cdn.kobo.com/book-images/59186bf1-d059-4aeb-afcb-36b164712ef7/353/569/90/False/XRU3eRrUUD6pvlI4liPZbg.jpg,https://www.kobo.com/tw/zh/ebook/XRU3eRrUUD6pvlI4liPZbg?sId=150b436509cdf86555f8f78510032182
2025-05-28,卡繆,薛西弗斯的神話：點燃希望的哲學頌歌，法國七星文庫權威譯本【傅雷翻譯獎典藏版】,226,9786267596456,https://cdn.kobo.com/book-images/6ccfbf88-73ae-4691-b256-38387994ae56/353/569/90/False/7fFjSyTP9zKPTx3GcPFpfw.jpg,https://www.kobo.com/tw/zh/ebook/7fFjSyTP9zKPTx3GcPFpfw?sId=150b436509cdf86555f8f78510032182
2025-05-28,卡繆,第一人：《異鄉人》存在主義大師的最後遺作！沒讀過《第一人》，就無法了解真正的卡繆！,360,7435000003050,https://cdn.kobo.com/book-images/1000dae4-0e54-4613-994a-2ca68f225aaf/353/569/90/False/mBrCwjCDbT-OmxW_MxQCPg.jpg,https://www.kobo.com/tw/zh/audiobook/mBrCwjCDbT-OmxW_MxQCPg?sId=150b436509cdf86555f8f78510032182
2025-05-28,卡繆,墮落,182,9789861787558,https://cdn.kobo.com/book-images/023f55c5-13cf-4e65-aaa2-e1d0eebea177/353/569/90/False/ie-dvcJKuTWxECoQpt7ptg.jpg,https://www.kobo.com/tw/zh/ebook/ie-dvcJKuTWxECoQpt7ptg?sId=150b436509cdf86555f8f78510032182
2025-05-28,卡繆,放逐與王國：卡繆短篇小說,260,9789865482541,https://cdn.kobo.com/book-images/033f901a-cea5-456e-9a5c-534f67c7dd33/353/569/90/False/SmaLhyIaRTOPTVVkw9jskg.jpg,https://www.kobo.com/tw/zh/ebook/SmaLhyIaRTOPTVVkw9jskg?sId=f5fd5760fa2594c0423236202ca9628d
2025-05-28,卡繆,異鄉人,170,6849862272770,https://cdn.kobo.com/book-images/2f2b24f2-6a61-4ae2-a409-29c8eb0bc992/353/569/90/False/GYi3emouATurt5CEXNGY7A.jpg,https://www.kobo.com/tw/zh/ebook/GYi3emouATurt5CEXNGY7A?sId=f5fd5760fa2594c0423236202ca9628d
2025-05-28,卡繆,瘟疫（名家經典新譯）,228,9789865482473,https://cdn.kobo.com/book-images/edbaf1b0-60cf-4781-90e1-dcb3d6358348/353/569/90/False/XSi3S6nkVz2SFyXwXYLq1g.jpg,https://www.kobo.com/tw/zh/ebook/XSi3S6nkVz2SFyXwXYLq1g?sId=f5fd5760fa2594c0423236202ca9628d
2025-05-28,卡繆,放逐與王國,210,9789863874133,https://cdn.kobo.com/book-images/5f1ba02d-68c9-4aa5-85ab-824c904439e9/353/569/90/False/RVGALpaZsjaTbCo1SdZXqw.jpg,https://www.kobo.com/tw/zh/ebook/RVGALpaZsjaTbCo1SdZXqw?sId=f5fd5760fa2594c0423236202ca9628d
2025-05-28,卡繆,異鄉人：荒謬三部曲，首部,210,7384000000024,https://cdn.kobo.com/book-images/12dc1249-e584-452a-a159-54be7be82c4d/353/569/90/False/MDkYBsM0cTm5Kq9j-44S0A.jpg,https://www.kobo.com/tw/zh/audiobook/MDkYBsM0cTm5Kq9j-44S0A?sId=f5fd5760fa2594c0423236202ca9628d
2025-05-28,簡媜,吃朋友,245,7390866631382,https://cdn.kobo.com/book-images/03cd221a-bef1-420d-96fa-a1ff5f2ec5f8/353/569/90/False/5xrS1tW6YT6YFfX6xajasQ.jpg,https://www.kobo.com/tw/zh/ebook/5xrS1tW6YT6YFfX6xajasQ?sId=58d06b6003bd64383d3d060a9e07043d
2025-05-28,簡媜,我為你灑下月光,336,7390863872337,https://cdn.kobo.com/book-images/8d8c685d-f3c5-4e43-a07c-4a7a91f5ad22/353/569/90/False/RBqeU8INXTCG7D8npjR0bw.jpg,https://www.kobo.com/tw/zh/ebook/RBqeU8INXTCG7D8npjR0bw?sId=58d06b6003bd64383d3d060a9e07043d
2025-05-28,簡媜,十種寂寞,252,7390863873877,https://cdn.kobo.com/book-images/137d5050-a414-4644-a453-8236a3c7338c/353/569/90/False/SS3f6q_OmzG6ixjEoQQSBw.jpg,https://www.kobo.com/tw/zh/ebook/SS3f6q_OmzG6ixjEoQQSBw?sId=58d06b6003bd64383d3d060a9e07043d
2025-05-28,簡媜,女兒紅,196,9789863874096,https://cdn.kobo.com/book-images/73163054-0990-4413-b92d-a3d20f20ebaa/353/569/90/False/DBqadeV-gT-bmmVuqDItJg.jpg,https://www.kobo.com/tw/zh/ebook/DBqadeV-gT-bmmVuqDItJg?sId=58d06b6003bd64383d3d060a9e07043d
2025-05-28,簡媜,誰在銀閃閃的地方，等你（增訂版）,392,9789863876021,https://cdn.kobo.com/book-images/18d8f7d3-ad8d-4473-b1b7-aba2ada08383/353/569/90/False/tyYjDkeqiza61CrkeCJu7w.jpg,https://www.kobo.com/tw/zh/ebook/tyYjDkeqiza61CrkeCJu7w?sId=58d06b6003bd64383d3d060a9e07043d
2025-05-28,簡媜,夢遊書,196,9789863874546,https://cdn.kobo.com/book-images/df1c79f2-8ad2-4ed8-9f37-293c81359dd8/353/569/90/False/p_nX7y-6_D6gGQiQ7O__sw.jpg,https://www.kobo.com/tw/zh/ebook/p_nX7y-6_D6gGQiQ7O__sw?sId=58d06b6003bd64383d3d060a9e07043d
2025-05-28,簡媜,老師的十二樣見面禮,224,7390866873232,https://cdn.kobo.com/book-images/912cffcc-12b7-4881-820d-605be5c0f456/353/569/90/False/Opeot0Gw9zeKOcdaOXIiCg.jpg,https://www.kobo.com/tw/zh/ebook/Opeot0Gw9zeKOcdaOXIiCg?sId=58d06b6003bd64383d3d060a9e07043d
2025-05-28,簡媜,胭脂盆地,196,9789863874553,https://cdn.kobo.com/book-images/0ce65bd8-31e7-48ec-b6c2-f3b4da8f4cb7/353/569/90/False/_jcUd4QT3T6w0ZguwcDvlg.jpg,https://www.kobo.com/tw/zh/ebook/_jcUd4QT3T6w0ZguwcDvlg?sId=58d06b6003bd64383d3d060a9e07043d
2025-05-28,簡媜,紅嬰仔：一個女人和她的育嬰史,252,7390863873068,https://cdn.kobo.com/book-images/4c769dfc-5feb-45bb-bad9-d22ff6fe4425/353/569/90/False/3-XKV53DSzqry1rJm_LJEA.jpg,https://www.kobo.com/tw/zh/ebook/3-XKV53DSzqry1rJm_LJEA?sId=58d06b6003bd64383d3d060a9e07043d
2025-05-28,簡媜,天涯海角──福爾摩沙抒情誌,245,7390863873471,https://cdn.kobo.com/book-images/af00ba7f-99c1-44ae-b3d3-81c4e6e37430/353/569/90/False/y2QggT-GWz28HjuY_ABx1w.jpg,https://www.kobo.com/tw/zh/ebook/y2QggT-GWz28HjuY_ABx1w?sId=58d06b6003bd64383d3d060a9e07043d
2025-05-28,簡媜,與歲月同等心跳,210,9789863877479,https://cdn.kobo.com/book-images/5dc05880-531e-4ce8-9a89-99be05f5d02b/353/569/90/False/1Cgc_XKbQj6NkWrPuaKd2g.jpg,https://www.kobo.com/tw/zh/ebook/1Cgc_XKbQj6NkWrPuaKd2g?sId=58d06b6003bd64383d3d060a9e07043d
2025-05-28,簡媜,下午茶,160,9789863876946,https://cdn.kobo.com/book-images/84781262-e7bd-4d10-a3c7-d19910fafa73/353/569/90/False/5iBW0pa_Wj2IztG5D0yKyw.jpg,https://www.kobo.com/tw/zh/ebook/5iBW0pa_Wj2IztG5D0yKyw?sId=58d06b6003bd64383d3d060a9e07043d
2025-05-28,簡媜,一個人漫遊，古典森林,315,9789863877745,https://cdn.kobo.com/book-images/0c528bc8-18ea-46e3-acf0-f4c80125be95/353/569/90/False/Yyl9S4wUuDu8rltsfwH3UQ.jpg,https://www.kobo.com/tw/zh/ebook/Yyl9S4wUuDu8rltsfwH3UQ?sId=ffd468431593b4b40df292246575f160
2025-05-28,簡媜,好一座浮島,210,9789863875666,https://cdn.kobo.com/book-images/dcfdfd36-7d3d-4201-89ab-681303731c15/353/569/90/False/tR63QOkIkjSZNYP1XN8qJQ.jpg,https://www.kobo.com/tw/zh/ebook/tR63QOkIkjSZNYP1XN8qJQ?sId=ffd468431593b4b40df292246575f160
2025-05-28,簡媜,老師的十二樣見面禮（增訂版）,329,9789863876236,https://cdn.kobo.com/book-images/5ddd0b2a-a9d1-403d-92c3-60f91baba3c6/353/569/90/False/7r6In9z6kTuCg3twvvZA2g.jpg,https://www.kobo.com/tw/zh/ebook/7r6In9z6kTuCg3twvvZA2g?sId=ffd468431593b4b40df292246575f160
2025-05-28,簡媜,舊情復燃,220,9789863876380,https://cdn.kobo.com/book-images/97241a9a-8187-4195-a573-9a921c04b9cc/353/569/90/False/wieReZ4jqT2vpPAPLsLmkA.jpg,https://www.kobo.com/tw/zh/ebook/wieReZ4jqT2vpPAPLsLmkA?sId=ffd468431593b4b40df292246575f160
2025-05-28,簡媜,密密語,280,9789863876953,https://cdn.kobo.com/book-images/76e8fe19-e84d-4b62-9707-03393a023486/353/569/90/False/mMg1YwJL9TemPTAVwHZbvw.jpg,https://www.kobo.com/tw/zh/ebook/mMg1YwJL9TemPTAVwHZbvw?sId=ffd468431593b4b40df292246575f160
2025-05-28,簡媜,陪我散步吧(增訂版),322,9789863878230,https://cdn.kobo.com/book-images/cbf936fb-e579-4f5e-889b-2d092f39c84e/353/569/90/False/5BeIP1SRfTC97-lqaxlVkQ.jpg,https://www.kobo.com/tw/zh/ebook/5BeIP1SRfTC97-lqaxlVkQ?sId=ffd468431593b4b40df292246575f160
2025-05-28,簡媜,旅人之歌——神遊山水詩,210,9789863877516,https://cdn.kobo.com/book-images/ba7b0973-6125-415b-91a8-f4910ba8f09b/353/569/90/False/BEgyL0ETLzSJLhvVE5yKmQ.jpg,https://www.kobo.com/tw/zh/ebook/BEgyL0ETLzSJLhvVE5yKmQ?sId=ffd468431593b4b40df292246575f160
2025-05-28,簡媜,微暈的樹林,210,9789863875857,https://cdn.kobo.com/book-images/df67a2d3-dab3-4ea6-bdd2-0f0e2b62a151/353/569/90/False/lRjcIazDljKdQZof57Hd9A.jpg,https://www.kobo.com/tw/zh/ebook/lRjcIazDljKdQZof57Hd9A?sId=ffd468431593b4b40df292246575f160
2025-05-28,簡媜,月娘照眠牀,220,9789863875314,https://cdn.kobo.com/book-images/1dc984df-000f-4cfb-86bf-d71ead052b02/353/569/90/False/yifYBw_kEz-sjWx9O6wmTg.jpg,https://www.kobo.com/tw/zh/ebook/yifYBw_kEz-sjWx9O6wmTg?sId=ffd468431593b4b40df292246575f160
2025-05-28,簡媜,只緣身在此山中,224,9789863874911,https://cdn.kobo.com/book-images/a21ea0b7-2449-4d16-b4db-1aa18c1993f3/353/569/90/False/JR_gAXmObD6EROWQrNPmjw.jpg,https://www.kobo.com/tw/zh/ebook/JR_gAXmObD6EROWQrNPmjw?sId=ffd468431593b4b40df292246575f160
2025-05-28,赫曼．赫塞,德米安：徬徨少年時 (告別徬徨，堅定地做你自己。全新無刪減完整譯本，慕尼黑大學圖書館愛藏版),245,3069869881963,https://cdn.kobo.com/book-images/a809baf5-4e7d-43c9-96e5-7d69fa248b50/353/569/90/False/6fn5ArUqVjSw56cshygW_Q.jpg,https://www.kobo.com/tw/zh/ebook/6fn5ArUqVjSw56cshygW_Q?sId=121c1d637eebbfec5c56791b39586329
2025-05-28,赫曼．赫塞,流浪者之歌／悉達多,214,9786267095010,https://cdn.kobo.com/book-images/3f321736-62ab-46cb-ae65-dabe29f7eea4/353/569/90/False/BZkTJbpWnTWsH4_ozeT9vA.jpg,https://www.kobo.com/tw/zh/ebook/BZkTJbpWnTWsH4_ozeT9vA?sId=121c1d637eebbfec5c56791b39586329
2025-05-28,赫曼．赫塞,徬徨少年時（德文直譯本）,196,3090000030292,https://cdn.kobo.com/book-images/0eb8b492-c683-4d13-8a2e-40fd1872ced9/353/569/90/False/p9r2phjlUzO8q-gEc3Ysmg.jpg,https://www.kobo.com/tw/zh/ebook/p9r2phjlUzO8q-gEc3Ysmg?sId=121c1d637eebbfec5c56791b39586329
2025-05-28,赫曼．赫塞,悉達多【獨家收錄保羅．科爾賀專文導讀、林懷民繆思分享】：一首印度的詩（流浪者之歌）,196,9789864895397,https://cdn.kobo.com/book-images/827cfb45-6d4c-43cb-866a-eb45ca8c20c7/353/569/90/False/8X4BYN4ZszavG3vs7B0Jdg.jpg,https://www.kobo.com/tw/zh/ebook/8X4BYN4ZszavG3vs7B0Jdg?sId=121c1d637eebbfec5c56791b39586329
2025-05-28,赫曼．赫塞,荒野之狼,315,9786263966987,https://cdn.kobo.com/book-images/3bb495e7-b3a7-490f-be56-c4e3d0755850/353/569/90/False/8qvh-uvBNjeQ5sV5LtVHdw.jpg,https://www.kobo.com/tw/zh/ebook/8qvh-uvBNjeQ5sV5LtVHdw?sId=121c1d637eebbfec5c56791b39586329
2025-05-28,赫曼．赫塞,流浪者之歌（首度德文直譯本）,210,3090000000515,https://cdn.kobo.com/book-images/f601d38b-894e-436d-852c-e48f41d06a75/353/569/90/False/uWrynH7_LjCJaQT5rWrZjg.jpg,https://www.kobo.com/tw/zh/ebook/uWrynH7_LjCJaQT5rWrZjg?sId=121c1d637eebbfec5c56791b39586329
2025-05-28,赫曼．赫塞,荒野之狼（首度德文直譯本）,245,3090000005737,https://cdn.kobo.com/book-images/449cd682-c515-465f-b6f3-c5b59e8310e3/353/569/90/False/VFQPtyjUrTGJSlcoqoICxg.jpg,https://www.kobo.com/tw/zh/ebook/VFQPtyjUrTGJSlcoqoICxg?sId=121c1d637eebbfec5c56791b39586329
2025-05-28,赫曼．赫塞,車輪下（首度德文直譯本）,210,3090000000590,https://cdn.kobo.com/book-images/40dde703-286a-487c-acca-3d0e177e4d0a/353/569/90/False/iRXS-e-7fzumzrZdY8d_8Q.jpg,https://www.kobo.com/tw/zh/ebook/iRXS-e-7fzumzrZdY8d_8Q?sId=121c1d637eebbfec5c56791b39586329
2025-05-28,赫曼．赫塞,生命之歌,210,3090000000496,https://cdn.kobo.com/book-images/cab95401-af95-4f91-9d80-41eee92dade2/353/569/90/False/kfbDCDZ4SD6jxk-LU1ireg.jpg,https://www.kobo.com/tw/zh/ebook/kfbDCDZ4SD6jxk-LU1ireg?sId=121c1d637eebbfec5c56791b39586329
2025-05-28,赫曼．赫塞,赫曼赫塞童話故事集,250,3119864773930,https://cdn.kobo.com/book-images/5f4ae374-cda4-4a0c-a27f-58f4eb5939e0/353/569/90/False/fUpsq8DF8Tq5Lguv3pHWuQ.jpg,https://www.kobo.com/tw/zh/ebook/fUpsq8DF8Tq5Lguv3pHWuQ?sId=121c1d637eebbfec5c56791b39586329
2025-05-28,赫曼．赫塞,悉達多：一首印度的詩（流浪者之歌）,210,7384000000026,https://cdn.kobo.com/book-images/2ebd8c79-acb7-430a-abd8-3998815f26dd/353/569/90/False/5P5w8osOvzauH183YElyCw.jpg,https://www.kobo.com/tw/zh/audiobook/5P5w8osOvzauH183YElyCw?sId=121c1d637eebbfec5c56791b39586329
2025-05-28,赫曼．赫塞,鄉愁（德文直譯本）,196,3090000006527,https://cdn.kobo.com/book-images/567c8c31-ebf2-4ffb-a5b1-7e294bb27479/353/569/90/False/By8ilup3JjmH2kf5ty2N8g.jpg,https://www.kobo.com/tw/zh/ebook/By8ilup3JjmH2kf5ty2N8g?sId=121c1d637eebbfec5c56791b39586329
2025-05-28,赫曼．赫塞,德米安：埃米爾．辛克萊年少時的故事（徬徨少年時）,210,7384000000027,https://cdn.kobo.com/book-images/e921900f-2bfe-42d8-8547-198c1b3b42b1/353/569/90/False/pO0YjhmJajyGRrdkzlKsnA.jpg,https://www.kobo.com/tw/zh/audiobook/pO0YjhmJajyGRrdkzlKsnA?sId=166bd6b796166438a4ef2eb116b3ee9e
2025-05-28,赫曼．赫塞,德米安【獨家收錄詹姆斯・法蘭科專文導讀】：埃米爾．辛克萊年少時的故事（徬徨少年時）,210,9789864895403,https://cdn.kobo.com/book-images/ae0cd56f-8ec4-4e2d-bc97-29ea34073182/353/569/90/False/ib-jIoEV2Dqm0I1tAc6TWQ.jpg,https://www.kobo.com/tw/zh/ebook/ib-jIoEV2Dqm0I1tAc6TWQ?sId=166bd6b796166438a4ef2eb116b3ee9e
2025-05-28,赫曼．赫塞,德米安：彷徨少年時,228,7289867101822,https://cdn.kobo.com/book-images/897fa0c7-1c7f-4005-9de8-784febd6e287/353/569/90/False/ZNYK-tlfkD-IZy3hlnFJAw.jpg,https://www.kobo.com/tw/zh/ebook/ZNYK-tlfkD-IZy3hlnFJAw?sId=166bd6b796166438a4ef2eb116b3ee9e
2025-05-28,赫曼．赫塞,荒野之狼（德文新譯本）,294,3119864771400,https://cdn.kobo.com/book-images/c81844a1-3034-4867-a324-b6f0bd00c252/353/569/90/False/6g6wxeuiYjuWU71oa_5Mzg.jpg,https://www.kobo.com/tw/zh/ebook/6g6wxeuiYjuWU71oa_5Mzg?sId=166bd6b796166438a4ef2eb116b3ee9e
2025-05-28,赫曼．赫塞,流浪者之歌,245,9786263744417,https://cdn.kobo.com/book-images/dbaffb64-2df7-46df-9836-4b43eb375d74/353/569/90/False/SSmAUWRnWD-200t2EoH_qQ.jpg,https://www.kobo.com/tw/zh/ebook/SSmAUWRnWD-200t2EoH_qQ?sId=166bd6b796166438a4ef2eb116b3ee9e
2025-05-28,赫曼．赫塞,徬徨少年時,175,3090000000352,https://cdn.kobo.com/book-images/b98f888a-ae90-4674-8796-0c691b798c30/353/569/90/False/3cIVTFd3fz6t9pp0NaJsyA.jpg,https://www.kobo.com/tw/zh/ebook/3cIVTFd3fz6t9pp0NaJsyA?sId=166bd6b796166438a4ef2eb116b3ee9e
2025-05-28,赫曼．赫塞,在書中發現自己的靈魂：慢讀赫塞,250,3128000000104,https://cdn.kobo.com/book-images/5139dd71-3f40-4bbf-aaa6-752447892743/353/569/90/False/mj-jE6bxOTazX9ad0uwE7g.jpg,https://www.kobo.com/tw/zh/ebook/mj-jE6bxOTazX9ad0uwE7g?sId=166bd6b796166438a4ef2eb116b3ee9e
2025-05-28,赫曼．赫塞,園圃之歌：諾貝爾文學獎大師赫曼．赫塞的自然哲思與手繪詩畫,266,9786269638079,https://cdn.kobo.com/book-images/f7453d28-8edd-4d0b-87ae-3f947835f381/353/569/90/False/jHi5IlslGTmTLqpPkwxScQ.jpg,https://www.kobo.com/tw/zh/ebook/jHi5IlslGTmTLqpPkwxScQ?sId=166bd6b796166438a4ef2eb116b3ee9e
2025-05-28,赫曼．赫塞,流浪者之歌【感動解讀版】,400,9786269936137,https://cdn.kobo.com/book-images/921c4663-8c49-4f8f-a61f-e24755dbae11/353/569/90/False/JNfPTDEjDz-tAMfp3Egokg.jpg,https://www.kobo.com/tw/zh/ebook/JNfPTDEjDz-tAMfp3Egokg?sId=166bd6b796166438a4ef2eb116b3ee9e
2025-05-28,赫曼．赫塞,中學生好享讀：諾貝爾大師短篇小說選,225,6709863201113,https://cdn.kobo.com/book-images/f48eb899-1243-4d56-a687-e9d45c5de9ef/353/569/90/False/pnJCPVTatTGHkaHGe4iYMw.jpg,https://www.kobo.com/tw/zh/ebook/pnJCPVTatTGHkaHGe4iYMw?sId=166bd6b796166438a4ef2eb116b3ee9e
2025-05-28,赫曼．赫塞,悠遊之歌（三版）,175,9789864023936,https://cdn.kobo.com/book-images/e52679bc-171d-45f8-bf8a-8a159a9891ed/353/569/90/False/UHZLCrSJATqst2fZDCkzBA.jpg,https://www.kobo.com/tw/zh/ebook/UHZLCrSJATqst2fZDCkzBA?sId=166bd6b796166438a4ef2eb116b3ee9e
2025-05-29,卡繆,薛西弗斯的神話：點燃希望的哲學頌歌，法國七星文庫權威譯本【傅雷翻譯獎典藏版】,226,9786267596456,https://cdn.kobo.com/book-images/6ccfbf88-73ae-4691-b256-38387994ae56/353/569/90/False/7fFjSyTP9zKPTx3GcPFpfw.jpg,https://www.kobo.com/tw/zh/ebook/7fFjSyTP9zKPTx3GcPFpfw?sId=8d2b310bf48c8731989c819526af94b7
2025-05-29,卡繆,薛西弗斯的神話,166,3150000000396,https://cdn.kobo.com/book-images/71d8cd60-c407-4367-bced-a36718fcf86f/353/569/90/False/t0r8j-Ym4jee3YDu96AA1w.jpg,https://www.kobo.com/tw/zh/ebook/t0r8j-Ym4jee3YDu96AA1w?sId=8d2b310bf48c8731989c819526af94b7
2025-05-29,卡繆,異鄉人（卡繆版書衣）,154,3119861735450,https://cdn.kobo.com/book-images/24099253-90bc-4d80-8825-f6300e8b806f/353/569/90/False/gb2hSkF1KDGjqz18oam2aA.jpg,https://www.kobo.com/tw/zh/ebook/gb2hSkF1KDGjqz18oam2aA?sId=8d2b310bf48c8731989c819526af94b7
2025-05-29,卡繆,瘟疫,210,9789861785516,https://cdn.kobo.com/book-images/8d4f032e-dd57-4b50-a7d8-07f8e494bce5/353/569/90/False/sQ5ce_0gtz-yiFpE7SxWag.jpg,https://www.kobo.com/tw/zh/ebook/sQ5ce_0gtz-yiFpE7SxWag?sId=8d2b310bf48c8731989c819526af94b7
2025-05-29,卡繆,異鄉人（2020全新名家譯本，再現卡繆字句推敲的原義）,138,3150000000617,https://cdn.kobo.com/book-images/883f0dcf-e5f7-4dfe-b300-8d725a8da70d/353/569/90/False/0GQk9bH6VzyLV0Q9Faysow.jpg,https://www.kobo.com/tw/zh/ebook/0GQk9bH6VzyLV0Q9Faysow?sId=8d2b310bf48c8731989c819526af94b7
2025-05-29,卡繆,異鄉人（卡繆經典暢銷作․中文版有聲書首度上市）,220,9789863449263,https://cdn.kobo.com/book-images/a910e55d-8df0-43d3-8ef2-df7dc21d51ba/353/569/90/False/t1OO6Q03qjuX0wfMsaUVPg.jpg,https://www.kobo.com/tw/zh/audiobook/t1OO6Q03qjuX0wfMsaUVPg?sId=8d2b310bf48c8731989c819526af94b7
2025-05-29,卡繆,快樂的死,175,3120000000639,https://cdn.kobo.com/book-images/57e8ecec-6b0d-4586-882a-1f7699f9b494/353/569/90/False/gnS7T3tgLTS1t3eLSRBEeA.jpg,https://www.kobo.com/tw/zh/ebook/gnS7T3tgLTS1t3eLSRBEeA?sId=8d2b310bf48c8731989c819526af94b7
2025-05-29,卡繆,鼠疫,210,3119861737522,https://cdn.kobo.com/book-images/56a09ae8-dac7-4eb0-9dde-b427a5a1aacb/353/569/90/False/tGTtah0cyzKVQIXzpZ7NTQ.jpg,https://www.kobo.com/tw/zh/ebook/tGTtah0cyzKVQIXzpZ7NTQ?sId=8d2b310bf48c8731989c819526af94b7
2025-05-29,卡繆,卡繆荒謬與反抗系列作品全集套書：荒謬系列四部曲《異鄉人》《薛西弗斯的神話》《卡里古拉》《誤會》＋反抗系列三部曲《瘟疫》《反抗者》《正義者》【全新法文名家直譯，首次完整出版，親炙完整的卡繆荒謬哲學】,1200,3150000000694,https://cdn.kobo.com/book-images/76f16f12-492e-4435-b792-e97bba1721d5/353/569/90/False/Kx45Q5lYKTqv_nEYbdwV2A.jpg,https://www.kobo.com/tw/zh/ebook/Kx45Q5lYKTqv_nEYbdwV2A?sId=8d2b310bf48c8731989c819526af94b7
2025-05-29,卡繆,卡繆荒謬系列四部曲套書：《異鄉人》＋《薛西弗斯的神話》＋《卡里古拉》＋《誤會》【全新法文名家直譯，首次完整出版，親炙完整的卡繆荒謬哲學】,625,3150000000693,https://cdn.kobo.com/book-images/462128f0-194c-4f37-91e4-c9cdfbe0d7b2/353/569/90/False/iBMVIqmTtjmYjH2oJl_r8A.jpg,https://www.kobo.com/tw/zh/ebook/iBMVIqmTtjmYjH2oJl_r8A?sId=8d2b310bf48c8731989c819526af94b7
2025-05-29,卡繆,卡繆反抗三部曲套書：《瘟疫》＋《反抗者》＋《正義者》【全新法文名家直譯，首次完整出版，親炙完整的卡繆反抗思想】,575,3150000000687,https://cdn.kobo.com/book-images/9f980967-d3c1-4ac0-9f8c-f8e0ccbbcc60/353/569/90/False/B1m2jKOONjKjTMVkT5k1NQ.jpg,https://www.kobo.com/tw/zh/ebook/B1m2jKOONjKjTMVkT5k1NQ?sId=8d2b310bf48c8731989c819526af94b7
2025-05-29,卡繆,正義者（首次出版，法文直譯名家譯本，卡繆展現對正義與反抗的考驗）,155,9789860777161,https://cdn.kobo.com/book-images/9291fc65-996d-4a27-83f4-a141c345d8cb/353/569/90/False/QQT3HgwFsT2xefv4IRMF9w.jpg,https://www.kobo.com/tw/zh/ebook/QQT3HgwFsT2xefv4IRMF9w?sId=8d2b310bf48c8731989c819526af94b7
2025-05-29,卡繆,誤會【1957年諾貝爾文學獎得主面對自我放逐之旅的核心之作】,155,9786267118139,https://cdn.kobo.com/book-images/f35af051-fd52-4e22-a2df-d19abd3abf6e/353/569/90/False/XznH9zQdijG-RQoi9MTYng.jpg,https://www.kobo.com/tw/zh/ebook/XznH9zQdijG-RQoi9MTYng?sId=6d7f7c97383e0ac8563828a204d34b0b
2025-05-29,卡繆,鼠疫【全新名家譯本】（特別收錄哲學解析〈一部存在主義小說的後現代閱讀〉）,266,9789864895434,https://cdn.kobo.com/book-images/f4d068a2-498d-4817-97dd-d7492dc32b10/353/569/90/False/K9cd87y5oDGaSXDvYBOiAg.jpg,https://www.kobo.com/tw/zh/ebook/K9cd87y5oDGaSXDvYBOiAg?sId=6d7f7c97383e0ac8563828a204d34b0b
2025-05-29,卡繆,異鄉人【獨家收錄沙特評論・2022全新名家譯本】,196,9789864896073,https://cdn.kobo.com/book-images/a71e071c-2ddd-47b0-ba0d-0ad67a3261c3/353/569/90/False/VQ2InesBOjKI-Xv96viLqA.jpg,https://www.kobo.com/tw/zh/ebook/VQ2InesBOjKI-Xv96viLqA?sId=6d7f7c97383e0ac8563828a204d34b0b
2025-05-29,卡繆,瘟疫（2021最新名家譯本，卡繆對疫情下被禁錮人心的鼓舞）,210,9789860777192,https://cdn.kobo.com/book-images/9618975f-d9f0-47af-bd43-571387f8a06a/353/569/90/False/wJ6ORaWSDj60GIzsDTf9Zg.jpg,https://www.kobo.com/tw/zh/ebook/wJ6ORaWSDj60GIzsDTf9Zg?sId=6d7f7c97383e0ac8563828a204d34b0b
2025-05-29,卡繆,異鄉人,179,3039571384641,https://cdn.kobo.com/book-images/81e2cbee-7fb1-445c-8a9a-54f11683b376/353/569/90/False/wUn6RJK3RjCYH8YflJqYFw.jpg,https://www.kobo.com/tw/zh/ebook/wUn6RJK3RjCYH8YflJqYFw?sId=6d7f7c97383e0ac8563828a204d34b0b
2025-05-29,卡繆,反抗者（新版）,210,3150000000392,https://cdn.kobo.com/book-images/0169f08d-1636-4fe9-865e-ac9323facfa7/353/569/90/False/dnhkQv1woTKBLngzg4RbMg.jpg,https://www.kobo.com/tw/zh/ebook/dnhkQv1woTKBLngzg4RbMg?sId=6d7f7c97383e0ac8563828a204d34b0b
2025-05-29,卡繆,薛西弗斯的神話：卡繆的荒謬哲學,230,3120000000285,https://cdn.kobo.com/book-images/8cfb868b-d1ce-428f-9dc1-8a7b0724f790/353/569/90/False/dz7TJXld6DK-tFChkyuNug.jpg,https://www.kobo.com/tw/zh/ebook/dz7TJXld6DK-tFChkyuNug?sId=6d7f7c97383e0ac8563828a204d34b0b
2025-05-29,卡繆,卡里古拉【1957年諾貝爾文學獎得主描摹荒謬的經典代表作,166,9786267118108,https://cdn.kobo.com/book-images/228a6362-9e74-450c-806f-26d0291b0115/353/569/90/False/bUv8_ShWSDyzoufG54r66g.jpg,https://www.kobo.com/tw/zh/ebook/bUv8_ShWSDyzoufG54r66g?sId=6d7f7c97383e0ac8563828a204d34b0b
2025-05-29,卡繆,鼠疫（卡繆經典暢銷作․中文版有聲書首度上市）,300,9789863449270,https://cdn.kobo.com/book-images/ba766fe2-65df-4d69-83bc-798bf2340c10/353/569/90/False/AMe0qKS-yzinEfp_ItutUg.jpg,https://www.kobo.com/tw/zh/audiobook/AMe0qKS-yzinEfp_ItutUg?sId=6d7f7c97383e0ac8563828a204d34b0b
2025-05-29,卡繆,異鄉人：最值得珍藏的名家譯本,224,3119864778287,https://cdn.kobo.com/book-images/59186bf1-d059-4aeb-afcb-36b164712ef7/353/569/90/False/XRU3eRrUUD6pvlI4liPZbg.jpg,https://www.kobo.com/tw/zh/ebook/XRU3eRrUUD6pvlI4liPZbg?sId=6d7f7c97383e0ac8563828a204d34b0b
2025-05-29,卡繆,第一人：《異鄉人》存在主義大師的最後遺作！沒讀過《第一人》，就無法了解真正的卡繆！,360,7435000003050,https://cdn.kobo.com/book-images/1000dae4-0e54-4613-994a-2ca68f225aaf/353/569/90/False/mBrCwjCDbT-OmxW_MxQCPg.jpg,https://www.kobo.com/tw/zh/audiobook/mBrCwjCDbT-OmxW_MxQCPg?sId=6d7f7c97383e0ac8563828a204d34b0b
2025-05-29,卡繆,墮落,182,9789861787558,https://cdn.kobo.com/book-images/023f55c5-13cf-4e65-aaa2-e1d0eebea177/353/569/90/False/ie-dvcJKuTWxECoQpt7ptg.jpg,https://www.kobo.com/tw/zh/ebook/ie-dvcJKuTWxECoQpt7ptg?sId=6d7f7c97383e0ac8563828a204d34b0b
2025-05-29,卡繆,放逐與王國：卡繆短篇小說,260,9789865482541,https://cdn.kobo.com/book-images/033f901a-cea5-456e-9a5c-534f67c7dd33/353/569/90/False/SmaLhyIaRTOPTVVkw9jskg.jpg,https://www.kobo.com/tw/zh/ebook/SmaLhyIaRTOPTVVkw9jskg?sId=b6a1e74eeea584244c1327d7842b6f63
2025-05-29,卡繆,異鄉人,170,6849862272770,https://cdn.kobo.com/book-images/2f2b24f2-6a61-4ae2-a409-29c8eb0bc992/353/569/90/False/GYi3emouATurt5CEXNGY7A.jpg,https://www.kobo.com/tw/zh/ebook/GYi3emouATurt5CEXNGY7A?sId=b6a1e74eeea584244c1327d7842b6f63
2025-05-29,卡繆,瘟疫（名家經典新譯）,228,9789865482473,https://cdn.kobo.com/book-images/edbaf1b0-60cf-4781-90e1-dcb3d6358348/353/569/90/False/XSi3S6nkVz2SFyXwXYLq1g.jpg,https://www.kobo.com/tw/zh/ebook/XSi3S6nkVz2SFyXwXYLq1g?sId=b6a1e74eeea584244c1327d7842b6f63
2025-05-29,卡繆,放逐與王國,210,9789863874133,https://cdn.kobo.com/book-images/5f1ba02d-68c9-4aa5-85ab-824c904439e9/353/569/90/False/RVGALpaZsjaTbCo1SdZXqw.jpg,https://www.kobo.com/tw/zh/ebook/RVGALpaZsjaTbCo1SdZXqw?sId=b6a1e74eeea584244c1327d7842b6f63
2025-05-29,卡繆,異鄉人：荒謬三部曲，首部,210,7384000000024,https://cdn.kobo.com/book-images/12dc1249-e584-452a-a159-54be7be82c4d/353/569/90/False/MDkYBsM0cTm5Kq9j-44S0A.jpg,https://www.kobo.com/tw/zh/audiobook/MDkYBsM0cTm5Kq9j-44S0A?sId=b6a1e74eeea584244c1327d7842b6f63
2025-05-29,簡媜,吃朋友,245,7390866631382,https://cdn.kobo.com/book-images/03cd221a-bef1-420d-96fa-a1ff5f2ec5f8/353/569/90/False/5xrS1tW6YT6YFfX6xajasQ.jpg,https://www.kobo.com/tw/zh/ebook/5xrS1tW6YT6YFfX6xajasQ?sId=00708fd1bc5864b06fd085217cc6c892
2025-05-29,簡媜,我為你灑下月光,336,7390863872337,https://cdn.kobo.com/book-images/8d8c685d-f3c5-4e43-a07c-4a7a91f5ad22/353/569/90/False/RBqeU8INXTCG7D8npjR0bw.jpg,https://www.kobo.com/tw/zh/ebook/RBqeU8INXTCG7D8npjR0bw?sId=00708fd1bc5864b06fd085217cc6c892
2025-05-29,簡媜,十種寂寞,252,7390863873877,https://cdn.kobo.com/book-images/137d5050-a414-4644-a453-8236a3c7338c/353/569/90/False/SS3f6q_OmzG6ixjEoQQSBw.jpg,https://www.kobo.com/tw/zh/ebook/SS3f6q_OmzG6ixjEoQQSBw?sId=00708fd1bc5864b06fd085217cc6c892
2025-05-29,簡媜,女兒紅,196,9789863874096,https://cdn.kobo.com/book-images/73163054-0990-4413-b92d-a3d20f20ebaa/353/569/90/False/DBqadeV-gT-bmmVuqDItJg.jpg,https://www.kobo.com/tw/zh/ebook/DBqadeV-gT-bmmVuqDItJg?sId=00708fd1bc5864b06fd085217cc6c892
2025-05-29,簡媜,誰在銀閃閃的地方，等你（增訂版）,392,9789863876021,https://cdn.kobo.com/book-images/18d8f7d3-ad8d-4473-b1b7-aba2ada08383/353/569/90/False/tyYjDkeqiza61CrkeCJu7w.jpg,https://www.kobo.com/tw/zh/ebook/tyYjDkeqiza61CrkeCJu7w?sId=00708fd1bc5864b06fd085217cc6c892
2025-05-29,簡媜,夢遊書,196,9789863874546,https://cdn.kobo.com/book-images/df1c79f2-8ad2-4ed8-9f37-293c81359dd8/353/569/90/False/p_nX7y-6_D6gGQiQ7O__sw.jpg,https://www.kobo.com/tw/zh/ebook/p_nX7y-6_D6gGQiQ7O__sw?sId=00708fd1bc5864b06fd085217cc6c892
2025-05-29,簡媜,老師的十二樣見面禮,224,7390866873232,https://cdn.kobo.com/book-images/912cffcc-12b7-4881-820d-605be5c0f456/353/569/90/False/Opeot0Gw9zeKOcdaOXIiCg.jpg,https://www.kobo.com/tw/zh/ebook/Opeot0Gw9zeKOcdaOXIiCg?sId=00708fd1bc5864b06fd085217cc6c892
2025-05-29,簡媜,胭脂盆地,196,9789863874553,https://cdn.kobo.com/book-images/0ce65bd8-31e7-48ec-b6c2-f3b4da8f4cb7/353/569/90/False/_jcUd4QT3T6w0ZguwcDvlg.jpg,https://www.kobo.com/tw/zh/ebook/_jcUd4QT3T6w0ZguwcDvlg?sId=00708fd1bc5864b06fd085217cc6c892
2025-05-29,簡媜,紅嬰仔：一個女人和她的育嬰史,252,7390863873068,https://cdn.kobo.com/book-images/4c769dfc-5feb-45bb-bad9-d22ff6fe4425/353/569/90/False/3-XKV53DSzqry1rJm_LJEA.jpg,https://www.kobo.com/tw/zh/ebook/3-XKV53DSzqry1rJm_LJEA?sId=00708fd1bc5864b06fd085217cc6c892
2025-05-29,簡媜,天涯海角──福爾摩沙抒情誌,245,7390863873471,https://cdn.kobo.com/book-images/af00ba7f-99c1-44ae-b3d3-81c4e6e37430/353/569/90/False/y2QggT-GWz28HjuY_ABx1w.jpg,https://www.kobo.com/tw/zh/ebook/y2QggT-GWz28HjuY_ABx1w?sId=00708fd1bc5864b06fd085217cc6c892
2025-05-29,簡媜,老師的十二樣見面禮（增訂版）,329,9789863876236,https://cdn.kobo.com/book-images/5ddd0b2a-a9d1-403d-92c3-60f91baba3c6/353/569/90/False/7r6In9z6kTuCg3twvvZA2g.jpg,https://www.kobo.com/tw/zh/ebook/7r6In9z6kTuCg3twvvZA2g?sId=00708fd1bc5864b06fd085217cc6c892
2025-05-29,簡媜,與歲月同等心跳,210,9789863877479,https://cdn.kobo.com/book-images/5dc05880-531e-4ce8-9a89-99be05f5d02b/353/569/90/False/1Cgc_XKbQj6NkWrPuaKd2g.jpg,https://www.kobo.com/tw/zh/ebook/1Cgc_XKbQj6NkWrPuaKd2g?sId=00708fd1bc5864b06fd085217cc6c892
2025-05-29,簡媜,下午茶,160,9789863876946,https://cdn.kobo.com/book-images/84781262-e7bd-4d10-a3c7-d19910fafa73/353/569/90/False/5iBW0pa_Wj2IztG5D0yKyw.jpg,https://www.kobo.com/tw/zh/ebook/5iBW0pa_Wj2IztG5D0yKyw?sId=8582a9d9dea0d188ca51f6ef0cebacc6
2025-05-29,簡媜,一個人漫遊，古典森林,315,9789863877745,https://cdn.kobo.com/book-images/0c528bc8-18ea-46e3-acf0-f4c80125be95/353/569/90/False/Yyl9S4wUuDu8rltsfwH3UQ.jpg,https://www.kobo.com/tw/zh/ebook/Yyl9S4wUuDu8rltsfwH3UQ?sId=8582a9d9dea0d188ca51f6ef0cebacc6
2025-05-29,簡媜,好一座浮島,210,9789863875666,https://cdn.kobo.com/book-images/dcfdfd36-7d3d-4201-89ab-681303731c15/353/569/90/False/tR63QOkIkjSZNYP1XN8qJQ.jpg,https://www.kobo.com/tw/zh/ebook/tR63QOkIkjSZNYP1XN8qJQ?sId=8582a9d9dea0d188ca51f6ef0cebacc6
2025-05-29,簡媜,舊情復燃,220,9789863876380,https://cdn.kobo.com/book-images/97241a9a-8187-4195-a573-9a921c04b9cc/353/569/90/False/wieReZ4jqT2vpPAPLsLmkA.jpg,https://www.kobo.com/tw/zh/ebook/wieReZ4jqT2vpPAPLsLmkA?sId=8582a9d9dea0d188ca51f6ef0cebacc6
2025-05-29,簡媜,密密語,280,9789863876953,https://cdn.kobo.com/book-images/76e8fe19-e84d-4b62-9707-03393a023486/353/569/90/False/mMg1YwJL9TemPTAVwHZbvw.jpg,https://www.kobo.com/tw/zh/ebook/mMg1YwJL9TemPTAVwHZbvw?sId=8582a9d9dea0d188ca51f6ef0cebacc6
2025-05-29,簡媜,陪我散步吧(增訂版),322,9789863878230,https://cdn.kobo.com/book-images/cbf936fb-e579-4f5e-889b-2d092f39c84e/353/569/90/False/5BeIP1SRfTC97-lqaxlVkQ.jpg,https://www.kobo.com/tw/zh/ebook/5BeIP1SRfTC97-lqaxlVkQ?sId=8582a9d9dea0d188ca51f6ef0cebacc6
2025-05-29,簡媜,旅人之歌——神遊山水詩,210,9789863877516,https://cdn.kobo.com/book-images/ba7b0973-6125-415b-91a8-f4910ba8f09b/353/569/90/False/BEgyL0ETLzSJLhvVE5yKmQ.jpg,https://www.kobo.com/tw/zh/ebook/BEgyL0ETLzSJLhvVE5yKmQ?sId=8582a9d9dea0d188ca51f6ef0cebacc6
2025-05-29,簡媜,微暈的樹林,210,9789863875857,https://cdn.kobo.com/book-images/df67a2d3-dab3-4ea6-bdd2-0f0e2b62a151/353/569/90/False/lRjcIazDljKdQZof57Hd9A.jpg,https://www.kobo.com/tw/zh/ebook/lRjcIazDljKdQZof57Hd9A?sId=8582a9d9dea0d188ca51f6ef0cebacc6
2025-05-29,簡媜,月娘照眠牀,220,9789863875314,https://cdn.kobo.com/book-images/1dc984df-000f-4cfb-86bf-d71ead052b02/353/569/90/False/yifYBw_kEz-sjWx9O6wmTg.jpg,https://www.kobo.com/tw/zh/ebook/yifYBw_kEz-sjWx9O6wmTg?sId=8582a9d9dea0d188ca51f6ef0cebacc6
2025-05-29,簡媜,只緣身在此山中,224,9789863874911,https://cdn.kobo.com/book-images/a21ea0b7-2449-4d16-b4db-1aa18c1993f3/353/569/90/False/JR_gAXmObD6EROWQrNPmjw.jpg,https://www.kobo.com/tw/zh/ebook/JR_gAXmObD6EROWQrNPmjw?sId=8582a9d9dea0d188ca51f6ef0cebacc6
2025-05-29,赫曼．赫塞,德米安：徬徨少年時 (告別徬徨，堅定地做你自己。全新無刪減完整譯本，慕尼黑大學圖書館愛藏版),245,3069869881963,https://cdn.kobo.com/book-images/a809baf5-4e7d-43c9-96e5-7d69fa248b50/353/569/90/False/6fn5ArUqVjSw56cshygW_Q.jpg,https://www.kobo.com/tw/zh/ebook/6fn5ArUqVjSw56cshygW_Q?sId=523b0f32085adf9c426b7cfdf3fad373
2025-05-29,赫曼．赫塞,流浪者之歌／悉達多,214,9786267095010,https://cdn.kobo.com/book-images/3f321736-62ab-46cb-ae65-dabe29f7eea4/353/569/90/False/BZkTJbpWnTWsH4_ozeT9vA.jpg,https://www.kobo.com/tw/zh/ebook/BZkTJbpWnTWsH4_ozeT9vA?sId=523b0f32085adf9c426b7cfdf3fad373
2025-05-29,赫曼．赫塞,徬徨少年時（德文直譯本）,196,3090000030292,https://cdn.kobo.com/book-images/0eb8b492-c683-4d13-8a2e-40fd1872ced9/353/569/90/False/p9r2phjlUzO8q-gEc3Ysmg.jpg,https://www.kobo.com/tw/zh/ebook/p9r2phjlUzO8q-gEc3Ysmg?sId=523b0f32085adf9c426b7cfdf3fad373
2025-05-29,赫曼．赫塞,悉達多【獨家收錄保羅．科爾賀專文導讀、林懷民繆思分享】：一首印度的詩（流浪者之歌）,196,9789864895397,https://cdn.kobo.com/book-images/827cfb45-6d4c-43cb-866a-eb45ca8c20c7/353/569/90/False/8X4BYN4ZszavG3vs7B0Jdg.jpg,https://www.kobo.com/tw/zh/ebook/8X4BYN4ZszavG3vs7B0Jdg?sId=523b0f32085adf9c426b7cfdf3fad373
2025-05-29,赫曼．赫塞,流浪者之歌（首度德文直譯本）,210,3090000000515,https://cdn.kobo.com/book-images/f601d38b-894e-436d-852c-e48f41d06a75/353/569/90/False/uWrynH7_LjCJaQT5rWrZjg.jpg,https://www.kobo.com/tw/zh/ebook/uWrynH7_LjCJaQT5rWrZjg?sId=523b0f32085adf9c426b7cfdf3fad373
2025-05-29,赫曼．赫塞,荒野之狼（首度德文直譯本）,245,3090000005737,https://cdn.kobo.com/book-images/449cd682-c515-465f-b6f3-c5b59e8310e3/353/569/90/False/VFQPtyjUrTGJSlcoqoICxg.jpg,https://www.kobo.com/tw/zh/ebook/VFQPtyjUrTGJSlcoqoICxg?sId=523b0f32085adf9c426b7cfdf3fad373
2025-05-29,赫曼．赫塞,荒野之狼,315,9786263966987,https://cdn.kobo.com/book-images/3bb495e7-b3a7-490f-be56-c4e3d0755850/353/569/90/False/8qvh-uvBNjeQ5sV5LtVHdw.jpg,https://www.kobo.com/tw/zh/ebook/8qvh-uvBNjeQ5sV5LtVHdw?sId=523b0f32085adf9c426b7cfdf3fad373
2025-05-29,赫曼．赫塞,車輪下（首度德文直譯本）,210,3090000000590,https://cdn.kobo.com/book-images/40dde703-286a-487c-acca-3d0e177e4d0a/353/569/90/False/iRXS-e-7fzumzrZdY8d_8Q.jpg,https://www.kobo.com/tw/zh/ebook/iRXS-e-7fzumzrZdY8d_8Q?sId=523b0f32085adf9c426b7cfdf3fad373
2025-05-29,赫曼．赫塞,赫曼赫塞童話故事集,250,3119864773930,https://cdn.kobo.com/book-images/5f4ae374-cda4-4a0c-a27f-58f4eb5939e0/353/569/90/False/fUpsq8DF8Tq5Lguv3pHWuQ.jpg,https://www.kobo.com/tw/zh/ebook/fUpsq8DF8Tq5Lguv3pHWuQ?sId=523b0f32085adf9c426b7cfdf3fad373
2025-05-29,赫曼．赫塞,悉達多：一首印度的詩（流浪者之歌）,210,7384000000026,https://cdn.kobo.com/book-images/2ebd8c79-acb7-430a-abd8-3998815f26dd/353/569/90/False/5P5w8osOvzauH183YElyCw.jpg,https://www.kobo.com/tw/zh/audiobook/5P5w8osOvzauH183YElyCw?sId=523b0f32085adf9c426b7cfdf3fad373
2025-05-29,赫曼．赫塞,鄉愁（德文直譯本）,196,3090000006527,https://cdn.kobo.com/book-images/567c8c31-ebf2-4ffb-a5b1-7e294bb27479/353/569/90/False/By8ilup3JjmH2kf5ty2N8g.jpg,https://www.kobo.com/tw/zh/ebook/By8ilup3JjmH2kf5ty2N8g?sId=523b0f32085adf9c426b7cfdf3fad373
2025-05-29,赫曼．赫塞,德米安：埃米爾．辛克萊年少時的故事（徬徨少年時）,210,7384000000027,https://cdn.kobo.com/book-images/e921900f-2bfe-42d8-8547-198c1b3b42b1/353/569/90/False/pO0YjhmJajyGRrdkzlKsnA.jpg,https://www.kobo.com/tw/zh/audiobook/pO0YjhmJajyGRrdkzlKsnA?sId=523b0f32085adf9c426b7cfdf3fad373
2025-05-29,赫曼．赫塞,德米安【獨家收錄詹姆斯・法蘭科專文導讀】：埃米爾．辛克萊年少時的故事（徬徨少年時）,210,9789864895403,https://cdn.kobo.com/book-images/ae0cd56f-8ec4-4e2d-bc97-29ea34073182/353/569/90/False/ib-jIoEV2Dqm0I1tAc6TWQ.jpg,https://www.kobo.com/tw/zh/ebook/ib-jIoEV2Dqm0I1tAc6TWQ?sId=28b198956d8ae0560e111ec0eb8c4552
2025-05-29,赫曼．赫塞,德米安：彷徨少年時,228,7289867101822,https://cdn.kobo.com/book-images/897fa0c7-1c7f-4005-9de8-784febd6e287/353/569/90/False/ZNYK-tlfkD-IZy3hlnFJAw.jpg,https://www.kobo.com/tw/zh/ebook/ZNYK-tlfkD-IZy3hlnFJAw?sId=28b198956d8ae0560e111ec0eb8c4552
2025-05-29,赫曼．赫塞,荒野之狼（德文新譯本）,294,3119864771400,https://cdn.kobo.com/book-images/c81844a1-3034-4867-a324-b6f0bd00c252/353/569/90/False/6g6wxeuiYjuWU71oa_5Mzg.jpg,https://www.kobo.com/tw/zh/ebook/6g6wxeuiYjuWU71oa_5Mzg?sId=28b198956d8ae0560e111ec0eb8c4552
2025-05-29,赫曼．赫塞,流浪者之歌,245,9786263744417,https://cdn.kobo.com/book-images/dbaffb64-2df7-46df-9836-4b43eb375d74/353/569/90/False/SSmAUWRnWD-200t2EoH_qQ.jpg,https://www.kobo.com/tw/zh/ebook/SSmAUWRnWD-200t2EoH_qQ?sId=28b198956d8ae0560e111ec0eb8c4552
2025-05-29,赫曼．赫塞,徬徨少年時,175,3090000000352,https://cdn.kobo.com/book-images/b98f888a-ae90-4674-8796-0c691b798c30/353/569/90/False/3cIVTFd3fz6t9pp0NaJsyA.jpg,https://www.kobo.com/tw/zh/ebook/3cIVTFd3fz6t9pp0NaJsyA?sId=28b198956d8ae0560e111ec0eb8c4552
2025-05-29,赫曼．赫塞,在書中發現自己的靈魂：慢讀赫塞,250,3128000000104,https://cdn.kobo.com/book-images/5139dd71-3f40-4bbf-aaa6-752447892743/353/569/90/False/mj-jE6bxOTazX9ad0uwE7g.jpg,https://www.kobo.com/tw/zh/ebook/mj-jE6bxOTazX9ad0uwE7g?sId=28b198956d8ae0560e111ec0eb8c4552
2025-05-29,赫曼．赫塞,生命之歌,210,3090000000496,https://cdn.kobo.com/book-images/cab95401-af95-4f91-9d80-41eee92dade2/353/569/90/False/kfbDCDZ4SD6jxk-LU1ireg.jpg,https://www.kobo.com/tw/zh/ebook/kfbDCDZ4SD6jxk-LU1ireg?sId=28b198956d8ae0560e111ec0eb8c4552
2025-05-29,赫曼．赫塞,園圃之歌：諾貝爾文學獎大師赫曼．赫塞的自然哲思與手繪詩畫,266,9786269638079,https://cdn.kobo.com/book-images/f7453d28-8edd-4d0b-87ae-3f947835f381/353/569/90/False/jHi5IlslGTmTLqpPkwxScQ.jpg,https://www.kobo.com/tw/zh/ebook/jHi5IlslGTmTLqpPkwxScQ?sId=28b198956d8ae0560e111ec0eb8c4552
2025-05-29,赫曼．赫塞,流浪者之歌【感動解讀版】,400,9786269936137,https://cdn.kobo.com/book-images/921c4663-8c49-4f8f-a61f-e24755dbae11/353/569/90/False/JNfPTDEjDz-tAMfp3Egokg.jpg,https://www.kobo.com/tw/zh/ebook/JNfPTDEjDz-tAMfp3Egokg?sId=28b198956d8ae0560e111ec0eb8c4552
2025-05-29,赫曼．赫塞,中學生好享讀：諾貝爾大師短篇小說選,225,6709863201113,https://cdn.kobo.com/book-images/f48eb899-1243-4d56-a687-e9d45c5de9ef/353/569/90/False/pnJCPVTatTGHkaHGe4iYMw.jpg,https://www.kobo.com/tw/zh/ebook/pnJCPVTatTGHkaHGe4iYMw?sId=28b198956d8ae0560e111ec0eb8c4552
2025-05-29,赫曼．赫塞,悠遊之歌（三版）,175,9789864023936,https://cdn.kobo.com/book-images/e52679bc-171d-45f8-bf8a-8a159a9891ed/353/569/90/False/UHZLCrSJATqst2fZDCkzBA.jpg,https://www.kobo.com/tw/zh/ebook/UHZLCrSJATqst2fZDCkzBA?sId=28b198956d8ae0560e111ec0eb8c4552
2025-05-30,卡繆,異鄉人（卡繆版書衣）,154,3119861735450,https://cdn.kobo.com/book-images/24099253-90bc-4d80-8825-f6300e8b806f/353/569/90/False/gb2hSkF1KDGjqz18oam2aA.jpg,https://www.kobo.com/tw/zh/ebook/gb2hSkF1KDGjqz18oam2aA?sId=a4672fcfea71a3f2664245576e77a91e
2025-05-30,卡繆,薛西弗斯的神話：點燃希望的哲學頌歌，法國七星文庫權威譯本【傅雷翻譯獎典藏版】,226,9786267596456,https://cdn.kobo.com/book-images/6ccfbf88-73ae-4691-b256-38387994ae56/353/569/90/False/7fFjSyTP9zKPTx3GcPFpfw.jpg,https://www.kobo.com/tw/zh/ebook/7fFjSyTP9zKPTx3GcPFpfw?sId=a4672fcfea71a3f2664245576e77a91e
2025-05-30,卡繆,薛西弗斯的神話,166,3150000000396,https://cdn.kobo.com/book-images/71d8cd60-c407-4367-bced-a36718fcf86f/353/569/90/False/t0r8j-Ym4jee3YDu96AA1w.jpg,https://www.kobo.com/tw/zh/ebook/t0r8j-Ym4jee3YDu96AA1w?sId=a4672fcfea71a3f2664245576e77a91e
2025-05-30,卡繆,異鄉人（2020全新名家譯本，再現卡繆字句推敲的原義）,138,3150000000617,https://cdn.kobo.com/book-images/883f0dcf-e5f7-4dfe-b300-8d725a8da70d/353/569/90/False/0GQk9bH6VzyLV0Q9Faysow.jpg,https://www.kobo.com/tw/zh/ebook/0GQk9bH6VzyLV0Q9Faysow?sId=a4672fcfea71a3f2664245576e77a91e
2025-05-30,卡繆,瘟疫,210,9789861785516,https://cdn.kobo.com/book-images/8d4f032e-dd57-4b50-a7d8-07f8e494bce5/353/569/90/False/sQ5ce_0gtz-yiFpE7SxWag.jpg,https://www.kobo.com/tw/zh/ebook/sQ5ce_0gtz-yiFpE7SxWag?sId=a4672fcfea71a3f2664245576e77a91e
2025-05-30,卡繆,異鄉人（卡繆經典暢銷作․中文版有聲書首度上市）,220,9789863449263,https://cdn.kobo.com/book-images/a910e55d-8df0-43d3-8ef2-df7dc21d51ba/353/569/90/False/t1OO6Q03qjuX0wfMsaUVPg.jpg,https://www.kobo.com/tw/zh/audiobook/t1OO6Q03qjuX0wfMsaUVPg?sId=a4672fcfea71a3f2664245576e77a91e
2025-05-30,卡繆,卡繆荒謬與反抗系列作品全集套書：荒謬系列四部曲《異鄉人》《薛西弗斯的神話》《卡里古拉》《誤會》＋反抗系列三部曲《瘟疫》《反抗者》《正義者》【全新法文名家直譯，首次完整出版，親炙完整的卡繆荒謬哲學】,1200,3150000000694,https://cdn.kobo.com/book-images/76f16f12-492e-4435-b792-e97bba1721d5/353/569/90/False/Kx45Q5lYKTqv_nEYbdwV2A.jpg,https://www.kobo.com/tw/zh/ebook/Kx45Q5lYKTqv_nEYbdwV2A?sId=a4672fcfea71a3f2664245576e77a91e
2025-05-30,卡繆,卡繆荒謬系列四部曲套書：《異鄉人》＋《薛西弗斯的神話》＋《卡里古拉》＋《誤會》【全新法文名家直譯，首次完整出版，親炙完整的卡繆荒謬哲學】,625,3150000000693,https://cdn.kobo.com/book-images/462128f0-194c-4f37-91e4-c9cdfbe0d7b2/353/569/90/False/iBMVIqmTtjmYjH2oJl_r8A.jpg,https://www.kobo.com/tw/zh/ebook/iBMVIqmTtjmYjH2oJl_r8A?sId=a4672fcfea71a3f2664245576e77a91e
2025-05-30,卡繆,卡繆反抗三部曲套書：《瘟疫》＋《反抗者》＋《正義者》【全新法文名家直譯，首次完整出版，親炙完整的卡繆反抗思想】,575,3150000000687,https://cdn.kobo.com/book-images/9f980967-d3c1-4ac0-9f8c-f8e0ccbbcc60/353/569/90/False/B1m2jKOONjKjTMVkT5k1NQ.jpg,https://www.kobo.com/tw/zh/ebook/B1m2jKOONjKjTMVkT5k1NQ?sId=a4672fcfea71a3f2664245576e77a91e
2025-05-30,卡繆,正義者（首次出版，法文直譯名家譯本，卡繆展現對正義與反抗的考驗）,155,9789860777161,https://cdn.kobo.com/book-images/9291fc65-996d-4a27-83f4-a141c345d8cb/353/569/90/False/QQT3HgwFsT2xefv4IRMF9w.jpg,https://www.kobo.com/tw/zh/ebook/QQT3HgwFsT2xefv4IRMF9w?sId=a4672fcfea71a3f2664245576e77a91e
2025-05-30,卡繆,鼠疫,210,3119861737522,https://cdn.kobo.com/book-images/56a09ae8-dac7-4eb0-9dde-b427a5a1aacb/353/569/90/False/tGTtah0cyzKVQIXzpZ7NTQ.jpg,https://www.kobo.com/tw/zh/ebook/tGTtah0cyzKVQIXzpZ7NTQ?sId=a4672fcfea71a3f2664245576e77a91e
2025-05-30,卡繆,誤會【1957年諾貝爾文學獎得主面對自我放逐之旅的核心之作】,155,9786267118139,https://cdn.kobo.com/book-images/f35af051-fd52-4e22-a2df-d19abd3abf6e/353/569/90/False/XznH9zQdijG-RQoi9MTYng.jpg,https://www.kobo.com/tw/zh/ebook/XznH9zQdijG-RQoi9MTYng?sId=a4672fcfea71a3f2664245576e77a91e
2025-05-30,卡繆,鼠疫【全新名家譯本】（特別收錄哲學解析〈一部存在主義小說的後現代閱讀〉）,266,9789864895434,https://cdn.kobo.com/book-images/f4d068a2-498d-4817-97dd-d7492dc32b10/353/569/90/False/K9cd87y5oDGaSXDvYBOiAg.jpg,https://www.kobo.com/tw/zh/ebook/K9cd87y5oDGaSXDvYBOiAg?sId=139239a9bd626598ed3e96276b41b56a
2025-05-30,卡繆,異鄉人【獨家收錄沙特評論・2022全新名家譯本】,196,9789864896073,https://cdn.kobo.com/book-images/a71e071c-2ddd-47b0-ba0d-0ad67a3261c3/353/569/90/False/VQ2InesBOjKI-Xv96viLqA.jpg,https://www.kobo.com/tw/zh/ebook/VQ2InesBOjKI-Xv96viLqA?sId=139239a9bd626598ed3e96276b41b56a
2025-05-30,卡繆,快樂的死,175,3120000000639,https://cdn.kobo.com/book-images/57e8ecec-6b0d-4586-882a-1f7699f9b494/353/569/90/False/gnS7T3tgLTS1t3eLSRBEeA.jpg,https://www.kobo.com/tw/zh/ebook/gnS7T3tgLTS1t3eLSRBEeA?sId=139239a9bd626598ed3e96276b41b56a
2025-05-30,卡繆,瘟疫（2021最新名家譯本，卡繆對疫情下被禁錮人心的鼓舞）,210,9789860777192,https://cdn.kobo.com/book-images/9618975f-d9f0-47af-bd43-571387f8a06a/353/569/90/False/wJ6ORaWSDj60GIzsDTf9Zg.jpg,https://www.kobo.com/tw/zh/ebook/wJ6ORaWSDj60GIzsDTf9Zg?sId=139239a9bd626598ed3e96276b41b56a
2025-05-30,卡繆,異鄉人,179,3039571384641,https://cdn.kobo.com/book-images/81e2cbee-7fb1-445c-8a9a-54f11683b376/353/569/90/False/wUn6RJK3RjCYH8YflJqYFw.jpg,https://www.kobo.com/tw/zh/ebook/wUn6RJK3RjCYH8YflJqYFw?sId=139239a9bd626598ed3e96276b41b56a
2025-05-30,卡繆,反抗者（新版）,210,3150000000392,https://cdn.kobo.com/book-images/0169f08d-1636-4fe9-865e-ac9323facfa7/353/569/90/False/dnhkQv1woTKBLngzg4RbMg.jpg,https://www.kobo.com/tw/zh/ebook/dnhkQv1woTKBLngzg4RbMg?sId=139239a9bd626598ed3e96276b41b56a
2025-05-30,卡繆,薛西弗斯的神話：卡繆的荒謬哲學,230,3120000000285,https://cdn.kobo.com/book-images/8cfb868b-d1ce-428f-9dc1-8a7b0724f790/353/569/90/False/dz7TJXld6DK-tFChkyuNug.jpg,https://www.kobo.com/tw/zh/ebook/dz7TJXld6DK-tFChkyuNug?sId=139239a9bd626598ed3e96276b41b56a
2025-05-30,卡繆,卡里古拉【1957年諾貝爾文學獎得主描摹荒謬的經典代表作,166,9786267118108,https://cdn.kobo.com/book-images/228a6362-9e74-450c-806f-26d0291b0115/353/569/90/False/bUv8_ShWSDyzoufG54r66g.jpg,https://www.kobo.com/tw/zh/ebook/bUv8_ShWSDyzoufG54r66g?sId=139239a9bd626598ed3e96276b41b56a
2025-05-30,卡繆,鼠疫（卡繆經典暢銷作․中文版有聲書首度上市）,300,9789863449270,https://cdn.kobo.com/book-images/ba766fe2-65df-4d69-83bc-798bf2340c10/353/569/90/False/AMe0qKS-yzinEfp_ItutUg.jpg,https://www.kobo.com/tw/zh/audiobook/AMe0qKS-yzinEfp_ItutUg?sId=139239a9bd626598ed3e96276b41b56a
2025-05-30,卡繆,異鄉人：最值得珍藏的名家譯本,224,3119864778287,https://cdn.kobo.com/book-images/59186bf1-d059-4aeb-afcb-36b164712ef7/353/569/90/False/XRU3eRrUUD6pvlI4liPZbg.jpg,https://www.kobo.com/tw/zh/ebook/XRU3eRrUUD6pvlI4liPZbg?sId=139239a9bd626598ed3e96276b41b56a
2025-05-30,卡繆,第一人：《異鄉人》存在主義大師的最後遺作！沒讀過《第一人》，就無法了解真正的卡繆！,360,7435000003050,https://cdn.kobo.com/book-images/1000dae4-0e54-4613-994a-2ca68f225aaf/353/569/90/False/mBrCwjCDbT-OmxW_MxQCPg.jpg,https://www.kobo.com/tw/zh/audiobook/mBrCwjCDbT-OmxW_MxQCPg?sId=139239a9bd626598ed3e96276b41b56a
2025-05-30,卡繆,墮落,182,9789861787558,https://cdn.kobo.com/book-images/023f55c5-13cf-4e65-aaa2-e1d0eebea177/353/569/90/False/ie-dvcJKuTWxECoQpt7ptg.jpg,https://www.kobo.com/tw/zh/ebook/ie-dvcJKuTWxECoQpt7ptg?sId=139239a9bd626598ed3e96276b41b56a
2025-05-30,卡繆,放逐與王國：卡繆短篇小說,260,9789865482541,https://cdn.kobo.com/book-images/033f901a-cea5-456e-9a5c-534f67c7dd33/353/569/90/False/SmaLhyIaRTOPTVVkw9jskg.jpg,https://www.kobo.com/tw/zh/ebook/SmaLhyIaRTOPTVVkw9jskg?sId=200f7154d60c85df63752eacf7660dcd
2025-05-30,卡繆,異鄉人,170,6849862272770,https://cdn.kobo.com/book-images/2f2b24f2-6a61-4ae2-a409-29c8eb0bc992/353/569/90/False/GYi3emouATurt5CEXNGY7A.jpg,https://www.kobo.com/tw/zh/ebook/GYi3emouATurt5CEXNGY7A?sId=200f7154d60c85df63752eacf7660dcd
2025-05-30,卡繆,瘟疫（名家經典新譯）,228,9789865482473,https://cdn.kobo.com/book-images/edbaf1b0-60cf-4781-90e1-dcb3d6358348/353/569/90/False/XSi3S6nkVz2SFyXwXYLq1g.jpg,https://www.kobo.com/tw/zh/ebook/XSi3S6nkVz2SFyXwXYLq1g?sId=200f7154d60c85df63752eacf7660dcd
2025-05-30,卡繆,放逐與王國,210,9789863874133,https://cdn.kobo.com/book-images/5f1ba02d-68c9-4aa5-85ab-824c904439e9/353/569/90/False/RVGALpaZsjaTbCo1SdZXqw.jpg,https://www.kobo.com/tw/zh/ebook/RVGALpaZsjaTbCo1SdZXqw?sId=200f7154d60c85df63752eacf7660dcd
2025-05-30,卡繆,異鄉人：荒謬三部曲，首部,210,7384000000024,https://cdn.kobo.com/book-images/12dc1249-e584-452a-a159-54be7be82c4d/353/569/90/False/MDkYBsM0cTm5Kq9j-44S0A.jpg,https://www.kobo.com/tw/zh/audiobook/MDkYBsM0cTm5Kq9j-44S0A?sId=200f7154d60c85df63752eacf7660dcd
2025-05-30,簡媜,吃朋友,245,7390866631382,https://cdn.kobo.com/book-images/03cd221a-bef1-420d-96fa-a1ff5f2ec5f8/353/569/90/False/5xrS1tW6YT6YFfX6xajasQ.jpg,https://www.kobo.com/tw/zh/ebook/5xrS1tW6YT6YFfX6xajasQ?sId=7932270bda70f4cef28a5edbc61993f0
2025-05-30,簡媜,我為你灑下月光,336,7390863872337,https://cdn.kobo.com/book-images/8d8c685d-f3c5-4e43-a07c-4a7a91f5ad22/353/569/90/False/RBqeU8INXTCG7D8npjR0bw.jpg,https://www.kobo.com/tw/zh/ebook/RBqeU8INXTCG7D8npjR0bw?sId=7932270bda70f4cef28a5edbc61993f0
2025-05-30,簡媜,十種寂寞,252,7390863873877,https://cdn.kobo.com/book-images/137d5050-a414-4644-a453-8236a3c7338c/353/569/90/False/SS3f6q_OmzG6ixjEoQQSBw.jpg,https://www.kobo.com/tw/zh/ebook/SS3f6q_OmzG6ixjEoQQSBw?sId=7932270bda70f4cef28a5edbc61993f0
2025-05-30,簡媜,女兒紅,196,9789863874096,https://cdn.kobo.com/book-images/73163054-0990-4413-b92d-a3d20f20ebaa/353/569/90/False/DBqadeV-gT-bmmVuqDItJg.jpg,https://www.kobo.com/tw/zh/ebook/DBqadeV-gT-bmmVuqDItJg?sId=7932270bda70f4cef28a5edbc61993f0
2025-05-30,簡媜,誰在銀閃閃的地方，等你（增訂版）,392,9789863876021,https://cdn.kobo.com/book-images/18d8f7d3-ad8d-4473-b1b7-aba2ada08383/353/569/90/False/tyYjDkeqiza61CrkeCJu7w.jpg,https://www.kobo.com/tw/zh/ebook/tyYjDkeqiza61CrkeCJu7w?sId=7932270bda70f4cef28a5edbc61993f0
2025-05-30,簡媜,夢遊書,196,9789863874546,https://cdn.kobo.com/book-images/df1c79f2-8ad2-4ed8-9f37-293c81359dd8/353/569/90/False/p_nX7y-6_D6gGQiQ7O__sw.jpg,https://www.kobo.com/tw/zh/ebook/p_nX7y-6_D6gGQiQ7O__sw?sId=7932270bda70f4cef28a5edbc61993f0
2025-05-30,簡媜,老師的十二樣見面禮,224,7390866873232,https://cdn.kobo.com/book-images/912cffcc-12b7-4881-820d-605be5c0f456/353/569/90/False/Opeot0Gw9zeKOcdaOXIiCg.jpg,https://www.kobo.com/tw/zh/ebook/Opeot0Gw9zeKOcdaOXIiCg?sId=7932270bda70f4cef28a5edbc61993f0
2025-05-30,簡媜,胭脂盆地,196,9789863874553,https://cdn.kobo.com/book-images/0ce65bd8-31e7-48ec-b6c2-f3b4da8f4cb7/353/569/90/False/_jcUd4QT3T6w0ZguwcDvlg.jpg,https://www.kobo.com/tw/zh/ebook/_jcUd4QT3T6w0ZguwcDvlg?sId=7932270bda70f4cef28a5edbc61993f0
2025-05-30,簡媜,紅嬰仔：一個女人和她的育嬰史,252,7390863873068,https://cdn.kobo.com/book-images/4c769dfc-5feb-45bb-bad9-d22ff6fe4425/353/569/90/False/3-XKV53DSzqry1rJm_LJEA.jpg,https://www.kobo.com/tw/zh/ebook/3-XKV53DSzqry1rJm_LJEA?sId=7932270bda70f4cef28a5edbc61993f0
2025-05-30,簡媜,天涯海角──福爾摩沙抒情誌,245,7390863873471,https://cdn.kobo.com/book-images/af00ba7f-99c1-44ae-b3d3-81c4e6e37430/353/569/90/False/y2QggT-GWz28HjuY_ABx1w.jpg,https://www.kobo.com/tw/zh/ebook/y2QggT-GWz28HjuY_ABx1w?sId=7932270bda70f4cef28a5edbc61993f0
2025-05-30,簡媜,老師的十二樣見面禮（增訂版）,329,9789863876236,https://cdn.kobo.com/book-images/5ddd0b2a-a9d1-403d-92c3-60f91baba3c6/353/569/90/False/7r6In9z6kTuCg3twvvZA2g.jpg,https://www.kobo.com/tw/zh/ebook/7r6In9z6kTuCg3twvvZA2g?sId=7932270bda70f4cef28a5edbc61993f0
2025-05-30,簡媜,與歲月同等心跳,210,9789863877479,https://cdn.kobo.com/book-images/5dc05880-531e-4ce8-9a89-99be05f5d02b/353/569/90/False/1Cgc_XKbQj6NkWrPuaKd2g.jpg,https://www.kobo.com/tw/zh/ebook/1Cgc_XKbQj6NkWrPuaKd2g?sId=7932270bda70f4cef28a5edbc61993f0
2025-05-30,簡媜,下午茶,160,9789863876946,https://cdn.kobo.com/book-images/84781262-e7bd-4d10-a3c7-d19910fafa73/353/569/90/False/5iBW0pa_Wj2IztG5D0yKyw.jpg,https://www.kobo.com/tw/zh/ebook/5iBW0pa_Wj2IztG5D0yKyw?sId=4d123fdf39025fb83fc5d37524e6a319
2025-05-30,簡媜,一個人漫遊，古典森林,315,9789863877745,https://cdn.kobo.com/book-images/0c528bc8-18ea-46e3-acf0-f4c80125be95/353/569/90/False/Yyl9S4wUuDu8rltsfwH3UQ.jpg,https://www.kobo.com/tw/zh/ebook/Yyl9S4wUuDu8rltsfwH3UQ?sId=4d123fdf39025fb83fc5d37524e6a319
2025-05-30,簡媜,好一座浮島,210,9789863875666,https://cdn.kobo.com/book-images/dcfdfd36-7d3d-4201-89ab-681303731c15/353/569/90/False/tR63QOkIkjSZNYP1XN8qJQ.jpg,https://www.kobo.com/tw/zh/ebook/tR63QOkIkjSZNYP1XN8qJQ?sId=4d123fdf39025fb83fc5d37524e6a319
2025-05-30,簡媜,舊情復燃,220,9789863876380,https://cdn.kobo.com/book-images/97241a9a-8187-4195-a573-9a921c04b9cc/353/569/90/False/wieReZ4jqT2vpPAPLsLmkA.jpg,https://www.kobo.com/tw/zh/ebook/wieReZ4jqT2vpPAPLsLmkA?sId=4d123fdf39025fb83fc5d37524e6a319
2025-05-30,簡媜,密密語,280,9789863876953,https://cdn.kobo.com/book-images/76e8fe19-e84d-4b62-9707-03393a023486/353/569/90/False/mMg1YwJL9TemPTAVwHZbvw.jpg,https://www.kobo.com/tw/zh/ebook/mMg1YwJL9TemPTAVwHZbvw?sId=4d123fdf39025fb83fc5d37524e6a319
2025-05-30,簡媜,陪我散步吧(增訂版),322,9789863878230,https://cdn.kobo.com/book-images/cbf936fb-e579-4f5e-889b-2d092f39c84e/353/569/90/False/5BeIP1SRfTC97-lqaxlVkQ.jpg,https://www.kobo.com/tw/zh/ebook/5BeIP1SRfTC97-lqaxlVkQ?sId=4d123fdf39025fb83fc5d37524e6a319
2025-05-30,簡媜,旅人之歌——神遊山水詩,210,9789863877516,https://cdn.kobo.com/book-images/ba7b0973-6125-415b-91a8-f4910ba8f09b/353/569/90/False/BEgyL0ETLzSJLhvVE5yKmQ.jpg,https://www.kobo.com/tw/zh/ebook/BEgyL0ETLzSJLhvVE5yKmQ?sId=4d123fdf39025fb83fc5d37524e6a319
2025-05-30,簡媜,微暈的樹林,210,9789863875857,https://cdn.kobo.com/book-images/df67a2d3-dab3-4ea6-bdd2-0f0e2b62a151/353/569/90/False/lRjcIazDljKdQZof57Hd9A.jpg,https://www.kobo.com/tw/zh/ebook/lRjcIazDljKdQZof57Hd9A?sId=4d123fdf39025fb83fc5d37524e6a319
2025-05-30,簡媜,月娘照眠牀,220,9789863875314,https://cdn.kobo.com/book-images/1dc984df-000f-4cfb-86bf-d71ead052b02/353/569/90/False/yifYBw_kEz-sjWx9O6wmTg.jpg,https://www.kobo.com/tw/zh/ebook/yifYBw_kEz-sjWx9O6wmTg?sId=4d123fdf39025fb83fc5d37524e6a319
2025-05-30,簡媜,只緣身在此山中,224,9789863874911,https://cdn.kobo.com/book-images/a21ea0b7-2449-4d16-b4db-1aa18c1993f3/353/569/90/False/JR_gAXmObD6EROWQrNPmjw.jpg,https://www.kobo.com/tw/zh/ebook/JR_gAXmObD6EROWQrNPmjw?sId=4d123fdf39025fb83fc5d37524e6a319
2025-05-30,赫曼．赫塞,流浪者之歌／悉達多,214,9786267095010,https://cdn.kobo.com/book-images/3f321736-62ab-46cb-ae65-dabe29f7eea4/353/569/90/False/BZkTJbpWnTWsH4_ozeT9vA.jpg,https://www.kobo.com/tw/zh/ebook/BZkTJbpWnTWsH4_ozeT9vA?sId=65b4f87b96606ecff637e7ee41686eee
2025-05-30,赫曼．赫塞,悉達多【獨家收錄保羅．科爾賀專文導讀、林懷民繆思分享】：一首印度的詩（流浪者之歌）,196,9789864895397,https://cdn.kobo.com/book-images/827cfb45-6d4c-43cb-866a-eb45ca8c20c7/353/569/90/False/8X4BYN4ZszavG3vs7B0Jdg.jpg,https://www.kobo.com/tw/zh/ebook/8X4BYN4ZszavG3vs7B0Jdg?sId=65b4f87b96606ecff637e7ee41686eee
2025-05-30,赫曼．赫塞,德米安：徬徨少年時 (告別徬徨，堅定地做你自己。全新無刪減完整譯本，慕尼黑大學圖書館愛藏版),245,3069869881963,https://cdn.kobo.com/book-images/a809baf5-4e7d-43c9-96e5-7d69fa248b50/353/569/90/False/6fn5ArUqVjSw56cshygW_Q.jpg,https://www.kobo.com/tw/zh/ebook/6fn5ArUqVjSw56cshygW_Q?sId=65b4f87b96606ecff637e7ee41686eee
2025-05-30,赫曼．赫塞,徬徨少年時（德文直譯本）,196,3090000030292,https://cdn.kobo.com/book-images/0eb8b492-c683-4d13-8a2e-40fd1872ced9/353/569/90/False/p9r2phjlUzO8q-gEc3Ysmg.jpg,https://www.kobo.com/tw/zh/ebook/p9r2phjlUzO8q-gEc3Ysmg?sId=65b4f87b96606ecff637e7ee41686eee
2025-05-30,赫曼．赫塞,德米安：埃米爾．辛克萊年少時的故事（徬徨少年時）,210,7384000000027,https://cdn.kobo.com/book-images/e921900f-2bfe-42d8-8547-198c1b3b42b1/353/569/90/False/pO0YjhmJajyGRrdkzlKsnA.jpg,https://www.kobo.com/tw/zh/audiobook/pO0YjhmJajyGRrdkzlKsnA?sId=65b4f87b96606ecff637e7ee41686eee
2025-05-30,赫曼．赫塞,流浪者之歌（首度德文直譯本）,210,3090000000515,https://cdn.kobo.com/book-images/f601d38b-894e-436d-852c-e48f41d06a75/353/569/90/False/uWrynH7_LjCJaQT5rWrZjg.jpg,https://www.kobo.com/tw/zh/ebook/uWrynH7_LjCJaQT5rWrZjg?sId=65b4f87b96606ecff637e7ee41686eee
2025-05-30,赫曼．赫塞,荒野之狼（首度德文直譯本）,245,3090000005737,https://cdn.kobo.com/book-images/449cd682-c515-465f-b6f3-c5b59e8310e3/353/569/90/False/VFQPtyjUrTGJSlcoqoICxg.jpg,https://www.kobo.com/tw/zh/ebook/VFQPtyjUrTGJSlcoqoICxg?sId=65b4f87b96606ecff637e7ee41686eee
2025-05-30,赫曼．赫塞,荒野之狼,315,9786263966987,https://cdn.kobo.com/book-images/3bb495e7-b3a7-490f-be56-c4e3d0755850/353/569/90/False/8qvh-uvBNjeQ5sV5LtVHdw.jpg,https://www.kobo.com/tw/zh/ebook/8qvh-uvBNjeQ5sV5LtVHdw?sId=65b4f87b96606ecff637e7ee41686eee
2025-05-30,赫曼．赫塞,赫曼赫塞童話故事集,250,3119864773930,https://cdn.kobo.com/book-images/5f4ae374-cda4-4a0c-a27f-58f4eb5939e0/353/569/90/False/fUpsq8DF8Tq5Lguv3pHWuQ.jpg,https://www.kobo.com/tw/zh/ebook/fUpsq8DF8Tq5Lguv3pHWuQ?sId=65b4f87b96606ecff637e7ee41686eee
2025-05-30,赫曼．赫塞,在書中發現自己的靈魂：慢讀赫塞,250,3128000000104,https://cdn.kobo.com/book-images/5139dd71-3f40-4bbf-aaa6-752447892743/353/569/90/False/mj-jE6bxOTazX9ad0uwE7g.jpg,https://www.kobo.com/tw/zh/ebook/mj-jE6bxOTazX9ad0uwE7g?sId=65b4f87b96606ecff637e7ee41686eee
2025-05-30,赫曼．赫塞,車輪下（首度德文直譯本）,210,3090000000590,https://cdn.kobo.com/book-images/40dde703-286a-487c-acca-3d0e177e4d0a/353/569/90/False/iRXS-e-7fzumzrZdY8d_8Q.jpg,https://www.kobo.com/tw/zh/ebook/iRXS-e-7fzumzrZdY8d_8Q?sId=65b4f87b96606ecff637e7ee41686eee
2025-05-30,赫曼．赫塞,悉達多：一首印度的詩（流浪者之歌）,210,7384000000026,https://cdn.kobo.com/book-images/2ebd8c79-acb7-430a-abd8-3998815f26dd/353/569/90/False/5P5w8osOvzauH183YElyCw.jpg,https://www.kobo.com/tw/zh/audiobook/5P5w8osOvzauH183YElyCw?sId=65b4f87b96606ecff637e7ee41686eee
2025-05-30,赫曼．赫塞,鄉愁（德文直譯本）,196,3090000006527,https://cdn.kobo.com/book-images/567c8c31-ebf2-4ffb-a5b1-7e294bb27479/353/569/90/False/By8ilup3JjmH2kf5ty2N8g.jpg,https://www.kobo.com/tw/zh/ebook/By8ilup3JjmH2kf5ty2N8g?sId=32c0a8a1be022c93c7a928ca05ad3999
2025-05-30,赫曼．赫塞,德米安【獨家收錄詹姆斯・法蘭科專文導讀】：埃米爾．辛克萊年少時的故事（徬徨少年時）,210,9789864895403,https://cdn.kobo.com/book-images/ae0cd56f-8ec4-4e2d-bc97-29ea34073182/353/569/90/False/ib-jIoEV2Dqm0I1tAc6TWQ.jpg,https://www.kobo.com/tw/zh/ebook/ib-jIoEV2Dqm0I1tAc6TWQ?sId=32c0a8a1be022c93c7a928ca05ad3999
2025-05-30,赫曼．赫塞,德米安：彷徨少年時,228,7289867101822,https://cdn.kobo.com/book-images/897fa0c7-1c7f-4005-9de8-784febd6e287/353/569/90/False/ZNYK-tlfkD-IZy3hlnFJAw.jpg,https://www.kobo.com/tw/zh/ebook/ZNYK-tlfkD-IZy3hlnFJAw?sId=32c0a8a1be022c93c7a928ca05ad3999
2025-05-30,赫曼．赫塞,荒野之狼（德文新譯本）,294,3119864771400,https://cdn.kobo.com/book-images/c81844a1-3034-4867-a324-b6f0bd00c252/353/569/90/False/6g6wxeuiYjuWU71oa_5Mzg.jpg,https://www.kobo.com/tw/zh/ebook/6g6wxeuiYjuWU71oa_5Mzg?sId=32c0a8a1be022c93c7a928ca05ad3999
2025-05-30,赫曼．赫塞,流浪者之歌,245,9786263744417,https://cdn.kobo.com/book-images/dbaffb64-2df7-46df-9836-4b43eb375d74/353/569/90/False/SSmAUWRnWD-200t2EoH_qQ.jpg,https://www.kobo.com/tw/zh/ebook/SSmAUWRnWD-200t2EoH_qQ?sId=32c0a8a1be022c93c7a928ca05ad3999
2025-05-30,赫曼．赫塞,徬徨少年時,175,3090000000352,https://cdn.kobo.com/book-images/b98f888a-ae90-4674-8796-0c691b798c30/353/569/90/False/3cIVTFd3fz6t9pp0NaJsyA.jpg,https://www.kobo.com/tw/zh/ebook/3cIVTFd3fz6t9pp0NaJsyA?sId=32c0a8a1be022c93c7a928ca05ad3999
2025-05-30,赫曼．赫塞,生命之歌,210,3090000000496,https://cdn.kobo.com/book-images/cab95401-af95-4f91-9d80-41eee92dade2/353/569/90/False/kfbDCDZ4SD6jxk-LU1ireg.jpg,https://www.kobo.com/tw/zh/ebook/kfbDCDZ4SD6jxk-LU1ireg?sId=32c0a8a1be022c93c7a928ca05ad3999
2025-05-30,赫曼．赫塞,園圃之歌：諾貝爾文學獎大師赫曼．赫塞的自然哲思與手繪詩畫,266,9786269638079,https://cdn.kobo.com/book-images/f7453d28-8edd-4d0b-87ae-3f947835f381/353/569/90/False/jHi5IlslGTmTLqpPkwxScQ.jpg,https://www.kobo.com/tw/zh/ebook/jHi5IlslGTmTLqpPkwxScQ?sId=32c0a8a1be022c93c7a928ca05ad3999
2025-05-30,赫曼．赫塞,流浪者之歌【感動解讀版】,400,9786269936137,https://cdn.kobo.com/book-images/921c4663-8c49-4f8f-a61f-e24755dbae11/353/569/90/False/JNfPTDEjDz-tAMfp3Egokg.jpg,https://www.kobo.com/tw/zh/ebook/JNfPTDEjDz-tAMfp3Egokg?sId=32c0a8a1be022c93c7a928ca05ad3999
2025-05-30,赫曼．赫塞,中學生好享讀：諾貝爾大師短篇小說選,225,6709863201113,https://cdn.kobo.com/book-images/f48eb899-1243-4d56-a687-e9d45c5de9ef/353/569/90/False/pnJCPVTatTGHkaHGe4iYMw.jpg,https://www.kobo.com/tw/zh/ebook/pnJCPVTatTGHkaHGe4iYMw?sId=32c0a8a1be022c93c7a928ca05ad3999
2025-05-30,赫曼．赫塞,悠遊之歌（三版）,175,9789864023936,https://cdn.kobo.com/book-images/e52679bc-171d-45f8-bf8a-8a159a9891ed/353/569/90/False/UHZLCrSJATqst2fZDCkzBA.jpg,https://www.kobo.com/tw/zh/ebook/UHZLCrSJATqst2fZDCkzBA?sId=32c0a8a1be022c93c7a928ca05ad3999
2025-05-31,卡繆,異鄉人（卡繆版書衣）,154,3119861735450,https://cdn.kobo.com/book-images/24099253-90bc-4d80-8825-f6300e8b806f/353/569/90/False/gb2hSkF1KDGjqz18oam2aA.jpg,https://www.kobo.com/tw/zh/ebook/gb2hSkF1KDGjqz18oam2aA?sId=38cfb29c7c8762ffa374220d481b4dc7
2025-05-31,卡繆,薛西弗斯的神話：點燃希望的哲學頌歌，法國七星文庫權威譯本【傅雷翻譯獎典藏版】,226,9786267596456,https://cdn.kobo.com/book-images/6ccfbf88-73ae-4691-b256-38387994ae56/353/569/90/False/7fFjSyTP9zKPTx3GcPFpfw.jpg,https://www.kobo.com/tw/zh/ebook/7fFjSyTP9zKPTx3GcPFpfw?sId=38cfb29c7c8762ffa374220d481b4dc7
2025-05-31,卡繆,薛西弗斯的神話,166,3150000000396,https://cdn.kobo.com/book-images/71d8cd60-c407-4367-bced-a36718fcf86f/353/569/90/False/t0r8j-Ym4jee3YDu96AA1w.jpg,https://www.kobo.com/tw/zh/ebook/t0r8j-Ym4jee3YDu96AA1w?sId=38cfb29c7c8762ffa374220d481b4dc7
2025-05-31,卡繆,異鄉人（2020全新名家譯本，再現卡繆字句推敲的原義）,138,3150000000617,https://cdn.kobo.com/book-images/883f0dcf-e5f7-4dfe-b300-8d725a8da70d/353/569/90/False/0GQk9bH6VzyLV0Q9Faysow.jpg,https://www.kobo.com/tw/zh/ebook/0GQk9bH6VzyLV0Q9Faysow?sId=38cfb29c7c8762ffa374220d481b4dc7
2025-05-31,卡繆,異鄉人（卡繆經典暢銷作․中文版有聲書首度上市）,220,9789863449263,https://cdn.kobo.com/book-images/a910e55d-8df0-43d3-8ef2-df7dc21d51ba/353/569/90/False/t1OO6Q03qjuX0wfMsaUVPg.jpg,https://www.kobo.com/tw/zh/audiobook/t1OO6Q03qjuX0wfMsaUVPg?sId=38cfb29c7c8762ffa374220d481b4dc7
2025-05-31,卡繆,瘟疫,210,9789861785516,https://cdn.kobo.com/book-images/8d4f032e-dd57-4b50-a7d8-07f8e494bce5/353/569/90/False/sQ5ce_0gtz-yiFpE7SxWag.jpg,https://www.kobo.com/tw/zh/ebook/sQ5ce_0gtz-yiFpE7SxWag?sId=38cfb29c7c8762ffa374220d481b4dc7
2025-05-31,卡繆,卡繆荒謬與反抗系列作品全集套書：荒謬系列四部曲《異鄉人》《薛西弗斯的神話》《卡里古拉》《誤會》＋反抗系列三部曲《瘟疫》《反抗者》《正義者》【全新法文名家直譯，首次完整出版，親炙完整的卡繆荒謬哲學】,1200,3150000000694,https://cdn.kobo.com/book-images/76f16f12-492e-4435-b792-e97bba1721d5/353/569/90/False/Kx45Q5lYKTqv_nEYbdwV2A.jpg,https://www.kobo.com/tw/zh/ebook/Kx45Q5lYKTqv_nEYbdwV2A?sId=38cfb29c7c8762ffa374220d481b4dc7
2025-05-31,卡繆,卡繆荒謬系列四部曲套書：《異鄉人》＋《薛西弗斯的神話》＋《卡里古拉》＋《誤會》【全新法文名家直譯，首次完整出版，親炙完整的卡繆荒謬哲學】,625,3150000000693,https://cdn.kobo.com/book-images/462128f0-194c-4f37-91e4-c9cdfbe0d7b2/353/569/90/False/iBMVIqmTtjmYjH2oJl_r8A.jpg,https://www.kobo.com/tw/zh/ebook/iBMVIqmTtjmYjH2oJl_r8A?sId=38cfb29c7c8762ffa374220d481b4dc7
2025-05-31,卡繆,卡繆反抗三部曲套書：《瘟疫》＋《反抗者》＋《正義者》【全新法文名家直譯，首次完整出版，親炙完整的卡繆反抗思想】,575,3150000000687,https://cdn.kobo.com/book-images/9f980967-d3c1-4ac0-9f8c-f8e0ccbbcc60/353/569/90/False/B1m2jKOONjKjTMVkT5k1NQ.jpg,https://www.kobo.com/tw/zh/ebook/B1m2jKOONjKjTMVkT5k1NQ?sId=38cfb29c7c8762ffa374220d481b4dc7
2025-05-31,卡繆,正義者（首次出版，法文直譯名家譯本，卡繆展現對正義與反抗的考驗）,155,9789860777161,https://cdn.kobo.com/book-images/9291fc65-996d-4a27-83f4-a141c345d8cb/353/569/90/False/QQT3HgwFsT2xefv4IRMF9w.jpg,https://www.kobo.com/tw/zh/ebook/QQT3HgwFsT2xefv4IRMF9w?sId=38cfb29c7c8762ffa374220d481b4dc7
2025-05-31,卡繆,鼠疫,210,3119861737522,https://cdn.kobo.com/book-images/56a09ae8-dac7-4eb0-9dde-b427a5a1aacb/353/569/90/False/tGTtah0cyzKVQIXzpZ7NTQ.jpg,https://www.kobo.com/tw/zh/ebook/tGTtah0cyzKVQIXzpZ7NTQ?sId=38cfb29c7c8762ffa374220d481b4dc7
2025-05-31,卡繆,快樂的死,175,3120000000639,https://cdn.kobo.com/book-images/57e8ecec-6b0d-4586-882a-1f7699f9b494/353/569/90/False/gnS7T3tgLTS1t3eLSRBEeA.jpg,https://www.kobo.com/tw/zh/ebook/gnS7T3tgLTS1t3eLSRBEeA?sId=38cfb29c7c8762ffa374220d481b4dc7
2025-05-31,卡繆,鼠疫（卡繆經典暢銷作․中文版有聲書首度上市）,300,9789863449270,https://cdn.kobo.com/book-images/ba766fe2-65df-4d69-83bc-798bf2340c10/353/569/90/False/AMe0qKS-yzinEfp_ItutUg.jpg,https://www.kobo.com/tw/zh/audiobook/AMe0qKS-yzinEfp_ItutUg?sId=a498edfb44291411f5c523ff1812b93b
2025-05-31,卡繆,誤會【1957年諾貝爾文學獎得主面對自我放逐之旅的核心之作】,155,9786267118139,https://cdn.kobo.com/book-images/f35af051-fd52-4e22-a2df-d19abd3abf6e/353/569/90/False/XznH9zQdijG-RQoi9MTYng.jpg,https://www.kobo.com/tw/zh/ebook/XznH9zQdijG-RQoi9MTYng?sId=a498edfb44291411f5c523ff1812b93b
2025-05-31,卡繆,鼠疫【全新名家譯本】（特別收錄哲學解析〈一部存在主義小說的後現代閱讀〉）,266,9789864895434,https://cdn.kobo.com/book-images/f4d068a2-498d-4817-97dd-d7492dc32b10/353/569/90/False/K9cd87y5oDGaSXDvYBOiAg.jpg,https://www.kobo.com/tw/zh/ebook/K9cd87y5oDGaSXDvYBOiAg?sId=a498edfb44291411f5c523ff1812b93b
2025-05-31,卡繆,異鄉人【獨家收錄沙特評論・2022全新名家譯本】,196,9789864896073,https://cdn.kobo.com/book-images/a71e071c-2ddd-47b0-ba0d-0ad67a3261c3/353/569/90/False/VQ2InesBOjKI-Xv96viLqA.jpg,https://www.kobo.com/tw/zh/ebook/VQ2InesBOjKI-Xv96viLqA?sId=a498edfb44291411f5c523ff1812b93b
2025-05-31,卡繆,瘟疫（2021最新名家譯本，卡繆對疫情下被禁錮人心的鼓舞）,210,9789860777192,https://cdn.kobo.com/book-images/9618975f-d9f0-47af-bd43-571387f8a06a/353/569/90/False/wJ6ORaWSDj60GIzsDTf9Zg.jpg,https://www.kobo.com/tw/zh/ebook/wJ6ORaWSDj60GIzsDTf9Zg?sId=a498edfb44291411f5c523ff1812b93b
2025-05-31,卡繆,異鄉人,179,3039571384641,https://cdn.kobo.com/book-images/81e2cbee-7fb1-445c-8a9a-54f11683b376/353/569/90/False/wUn6RJK3RjCYH8YflJqYFw.jpg,https://www.kobo.com/tw/zh/ebook/wUn6RJK3RjCYH8YflJqYFw?sId=a498edfb44291411f5c523ff1812b93b
2025-05-31,卡繆,反抗者（新版）,210,3150000000392,https://cdn.kobo.com/book-images/0169f08d-1636-4fe9-865e-ac9323facfa7/353/569/90/False/dnhkQv1woTKBLngzg4RbMg.jpg,https://www.kobo.com/tw/zh/ebook/dnhkQv1woTKBLngzg4RbMg?sId=a498edfb44291411f5c523ff1812b93b
2025-05-31,卡繆,薛西弗斯的神話：卡繆的荒謬哲學,230,3120000000285,https://cdn.kobo.com/book-images/8cfb868b-d1ce-428f-9dc1-8a7b0724f790/353/569/90/False/dz7TJXld6DK-tFChkyuNug.jpg,https://www.kobo.com/tw/zh/ebook/dz7TJXld6DK-tFChkyuNug?sId=a498edfb44291411f5c523ff1812b93b
2025-05-31,卡繆,卡里古拉【1957年諾貝爾文學獎得主描摹荒謬的經典代表作,166,9786267118108,https://cdn.kobo.com/book-images/228a6362-9e74-450c-806f-26d0291b0115/353/569/90/False/bUv8_ShWSDyzoufG54r66g.jpg,https://www.kobo.com/tw/zh/ebook/bUv8_ShWSDyzoufG54r66g?sId=a498edfb44291411f5c523ff1812b93b
2025-05-31,卡繆,異鄉人：最值得珍藏的名家譯本,224,3119864778287,https://cdn.kobo.com/book-images/59186bf1-d059-4aeb-afcb-36b164712ef7/353/569/90/False/XRU3eRrUUD6pvlI4liPZbg.jpg,https://www.kobo.com/tw/zh/ebook/XRU3eRrUUD6pvlI4liPZbg?sId=a498edfb44291411f5c523ff1812b93b
2025-05-31,卡繆,第一人：《異鄉人》存在主義大師的最後遺作！沒讀過《第一人》，就無法了解真正的卡繆！,360,7435000003050,https://cdn.kobo.com/book-images/1000dae4-0e54-4613-994a-2ca68f225aaf/353/569/90/False/mBrCwjCDbT-OmxW_MxQCPg.jpg,https://www.kobo.com/tw/zh/audiobook/mBrCwjCDbT-OmxW_MxQCPg?sId=a498edfb44291411f5c523ff1812b93b
2025-05-31,卡繆,墮落,182,9789861787558,https://cdn.kobo.com/book-images/023f55c5-13cf-4e65-aaa2-e1d0eebea177/353/569/90/False/ie-dvcJKuTWxECoQpt7ptg.jpg,https://www.kobo.com/tw/zh/ebook/ie-dvcJKuTWxECoQpt7ptg?sId=a498edfb44291411f5c523ff1812b93b
2025-05-31,卡繆,放逐與王國：卡繆短篇小說,260,9789865482541,https://cdn.kobo.com/book-images/033f901a-cea5-456e-9a5c-534f67c7dd33/353/569/90/False/SmaLhyIaRTOPTVVkw9jskg.jpg,https://www.kobo.com/tw/zh/ebook/SmaLhyIaRTOPTVVkw9jskg?sId=a971e3efcd34dbc808ff2350fc4c1d52
2025-05-31,卡繆,異鄉人,170,6849862272770,https://cdn.kobo.com/book-images/2f2b24f2-6a61-4ae2-a409-29c8eb0bc992/353/569/90/False/GYi3emouATurt5CEXNGY7A.jpg,https://www.kobo.com/tw/zh/ebook/GYi3emouATurt5CEXNGY7A?sId=a971e3efcd34dbc808ff2350fc4c1d52
2025-05-31,卡繆,瘟疫（名家經典新譯）,228,9789865482473,https://cdn.kobo.com/book-images/edbaf1b0-60cf-4781-90e1-dcb3d6358348/353/569/90/False/XSi3S6nkVz2SFyXwXYLq1g.jpg,https://www.kobo.com/tw/zh/ebook/XSi3S6nkVz2SFyXwXYLq1g?sId=a971e3efcd34dbc808ff2350fc4c1d52
2025-05-31,卡繆,放逐與王國,210,9789863874133,https://cdn.kobo.com/book-images/5f1ba02d-68c9-4aa5-85ab-824c904439e9/353/569/90/False/RVGALpaZsjaTbCo1SdZXqw.jpg,https://www.kobo.com/tw/zh/ebook/RVGALpaZsjaTbCo1SdZXqw?sId=a971e3efcd34dbc808ff2350fc4c1d52
2025-05-31,卡繆,異鄉人：荒謬三部曲，首部,210,7384000000024,https://cdn.kobo.com/book-images/12dc1249-e584-452a-a159-54be7be82c4d/353/569/90/False/MDkYBsM0cTm5Kq9j-44S0A.jpg,https://www.kobo.com/tw/zh/audiobook/MDkYBsM0cTm5Kq9j-44S0A?sId=a971e3efcd34dbc808ff2350fc4c1d52
2025-05-31,簡媜,一個人漫遊，古典森林,315,9789863877745,https://cdn.kobo.com/book-images/0c528bc8-18ea-46e3-acf0-f4c80125be95/353/569/90/False/Yyl9S4wUuDu8rltsfwH3UQ.jpg,https://www.kobo.com/tw/zh/ebook/Yyl9S4wUuDu8rltsfwH3UQ?sId=f542fa2da23a22d101385a5e547fca8e
2025-05-31,簡媜,陪我散步吧(增訂版),322,9789863878230,https://cdn.kobo.com/book-images/cbf936fb-e579-4f5e-889b-2d092f39c84e/353/569/90/False/5BeIP1SRfTC97-lqaxlVkQ.jpg,https://www.kobo.com/tw/zh/ebook/5BeIP1SRfTC97-lqaxlVkQ?sId=f542fa2da23a22d101385a5e547fca8e
2025-05-31,簡媜,吃朋友,245,7390866631382,https://cdn.kobo.com/book-images/03cd221a-bef1-420d-96fa-a1ff5f2ec5f8/353/569/90/False/5xrS1tW6YT6YFfX6xajasQ.jpg,https://www.kobo.com/tw/zh/ebook/5xrS1tW6YT6YFfX6xajasQ?sId=f542fa2da23a22d101385a5e547fca8e
2025-05-31,簡媜,我為你灑下月光,336,7390863872337,https://cdn.kobo.com/book-images/8d8c685d-f3c5-4e43-a07c-4a7a91f5ad22/353/569/90/False/RBqeU8INXTCG7D8npjR0bw.jpg,https://www.kobo.com/tw/zh/ebook/RBqeU8INXTCG7D8npjR0bw?sId=f542fa2da23a22d101385a5e547fca8e
2025-05-31,簡媜,十種寂寞,252,7390863873877,https://cdn.kobo.com/book-images/137d5050-a414-4644-a453-8236a3c7338c/353/569/90/False/SS3f6q_OmzG6ixjEoQQSBw.jpg,https://www.kobo.com/tw/zh/ebook/SS3f6q_OmzG6ixjEoQQSBw?sId=f542fa2da23a22d101385a5e547fca8e
2025-05-31,簡媜,女兒紅,196,9789863874096,https://cdn.kobo.com/book-images/73163054-0990-4413-b92d-a3d20f20ebaa/353/569/90/False/DBqadeV-gT-bmmVuqDItJg.jpg,https://www.kobo.com/tw/zh/ebook/DBqadeV-gT-bmmVuqDItJg?sId=f542fa2da23a22d101385a5e547fca8e
2025-05-31,簡媜,誰在銀閃閃的地方，等你（增訂版）,392,9789863876021,https://cdn.kobo.com/book-images/18d8f7d3-ad8d-4473-b1b7-aba2ada08383/353/569/90/False/tyYjDkeqiza61CrkeCJu7w.jpg,https://www.kobo.com/tw/zh/ebook/tyYjDkeqiza61CrkeCJu7w?sId=f542fa2da23a22d101385a5e547fca8e
2025-05-31,簡媜,夢遊書,196,9789863874546,https://cdn.kobo.com/book-images/df1c79f2-8ad2-4ed8-9f37-293c81359dd8/353/569/90/False/p_nX7y-6_D6gGQiQ7O__sw.jpg,https://www.kobo.com/tw/zh/ebook/p_nX7y-6_D6gGQiQ7O__sw?sId=f542fa2da23a22d101385a5e547fca8e
2025-05-31,簡媜,老師的十二樣見面禮,224,7390866873232,https://cdn.kobo.com/book-images/912cffcc-12b7-4881-820d-605be5c0f456/353/569/90/False/Opeot0Gw9zeKOcdaOXIiCg.jpg,https://www.kobo.com/tw/zh/ebook/Opeot0Gw9zeKOcdaOXIiCg?sId=f542fa2da23a22d101385a5e547fca8e
2025-05-31,簡媜,胭脂盆地,196,9789863874553,https://cdn.kobo.com/book-images/0ce65bd8-31e7-48ec-b6c2-f3b4da8f4cb7/353/569/90/False/_jcUd4QT3T6w0ZguwcDvlg.jpg,https://www.kobo.com/tw/zh/ebook/_jcUd4QT3T6w0ZguwcDvlg?sId=f542fa2da23a22d101385a5e547fca8e
2025-05-31,簡媜,紅嬰仔：一個女人和她的育嬰史,252,7390863873068,https://cdn.kobo.com/book-images/4c769dfc-5feb-45bb-bad9-d22ff6fe4425/353/569/90/False/3-XKV53DSzqry1rJm_LJEA.jpg,https://www.kobo.com/tw/zh/ebook/3-XKV53DSzqry1rJm_LJEA?sId=f542fa2da23a22d101385a5e547fca8e
2025-05-31,簡媜,天涯海角──福爾摩沙抒情誌,245,7390863873471,https://cdn.kobo.com/book-images/af00ba7f-99c1-44ae-b3d3-81c4e6e37430/353/569/90/False/y2QggT-GWz28HjuY_ABx1w.jpg,https://www.kobo.com/tw/zh/ebook/y2QggT-GWz28HjuY_ABx1w?sId=f542fa2da23a22d101385a5e547fca8e
2025-05-31,簡媜,老師的十二樣見面禮（增訂版）,329,9789863876236,https://cdn.kobo.com/book-images/5ddd0b2a-a9d1-403d-92c3-60f91baba3c6/353/569/90/False/7r6In9z6kTuCg3twvvZA2g.jpg,https://www.kobo.com/tw/zh/ebook/7r6In9z6kTuCg3twvvZA2g?sId=5549341a169d268709bc703a331e3229
2025-05-31,簡媜,微暈的樹林,210,9789863875857,https://cdn.kobo.com/book-images/df67a2d3-dab3-4ea6-bdd2-0f0e2b62a151/353/569/90/False/lRjcIazDljKdQZof57Hd9A.jpg,https://www.kobo.com/tw/zh/ebook/lRjcIazDljKdQZof57Hd9A?sId=5549341a169d268709bc703a331e3229
2025-05-31,簡媜,與歲月同等心跳,210,9789863877479,https://cdn.kobo.com/book-images/5dc05880-531e-4ce8-9a89-99be05f5d02b/353/569/90/False/1Cgc_XKbQj6NkWrPuaKd2g.jpg,https://www.kobo.com/tw/zh/ebook/1Cgc_XKbQj6NkWrPuaKd2g?sId=5549341a169d268709bc703a331e3229
2025-05-31,簡媜,下午茶,160,9789863876946,https://cdn.kobo.com/book-images/84781262-e7bd-4d10-a3c7-d19910fafa73/353/569/90/False/5iBW0pa_Wj2IztG5D0yKyw.jpg,https://www.kobo.com/tw/zh/ebook/5iBW0pa_Wj2IztG5D0yKyw?sId=5549341a169d268709bc703a331e3229
2025-05-31,簡媜,好一座浮島,210,9789863875666,https://cdn.kobo.com/book-images/dcfdfd36-7d3d-4201-89ab-681303731c15/353/569/90/False/tR63QOkIkjSZNYP1XN8qJQ.jpg,https://www.kobo.com/tw/zh/ebook/tR63QOkIkjSZNYP1XN8qJQ?sId=5549341a169d268709bc703a331e3229
2025-05-31,簡媜,舊情復燃,220,9789863876380,https://cdn.kobo.com/book-images/97241a9a-8187-4195-a573-9a921c04b9cc/353/569/90/False/wieReZ4jqT2vpPAPLsLmkA.jpg,https://www.kobo.com/tw/zh/ebook/wieReZ4jqT2vpPAPLsLmkA?sId=5549341a169d268709bc703a331e3229
2025-05-31,簡媜,密密語,280,9789863876953,https://cdn.kobo.com/book-images/76e8fe19-e84d-4b62-9707-03393a023486/353/569/90/False/mMg1YwJL9TemPTAVwHZbvw.jpg,https://www.kobo.com/tw/zh/ebook/mMg1YwJL9TemPTAVwHZbvw?sId=5549341a169d268709bc703a331e3229
2025-05-31,簡媜,旅人之歌——神遊山水詩,210,9789863877516,https://cdn.kobo.com/book-images/ba7b0973-6125-415b-91a8-f4910ba8f09b/353/569/90/False/BEgyL0ETLzSJLhvVE5yKmQ.jpg,https://www.kobo.com/tw/zh/ebook/BEgyL0ETLzSJLhvVE5yKmQ?sId=5549341a169d268709bc703a331e3229
2025-05-31,簡媜,月娘照眠牀,220,9789863875314,https://cdn.kobo.com/book-images/1dc984df-000f-4cfb-86bf-d71ead052b02/353/569/90/False/yifYBw_kEz-sjWx9O6wmTg.jpg,https://www.kobo.com/tw/zh/ebook/yifYBw_kEz-sjWx9O6wmTg?sId=5549341a169d268709bc703a331e3229
2025-05-31,簡媜,只緣身在此山中,224,9789863874911,https://cdn.kobo.com/book-images/a21ea0b7-2449-4d16-b4db-1aa18c1993f3/353/569/90/False/JR_gAXmObD6EROWQrNPmjw.jpg,https://www.kobo.com/tw/zh/ebook/JR_gAXmObD6EROWQrNPmjw?sId=5549341a169d268709bc703a331e3229
2025-05-31,赫曼．赫塞,流浪者之歌／悉達多,214,9786267095010,https://cdn.kobo.com/book-images/3f321736-62ab-46cb-ae65-dabe29f7eea4/353/569/90/False/BZkTJbpWnTWsH4_ozeT9vA.jpg,https://www.kobo.com/tw/zh/ebook/BZkTJbpWnTWsH4_ozeT9vA?sId=eba2f4b608807959ca0810187d08479d
2025-05-31,赫曼．赫塞,悉達多【獨家收錄保羅．科爾賀專文導讀、林懷民繆思分享】：一首印度的詩（流浪者之歌）,196,9789864895397,https://cdn.kobo.com/book-images/827cfb45-6d4c-43cb-866a-eb45ca8c20c7/353/569/90/False/8X4BYN4ZszavG3vs7B0Jdg.jpg,https://www.kobo.com/tw/zh/ebook/8X4BYN4ZszavG3vs7B0Jdg?sId=eba2f4b608807959ca0810187d08479d
2025-05-31,赫曼．赫塞,德米安：徬徨少年時 (告別徬徨，堅定地做你自己。全新無刪減完整譯本，慕尼黑大學圖書館愛藏版),245,3069869881963,https://cdn.kobo.com/book-images/a809baf5-4e7d-43c9-96e5-7d69fa248b50/353/569/90/False/6fn5ArUqVjSw56cshygW_Q.jpg,https://www.kobo.com/tw/zh/ebook/6fn5ArUqVjSw56cshygW_Q?sId=eba2f4b608807959ca0810187d08479d
2025-05-31,赫曼．赫塞,流浪者之歌（首度德文直譯本）,210,3090000000515,https://cdn.kobo.com/book-images/f601d38b-894e-436d-852c-e48f41d06a75/353/569/90/False/uWrynH7_LjCJaQT5rWrZjg.jpg,https://www.kobo.com/tw/zh/ebook/uWrynH7_LjCJaQT5rWrZjg?sId=eba2f4b608807959ca0810187d08479d
2025-05-31,赫曼．赫塞,徬徨少年時（德文直譯本）,196,3090000030292,https://cdn.kobo.com/book-images/0eb8b492-c683-4d13-8a2e-40fd1872ced9/353/569/90/False/p9r2phjlUzO8q-gEc3Ysmg.jpg,https://www.kobo.com/tw/zh/ebook/p9r2phjlUzO8q-gEc3Ysmg?sId=eba2f4b608807959ca0810187d08479d
2025-05-31,赫曼．赫塞,車輪下（首度德文直譯本）,210,3090000000590,https://cdn.kobo.com/book-images/40dde703-286a-487c-acca-3d0e177e4d0a/353/569/90/False/iRXS-e-7fzumzrZdY8d_8Q.jpg,https://www.kobo.com/tw/zh/ebook/iRXS-e-7fzumzrZdY8d_8Q?sId=eba2f4b608807959ca0810187d08479d
2025-05-31,赫曼．赫塞,荒野之狼（首度德文直譯本）,245,3090000005737,https://cdn.kobo.com/book-images/449cd682-c515-465f-b6f3-c5b59e8310e3/353/569/90/False/VFQPtyjUrTGJSlcoqoICxg.jpg,https://www.kobo.com/tw/zh/ebook/VFQPtyjUrTGJSlcoqoICxg?sId=eba2f4b608807959ca0810187d08479d
2025-05-31,赫曼．赫塞,赫曼赫塞童話故事集,250,3119864773930,https://cdn.kobo.com/book-images/5f4ae374-cda4-4a0c-a27f-58f4eb5939e0/353/569/90/False/fUpsq8DF8Tq5Lguv3pHWuQ.jpg,https://www.kobo.com/tw/zh/ebook/fUpsq8DF8Tq5Lguv3pHWuQ?sId=eba2f4b608807959ca0810187d08479d
2025-05-31,赫曼．赫塞,在書中發現自己的靈魂：慢讀赫塞,250,3128000000104,https://cdn.kobo.com/book-images/5139dd71-3f40-4bbf-aaa6-752447892743/353/569/90/False/mj-jE6bxOTazX9ad0uwE7g.jpg,https://www.kobo.com/tw/zh/ebook/mj-jE6bxOTazX9ad0uwE7g?sId=eba2f4b608807959ca0810187d08479d
2025-05-31,赫曼．赫塞,悉達多：一首印度的詩（流浪者之歌）,210,7384000000026,https://cdn.kobo.com/book-images/2ebd8c79-acb7-430a-abd8-3998815f26dd/353/569/90/False/5P5w8osOvzauH183YElyCw.jpg,https://www.kobo.com/tw/zh/audiobook/5P5w8osOvzauH183YElyCw?sId=eba2f4b608807959ca0810187d08479d
2025-05-31,赫曼．赫塞,鄉愁（德文直譯本）,196,3090000006527,https://cdn.kobo.com/book-images/567c8c31-ebf2-4ffb-a5b1-7e294bb27479/353/569/90/False/By8ilup3JjmH2kf5ty2N8g.jpg,https://www.kobo.com/tw/zh/ebook/By8ilup3JjmH2kf5ty2N8g?sId=eba2f4b608807959ca0810187d08479d
2025-05-31,赫曼．赫塞,德米安：埃米爾．辛克萊年少時的故事（徬徨少年時）,210,7384000000027,https://cdn.kobo.com/book-images/e921900f-2bfe-42d8-8547-198c1b3b42b1/353/569/90/False/pO0YjhmJajyGRrdkzlKsnA.jpg,https://www.kobo.com/tw/zh/audiobook/pO0YjhmJajyGRrdkzlKsnA?sId=eba2f4b608807959ca0810187d08479d
2025-05-31,赫曼．赫塞,德米安【獨家收錄詹姆斯・法蘭科專文導讀】：埃米爾．辛克萊年少時的故事（徬徨少年時）,210,9789864895403,https://cdn.kobo.com/book-images/ae0cd56f-8ec4-4e2d-bc97-29ea34073182/353/569/90/False/ib-jIoEV2Dqm0I1tAc6TWQ.jpg,https://www.kobo.com/tw/zh/ebook/ib-jIoEV2Dqm0I1tAc6TWQ?sId=a182cc7eeb840225298aeb705dbdb49e
2025-05-31,赫曼．赫塞,德米安：彷徨少年時,228,7289867101822,https://cdn.kobo.com/book-images/897fa0c7-1c7f-4005-9de8-784febd6e287/353/569/90/False/ZNYK-tlfkD-IZy3hlnFJAw.jpg,https://www.kobo.com/tw/zh/ebook/ZNYK-tlfkD-IZy3hlnFJAw?sId=a182cc7eeb840225298aeb705dbdb49e
2025-05-31,赫曼．赫塞,荒野之狼（德文新譯本）,294,3119864771400,https://cdn.kobo.com/book-images/c81844a1-3034-4867-a324-b6f0bd00c252/353/569/90/False/6g6wxeuiYjuWU71oa_5Mzg.jpg,https://www.kobo.com/tw/zh/ebook/6g6wxeuiYjuWU71oa_5Mzg?sId=a182cc7eeb840225298aeb705dbdb49e
2025-05-31,赫曼．赫塞,流浪者之歌,245,9786263744417,https://cdn.kobo.com/book-images/dbaffb64-2df7-46df-9836-4b43eb375d74/353/569/90/False/SSmAUWRnWD-200t2EoH_qQ.jpg,https://www.kobo.com/tw/zh/ebook/SSmAUWRnWD-200t2EoH_qQ?sId=a182cc7eeb840225298aeb705dbdb49e
2025-05-31,赫曼．赫塞,徬徨少年時,175,3090000000352,https://cdn.kobo.com/book-images/b98f888a-ae90-4674-8796-0c691b798c30/353/569/90/False/3cIVTFd3fz6t9pp0NaJsyA.jpg,https://www.kobo.com/tw/zh/ebook/3cIVTFd3fz6t9pp0NaJsyA?sId=a182cc7eeb840225298aeb705dbdb49e
2025-05-31,赫曼．赫塞,生命之歌,210,3090000000496,https://cdn.kobo.com/book-images/cab95401-af95-4f91-9d80-41eee92dade2/353/569/90/False/kfbDCDZ4SD6jxk-LU1ireg.jpg,https://www.kobo.com/tw/zh/ebook/kfbDCDZ4SD6jxk-LU1ireg?sId=a182cc7eeb840225298aeb705dbdb49e
2025-05-31,赫曼．赫塞,園圃之歌：諾貝爾文學獎大師赫曼．赫塞的自然哲思與手繪詩畫,266,9786269638079,https://cdn.kobo.com/book-images/f7453d28-8edd-4d0b-87ae-3f947835f381/353/569/90/False/jHi5IlslGTmTLqpPkwxScQ.jpg,https://www.kobo.com/tw/zh/ebook/jHi5IlslGTmTLqpPkwxScQ?sId=a182cc7eeb840225298aeb705dbdb49e
2025-05-31,赫曼．赫塞,荒野之狼,315,9786263966987,https://cdn.kobo.com/book-images/3bb495e7-b3a7-490f-be56-c4e3d0755850/353/569/90/False/8qvh-uvBNjeQ5sV5LtVHdw.jpg,https://www.kobo.com/tw/zh/ebook/8qvh-uvBNjeQ5sV5LtVHdw?sId=a182cc7eeb840225298aeb705dbdb49e
2025-05-31,赫曼．赫塞,流浪者之歌【感動解讀版】,400,9786269936137,https://cdn.kobo.com/book-images/921c4663-8c49-4f8f-a61f-e24755dbae11/353/569/90/False/JNfPTDEjDz-tAMfp3Egokg.jpg,https://www.kobo.com/tw/zh/ebook/JNfPTDEjDz-tAMfp3Egokg?sId=a182cc7eeb840225298aeb705dbdb49e
2025-05-31,赫曼．赫塞,中學生好享讀：諾貝爾大師短篇小說選,225,6709863201113,https://cdn.kobo.com/book-images/f48eb899-1243-4d56-a687-e9d45c5de9ef/353/569/90/False/pnJCPVTatTGHkaHGe4iYMw.jpg,https://www.kobo.com/tw/zh/ebook/pnJCPVTatTGHkaHGe4iYMw?sId=a182cc7eeb840225298aeb705dbdb49e
2025-05-31,赫曼．赫塞,悠遊之歌（三版）,175,9789864023936,https://cdn.kobo.com/book-images/e52679bc-171d-45f8-bf8a-8a159a9891ed/353/569/90/False/UHZLCrSJATqst2fZDCkzBA.jpg,https://www.kobo.com/tw/zh/ebook/UHZLCrSJATqst2fZDCkzBA?sId=a182cc7eeb840225298aeb705dbdb49e
2025-06-01,卡繆,異鄉人（卡繆版書衣）,154,3119861735450,https://cdn.kobo.com/book-images/24099253-90bc-4d80-8825-f6300e8b806f/353/569/90/False/gb2hSkF1KDGjqz18oam2aA.jpg,https://www.kobo.com/tw/zh/ebook/gb2hSkF1KDGjqz18oam2aA?sId=46ba2bfd4c2f90905c3bb2f5ae084144
2025-06-01,卡繆,卡繆荒謬與反抗系列作品全集套書：荒謬系列四部曲《異鄉人》《薛西弗斯的神話》《卡里古拉》《誤會》＋反抗系列三部曲《瘟疫》《反抗者》《正義者》【全新法文名家直譯，首次完整出版，親炙完整的卡繆荒謬哲學】,1519,3150000000694,https://cdn.kobo.com/book-images/76f16f12-492e-4435-b792-e97bba1721d5/353/569/90/False/Kx45Q5lYKTqv_nEYbdwV2A.jpg,https://www.kobo.com/tw/zh/ebook/Kx45Q5lYKTqv_nEYbdwV2A?sId=46ba2bfd4c2f90905c3bb2f5ae084144
2025-06-01,卡繆,放逐與王國,210,9789863874133,https://cdn.kobo.com/book-images/5f1ba02d-68c9-4aa5-85ab-824c904439e9/353/569/90/False/RVGALpaZsjaTbCo1SdZXqw.jpg,https://www.kobo.com/tw/zh/ebook/RVGALpaZsjaTbCo1SdZXqw?sId=46ba2bfd4c2f90905c3bb2f5ae084144
2025-06-01,卡繆,薛西弗斯的神話,210,3150000000396,https://cdn.kobo.com/book-images/71d8cd60-c407-4367-bced-a36718fcf86f/353/569/90/False/t0r8j-Ym4jee3YDu96AA1w.jpg,https://www.kobo.com/tw/zh/ebook/t0r8j-Ym4jee3YDu96AA1w?sId=46ba2bfd4c2f90905c3bb2f5ae084144
2025-06-01,卡繆,薛西弗斯的神話：點燃希望的哲學頌歌，法國七星文庫權威譯本【傅雷翻譯獎典藏版】,266,9786267596456,https://cdn.kobo.com/book-images/6ccfbf88-73ae-4691-b256-38387994ae56/353/569/90/False/7fFjSyTP9zKPTx3GcPFpfw.jpg,https://www.kobo.com/tw/zh/ebook/7fFjSyTP9zKPTx3GcPFpfw?sId=46ba2bfd4c2f90905c3bb2f5ae084144
2025-06-01,卡繆,正義者（首次出版，法文直譯名家譯本，卡繆展現對正義與反抗的考驗）,196,9789860777161,https://cdn.kobo.com/book-images/9291fc65-996d-4a27-83f4-a141c345d8cb/353/569/90/False/QQT3HgwFsT2xefv4IRMF9w.jpg,https://www.kobo.com/tw/zh/ebook/QQT3HgwFsT2xefv4IRMF9w?sId=46ba2bfd4c2f90905c3bb2f5ae084144
2025-06-01,卡繆,鼠疫,210,3119861737522,https://cdn.kobo.com/book-images/56a09ae8-dac7-4eb0-9dde-b427a5a1aacb/353/569/90/False/tGTtah0cyzKVQIXzpZ7NTQ.jpg,https://www.kobo.com/tw/zh/ebook/tGTtah0cyzKVQIXzpZ7NTQ?sId=46ba2bfd4c2f90905c3bb2f5ae084144
2025-06-01,卡繆,異鄉人（2020全新名家譯本，再現卡繆字句推敲的原義）,175,3150000000617,https://cdn.kobo.com/book-images/883f0dcf-e5f7-4dfe-b300-8d725a8da70d/353/569/90/False/0GQk9bH6VzyLV0Q9Faysow.jpg,https://www.kobo.com/tw/zh/ebook/0GQk9bH6VzyLV0Q9Faysow?sId=46ba2bfd4c2f90905c3bb2f5ae084144
2025-06-01,卡繆,異鄉人（卡繆經典暢銷作․中文版有聲書首度上市）,220,9789863449263,https://cdn.kobo.com/book-images/a910e55d-8df0-43d3-8ef2-df7dc21d51ba/353/569/90/False/t1OO6Q03qjuX0wfMsaUVPg.jpg,https://www.kobo.com/tw/zh/audiobook/t1OO6Q03qjuX0wfMsaUVPg?sId=46ba2bfd4c2f90905c3bb2f5ae084144
2025-06-01,卡繆,卡繆荒謬系列四部曲套書：《異鄉人》＋《薛西弗斯的神話》＋《卡里古拉》＋《誤會》【全新法文名家直譯，首次完整出版，親炙完整的卡繆荒謬哲學】,791,3150000000693,https://cdn.kobo.com/book-images/462128f0-194c-4f37-91e4-c9cdfbe0d7b2/353/569/90/False/iBMVIqmTtjmYjH2oJl_r8A.jpg,https://www.kobo.com/tw/zh/ebook/iBMVIqmTtjmYjH2oJl_r8A?sId=46ba2bfd4c2f90905c3bb2f5ae084144
2025-06-01,卡繆,卡繆反抗三部曲套書：《瘟疫》＋《反抗者》＋《正義者》【全新法文名家直譯，首次完整出版，親炙完整的卡繆反抗思想】,728,3150000000687,https://cdn.kobo.com/book-images/9f980967-d3c1-4ac0-9f8c-f8e0ccbbcc60/353/569/90/False/B1m2jKOONjKjTMVkT5k1NQ.jpg,https://www.kobo.com/tw/zh/ebook/B1m2jKOONjKjTMVkT5k1NQ?sId=46ba2bfd4c2f90905c3bb2f5ae084144
2025-06-01,卡繆,瘟疫,210,9789861785516,https://cdn.kobo.com/book-images/8d4f032e-dd57-4b50-a7d8-07f8e494bce5/353/569/90/False/sQ5ce_0gtz-yiFpE7SxWag.jpg,https://www.kobo.com/tw/zh/ebook/sQ5ce_0gtz-yiFpE7SxWag?sId=46ba2bfd4c2f90905c3bb2f5ae084144
2025-06-01,卡繆,誤會【1957年諾貝爾文學獎得主面對自我放逐之旅的核心之作】,196,9786267118139,https://cdn.kobo.com/book-images/f35af051-fd52-4e22-a2df-d19abd3abf6e/353/569/90/False/XznH9zQdijG-RQoi9MTYng.jpg,https://www.kobo.com/tw/zh/ebook/XznH9zQdijG-RQoi9MTYng?sId=d17b43364683332584a7a2f9076ed7ab
2025-06-01,卡繆,鼠疫【全新名家譯本】（特別收錄哲學解析〈一部存在主義小說的後現代閱讀〉）,266,9789864895434,https://cdn.kobo.com/book-images/f4d068a2-498d-4817-97dd-d7492dc32b10/353/569/90/False/K9cd87y5oDGaSXDvYBOiAg.jpg,https://www.kobo.com/tw/zh/ebook/K9cd87y5oDGaSXDvYBOiAg?sId=d17b43364683332584a7a2f9076ed7ab
2025-06-01,卡繆,異鄉人【獨家收錄沙特評論・2022全新名家譯本】,196,9789864896073,https://cdn.kobo.com/book-images/a71e071c-2ddd-47b0-ba0d-0ad67a3261c3/353/569/90/False/VQ2InesBOjKI-Xv96viLqA.jpg,https://www.kobo.com/tw/zh/ebook/VQ2InesBOjKI-Xv96viLqA?sId=d17b43364683332584a7a2f9076ed7ab
2025-06-01,卡繆,快樂的死,175,3120000000639,https://cdn.kobo.com/book-images/57e8ecec-6b0d-4586-882a-1f7699f9b494/353/569/90/False/gnS7T3tgLTS1t3eLSRBEeA.jpg,https://www.kobo.com/tw/zh/ebook/gnS7T3tgLTS1t3eLSRBEeA?sId=d17b43364683332584a7a2f9076ed7ab
2025-06-01,卡繆,瘟疫（2021最新名家譯本，卡繆對疫情下被禁錮人心的鼓舞）,266,9789860777192,https://cdn.kobo.com/book-images/9618975f-d9f0-47af-bd43-571387f8a06a/353/569/90/False/wJ6ORaWSDj60GIzsDTf9Zg.jpg,https://www.kobo.com/tw/zh/ebook/wJ6ORaWSDj60GIzsDTf9Zg?sId=d17b43364683332584a7a2f9076ed7ab
2025-06-01,卡繆,異鄉人,210,3039571384641,https://cdn.kobo.com/book-images/81e2cbee-7fb1-445c-8a9a-54f11683b376/353/569/90/False/wUn6RJK3RjCYH8YflJqYFw.jpg,https://www.kobo.com/tw/zh/ebook/wUn6RJK3RjCYH8YflJqYFw?sId=d17b43364683332584a7a2f9076ed7ab
2025-06-01,卡繆,反抗者（新版）,266,3150000000392,https://cdn.kobo.com/book-images/0169f08d-1636-4fe9-865e-ac9323facfa7/353/569/90/False/dnhkQv1woTKBLngzg4RbMg.jpg,https://www.kobo.com/tw/zh/ebook/dnhkQv1woTKBLngzg4RbMg?sId=d17b43364683332584a7a2f9076ed7ab
2025-06-01,卡繆,薛西弗斯的神話：卡繆的荒謬哲學,230,3120000000285,https://cdn.kobo.com/book-images/8cfb868b-d1ce-428f-9dc1-8a7b0724f790/353/569/90/False/dz7TJXld6DK-tFChkyuNug.jpg,https://www.kobo.com/tw/zh/ebook/dz7TJXld6DK-tFChkyuNug?sId=d17b43364683332584a7a2f9076ed7ab
2025-06-01,卡繆,卡里古拉【1957年諾貝爾文學獎得主描摹荒謬的經典代表作,210,9786267118108,https://cdn.kobo.com/book-images/228a6362-9e74-450c-806f-26d0291b0115/353/569/90/False/bUv8_ShWSDyzoufG54r66g.jpg,https://www.kobo.com/tw/zh/ebook/bUv8_ShWSDyzoufG54r66g?sId=d17b43364683332584a7a2f9076ed7ab
2025-06-01,卡繆,鼠疫（卡繆經典暢銷作․中文版有聲書首度上市）,300,9789863449270,https://cdn.kobo.com/book-images/ba766fe2-65df-4d69-83bc-798bf2340c10/353/569/90/False/AMe0qKS-yzinEfp_ItutUg.jpg,https://www.kobo.com/tw/zh/audiobook/AMe0qKS-yzinEfp_ItutUg?sId=d17b43364683332584a7a2f9076ed7ab
2025-06-01,卡繆,異鄉人：最值得珍藏的名家譯本,224,3119864778287,https://cdn.kobo.com/book-images/59186bf1-d059-4aeb-afcb-36b164712ef7/353/569/90/False/XRU3eRrUUD6pvlI4liPZbg.jpg,https://www.kobo.com/tw/zh/ebook/XRU3eRrUUD6pvlI4liPZbg?sId=d17b43364683332584a7a2f9076ed7ab
2025-06-01,卡繆,第一人：《異鄉人》存在主義大師的最後遺作！沒讀過《第一人》，就無法了解真正的卡繆！,360,7435000003050,https://cdn.kobo.com/book-images/1000dae4-0e54-4613-994a-2ca68f225aaf/353/569/90/False/mBrCwjCDbT-OmxW_MxQCPg.jpg,https://www.kobo.com/tw/zh/audiobook/mBrCwjCDbT-OmxW_MxQCPg?sId=d17b43364683332584a7a2f9076ed7ab
2025-06-01,卡繆,墮落,182,9789861787558,https://cdn.kobo.com/book-images/023f55c5-13cf-4e65-aaa2-e1d0eebea177/353/569/90/False/ie-dvcJKuTWxECoQpt7ptg.jpg,https://www.kobo.com/tw/zh/ebook/ie-dvcJKuTWxECoQpt7ptg?sId=703db940b761e6b5196c2d48f1935f56
2025-06-01,卡繆,放逐與王國：卡繆短篇小說,260,9789865482541,https://cdn.kobo.com/book-images/033f901a-cea5-456e-9a5c-534f67c7dd33/353/569/90/False/SmaLhyIaRTOPTVVkw9jskg.jpg,https://www.kobo.com/tw/zh/ebook/SmaLhyIaRTOPTVVkw9jskg?sId=703db940b761e6b5196c2d48f1935f56
2025-06-01,卡繆,異鄉人,170,6849862272770,https://cdn.kobo.com/book-images/2f2b24f2-6a61-4ae2-a409-29c8eb0bc992/353/569/90/False/GYi3emouATurt5CEXNGY7A.jpg,https://www.kobo.com/tw/zh/ebook/GYi3emouATurt5CEXNGY7A?sId=703db940b761e6b5196c2d48f1935f56
2025-06-01,卡繆,瘟疫（名家經典新譯）,228,9789865482473,https://cdn.kobo.com/book-images/edbaf1b0-60cf-4781-90e1-dcb3d6358348/353/569/90/False/XSi3S6nkVz2SFyXwXYLq1g.jpg,https://www.kobo.com/tw/zh/ebook/XSi3S6nkVz2SFyXwXYLq1g?sId=703db940b761e6b5196c2d48f1935f56
2025-06-01,卡繆,異鄉人：荒謬三部曲，首部,210,7384000000024,https://cdn.kobo.com/book-images/12dc1249-e584-452a-a159-54be7be82c4d/353/569/90/False/MDkYBsM0cTm5Kq9j-44S0A.jpg,https://www.kobo.com/tw/zh/audiobook/MDkYBsM0cTm5Kq9j-44S0A?sId=703db940b761e6b5196c2d48f1935f56
2025-06-01,簡媜,女兒紅,196,9789863874096,https://cdn.kobo.com/book-images/73163054-0990-4413-b92d-a3d20f20ebaa/353/569/90/False/DBqadeV-gT-bmmVuqDItJg.jpg,https://www.kobo.com/tw/zh/ebook/DBqadeV-gT-bmmVuqDItJg?sId=60dd8e9a7cae024121745d070eced3c5
2025-06-01,簡媜,陪我散步吧(增訂版),322,9789863878230,https://cdn.kobo.com/book-images/cbf936fb-e579-4f5e-889b-2d092f39c84e/353/569/90/False/5BeIP1SRfTC97-lqaxlVkQ.jpg,https://www.kobo.com/tw/zh/ebook/5BeIP1SRfTC97-lqaxlVkQ?sId=60dd8e9a7cae024121745d070eced3c5
2025-06-01,簡媜,一個人漫遊，古典森林,315,9789863877745,https://cdn.kobo.com/book-images/0c528bc8-18ea-46e3-acf0-f4c80125be95/353/569/90/False/Yyl9S4wUuDu8rltsfwH3UQ.jpg,https://www.kobo.com/tw/zh/ebook/Yyl9S4wUuDu8rltsfwH3UQ?sId=60dd8e9a7cae024121745d070eced3c5
2025-06-01,簡媜,我為你灑下月光,336,7390863872337,https://cdn.kobo.com/book-images/8d8c685d-f3c5-4e43-a07c-4a7a91f5ad22/353/569/90/False/RBqeU8INXTCG7D8npjR0bw.jpg,https://www.kobo.com/tw/zh/ebook/RBqeU8INXTCG7D8npjR0bw?sId=60dd8e9a7cae024121745d070eced3c5
2025-06-01,簡媜,十種寂寞,252,7390863873877,https://cdn.kobo.com/book-images/137d5050-a414-4644-a453-8236a3c7338c/353/569/90/False/SS3f6q_OmzG6ixjEoQQSBw.jpg,https://www.kobo.com/tw/zh/ebook/SS3f6q_OmzG6ixjEoQQSBw?sId=60dd8e9a7cae024121745d070eced3c5
2025-06-01,簡媜,誰在銀閃閃的地方，等你（增訂版）,392,9789863876021,https://cdn.kobo.com/book-images/18d8f7d3-ad8d-4473-b1b7-aba2ada08383/353/569/90/False/tyYjDkeqiza61CrkeCJu7w.jpg,https://www.kobo.com/tw/zh/ebook/tyYjDkeqiza61CrkeCJu7w?sId=60dd8e9a7cae024121745d070eced3c5
2025-06-01,簡媜,夢遊書,196,9789863874546,https://cdn.kobo.com/book-images/df1c79f2-8ad2-4ed8-9f37-293c81359dd8/353/569/90/False/p_nX7y-6_D6gGQiQ7O__sw.jpg,https://www.kobo.com/tw/zh/ebook/p_nX7y-6_D6gGQiQ7O__sw?sId=60dd8e9a7cae024121745d070eced3c5
2025-06-01,簡媜,吃朋友,245,7390866631382,https://cdn.kobo.com/book-images/03cd221a-bef1-420d-96fa-a1ff5f2ec5f8/353/569/90/False/5xrS1tW6YT6YFfX6xajasQ.jpg,https://www.kobo.com/tw/zh/ebook/5xrS1tW6YT6YFfX6xajasQ?sId=60dd8e9a7cae024121745d070eced3c5
2025-06-01,簡媜,老師的十二樣見面禮,224,7390866873232,https://cdn.kobo.com/book-images/912cffcc-12b7-4881-820d-605be5c0f456/353/569/90/False/Opeot0Gw9zeKOcdaOXIiCg.jpg,https://www.kobo.com/tw/zh/ebook/Opeot0Gw9zeKOcdaOXIiCg?sId=60dd8e9a7cae024121745d070eced3c5
2025-06-01,簡媜,胭脂盆地,196,9789863874553,https://cdn.kobo.com/book-images/0ce65bd8-31e7-48ec-b6c2-f3b4da8f4cb7/353/569/90/False/_jcUd4QT3T6w0ZguwcDvlg.jpg,https://www.kobo.com/tw/zh/ebook/_jcUd4QT3T6w0ZguwcDvlg?sId=60dd8e9a7cae024121745d070eced3c5
2025-06-01,簡媜,紅嬰仔：一個女人和她的育嬰史,252,7390863873068,https://cdn.kobo.com/book-images/4c769dfc-5feb-45bb-bad9-d22ff6fe4425/353/569/90/False/3-XKV53DSzqry1rJm_LJEA.jpg,https://www.kobo.com/tw/zh/ebook/3-XKV53DSzqry1rJm_LJEA?sId=60dd8e9a7cae024121745d070eced3c5
2025-06-01,簡媜,天涯海角──福爾摩沙抒情誌,245,7390863873471,https://cdn.kobo.com/book-images/af00ba7f-99c1-44ae-b3d3-81c4e6e37430/353/569/90/False/y2QggT-GWz28HjuY_ABx1w.jpg,https://www.kobo.com/tw/zh/ebook/y2QggT-GWz28HjuY_ABx1w?sId=60dd8e9a7cae024121745d070eced3c5
2025-06-01,簡媜,老師的十二樣見面禮（增訂版）,329,9789863876236,https://cdn.kobo.com/book-images/5ddd0b2a-a9d1-403d-92c3-60f91baba3c6/353/569/90/False/7r6In9z6kTuCg3twvvZA2g.jpg,https://www.kobo.com/tw/zh/ebook/7r6In9z6kTuCg3twvvZA2g?sId=3cd308fc9dac394e90e2965b23071186
2025-06-01,簡媜,微暈的樹林,210,9789863875857,https://cdn.kobo.com/book-images/df67a2d3-dab3-4ea6-bdd2-0f0e2b62a151/353/569/90/False/lRjcIazDljKdQZof57Hd9A.jpg,https://www.kobo.com/tw/zh/ebook/lRjcIazDljKdQZof57Hd9A?sId=3cd308fc9dac394e90e2965b23071186
2025-06-01,簡媜,與歲月同等心跳,210,9789863877479,https://cdn.kobo.com/book-images/5dc05880-531e-4ce8-9a89-99be05f5d02b/353/569/90/False/1Cgc_XKbQj6NkWrPuaKd2g.jpg,https://www.kobo.com/tw/zh/ebook/1Cgc_XKbQj6NkWrPuaKd2g?sId=3cd308fc9dac394e90e2965b23071186
2025-06-01,簡媜,下午茶,160,9789863876946,https://cdn.kobo.com/book-images/84781262-e7bd-4d10-a3c7-d19910fafa73/353/569/90/False/5iBW0pa_Wj2IztG5D0yKyw.jpg,https://www.kobo.com/tw/zh/ebook/5iBW0pa_Wj2IztG5D0yKyw?sId=3cd308fc9dac394e90e2965b23071186
2025-06-01,簡媜,好一座浮島,210,9789863875666,https://cdn.kobo.com/book-images/dcfdfd36-7d3d-4201-89ab-681303731c15/353/569/90/False/tR63QOkIkjSZNYP1XN8qJQ.jpg,https://www.kobo.com/tw/zh/ebook/tR63QOkIkjSZNYP1XN8qJQ?sId=3cd308fc9dac394e90e2965b23071186
2025-06-01,簡媜,舊情復燃,220,9789863876380,https://cdn.kobo.com/book-images/97241a9a-8187-4195-a573-9a921c04b9cc/353/569/90/False/wieReZ4jqT2vpPAPLsLmkA.jpg,https://www.kobo.com/tw/zh/ebook/wieReZ4jqT2vpPAPLsLmkA?sId=3cd308fc9dac394e90e2965b23071186
2025-06-01,簡媜,密密語,280,9789863876953,https://cdn.kobo.com/book-images/76e8fe19-e84d-4b62-9707-03393a023486/353/569/90/False/mMg1YwJL9TemPTAVwHZbvw.jpg,https://www.kobo.com/tw/zh/ebook/mMg1YwJL9TemPTAVwHZbvw?sId=3cd308fc9dac394e90e2965b23071186
2025-06-01,簡媜,旅人之歌——神遊山水詩,210,9789863877516,https://cdn.kobo.com/book-images/ba7b0973-6125-415b-91a8-f4910ba8f09b/353/569/90/False/BEgyL0ETLzSJLhvVE5yKmQ.jpg,https://www.kobo.com/tw/zh/ebook/BEgyL0ETLzSJLhvVE5yKmQ?sId=3cd308fc9dac394e90e2965b23071186
2025-06-01,簡媜,月娘照眠牀,220,9789863875314,https://cdn.kobo.com/book-images/1dc984df-000f-4cfb-86bf-d71ead052b02/353/569/90/False/yifYBw_kEz-sjWx9O6wmTg.jpg,https://www.kobo.com/tw/zh/ebook/yifYBw_kEz-sjWx9O6wmTg?sId=3cd308fc9dac394e90e2965b23071186
2025-06-01,簡媜,只緣身在此山中,224,9789863874911,https://cdn.kobo.com/book-images/a21ea0b7-2449-4d16-b4db-1aa18c1993f3/353/569/90/False/JR_gAXmObD6EROWQrNPmjw.jpg,https://www.kobo.com/tw/zh/ebook/JR_gAXmObD6EROWQrNPmjw?sId=3cd308fc9dac394e90e2965b23071186
2025-06-01,赫曼．赫塞,流浪者之歌／悉達多,252,9786267095010,https://cdn.kobo.com/book-images/3f321736-62ab-46cb-ae65-dabe29f7eea4/353/569/90/False/BZkTJbpWnTWsH4_ozeT9vA.jpg,https://www.kobo.com/tw/zh/ebook/BZkTJbpWnTWsH4_ozeT9vA?sId=2b3b2b9ced0a4376fa3bc0cd17278533
2025-06-01,赫曼．赫塞,車輪下（首度德文直譯本）,210,3090000000590,https://cdn.kobo.com/book-images/40dde703-286a-487c-acca-3d0e177e4d0a/353/569/90/False/iRXS-e-7fzumzrZdY8d_8Q.jpg,https://www.kobo.com/tw/zh/ebook/iRXS-e-7fzumzrZdY8d_8Q?sId=2b3b2b9ced0a4376fa3bc0cd17278533
2025-06-01,赫曼．赫塞,悉達多【獨家收錄保羅．科爾賀專文導讀、林懷民繆思分享】：一首印度的詩（流浪者之歌）,196,9789864895397,https://cdn.kobo.com/book-images/827cfb45-6d4c-43cb-866a-eb45ca8c20c7/353/569/90/False/8X4BYN4ZszavG3vs7B0Jdg.jpg,https://www.kobo.com/tw/zh/ebook/8X4BYN4ZszavG3vs7B0Jdg?sId=2b3b2b9ced0a4376fa3bc0cd17278533
2025-06-01,赫曼．赫塞,德米安：徬徨少年時 (告別徬徨，堅定地做你自己。全新無刪減完整譯本，慕尼黑大學圖書館愛藏版),245,3069869881963,https://cdn.kobo.com/book-images/a809baf5-4e7d-43c9-96e5-7d69fa248b50/353/569/90/False/6fn5ArUqVjSw56cshygW_Q.jpg,https://www.kobo.com/tw/zh/ebook/6fn5ArUqVjSw56cshygW_Q?sId=2b3b2b9ced0a4376fa3bc0cd17278533
2025-06-01,赫曼．赫塞,流浪者之歌（首度德文直譯本）,210,3090000000515,https://cdn.kobo.com/book-images/f601d38b-894e-436d-852c-e48f41d06a75/353/569/90/False/uWrynH7_LjCJaQT5rWrZjg.jpg,https://www.kobo.com/tw/zh/ebook/uWrynH7_LjCJaQT5rWrZjg?sId=2b3b2b9ced0a4376fa3bc0cd17278533
2025-06-01,赫曼．赫塞,徬徨少年時（德文直譯本）,196,3090000030292,https://cdn.kobo.com/book-images/0eb8b492-c683-4d13-8a2e-40fd1872ced9/353/569/90/False/p9r2phjlUzO8q-gEc3Ysmg.jpg,https://www.kobo.com/tw/zh/ebook/p9r2phjlUzO8q-gEc3Ysmg?sId=2b3b2b9ced0a4376fa3bc0cd17278533
2025-06-01,赫曼．赫塞,荒野之狼（首度德文直譯本）,245,3090000005737,https://cdn.kobo.com/book-images/449cd682-c515-465f-b6f3-c5b59e8310e3/353/569/90/False/VFQPtyjUrTGJSlcoqoICxg.jpg,https://www.kobo.com/tw/zh/ebook/VFQPtyjUrTGJSlcoqoICxg?sId=2b3b2b9ced0a4376fa3bc0cd17278533
2025-06-01,赫曼．赫塞,赫曼赫塞童話故事集,250,3119864773930,https://cdn.kobo.com/book-images/5f4ae374-cda4-4a0c-a27f-58f4eb5939e0/353/569/90/False/fUpsq8DF8Tq5Lguv3pHWuQ.jpg,https://www.kobo.com/tw/zh/ebook/fUpsq8DF8Tq5Lguv3pHWuQ?sId=2b3b2b9ced0a4376fa3bc0cd17278533
2025-06-01,赫曼．赫塞,在書中發現自己的靈魂：慢讀赫塞,250,3128000000104,https://cdn.kobo.com/book-images/5139dd71-3f40-4bbf-aaa6-752447892743/353/569/90/False/mj-jE6bxOTazX9ad0uwE7g.jpg,https://www.kobo.com/tw/zh/ebook/mj-jE6bxOTazX9ad0uwE7g?sId=2b3b2b9ced0a4376fa3bc0cd17278533
2025-06-01,赫曼．赫塞,悉達多：一首印度的詩（流浪者之歌）,210,7384000000026,https://cdn.kobo.com/book-images/2ebd8c79-acb7-430a-abd8-3998815f26dd/353/569/90/False/5P5w8osOvzauH183YElyCw.jpg,https://www.kobo.com/tw/zh/audiobook/5P5w8osOvzauH183YElyCw?sId=2b3b2b9ced0a4376fa3bc0cd17278533
2025-06-01,赫曼．赫塞,鄉愁（德文直譯本）,196,3090000006527,https://cdn.kobo.com/book-images/567c8c31-ebf2-4ffb-a5b1-7e294bb27479/353/569/90/False/By8ilup3JjmH2kf5ty2N8g.jpg,https://www.kobo.com/tw/zh/ebook/By8ilup3JjmH2kf5ty2N8g?sId=2b3b2b9ced0a4376fa3bc0cd17278533
2025-06-01,赫曼．赫塞,德米安：埃米爾．辛克萊年少時的故事（徬徨少年時）,210,7384000000027,https://cdn.kobo.com/book-images/e921900f-2bfe-42d8-8547-198c1b3b42b1/353/569/90/False/pO0YjhmJajyGRrdkzlKsnA.jpg,https://www.kobo.com/tw/zh/audiobook/pO0YjhmJajyGRrdkzlKsnA?sId=2b3b2b9ced0a4376fa3bc0cd17278533
2025-06-01,赫曼．赫塞,德米安【獨家收錄詹姆斯・法蘭科專文導讀】：埃米爾．辛克萊年少時的故事（徬徨少年時）,210,9789864895403,https://cdn.kobo.com/book-images/ae0cd56f-8ec4-4e2d-bc97-29ea34073182/353/569/90/False/ib-jIoEV2Dqm0I1tAc6TWQ.jpg,https://www.kobo.com/tw/zh/ebook/ib-jIoEV2Dqm0I1tAc6TWQ?sId=bd37205383ce63623cc2abd321be3596
2025-06-01,赫曼．赫塞,德米安：彷徨少年時,228,7289867101822,https://cdn.kobo.com/book-images/897fa0c7-1c7f-4005-9de8-784febd6e287/353/569/90/False/ZNYK-tlfkD-IZy3hlnFJAw.jpg,https://www.kobo.com/tw/zh/ebook/ZNYK-tlfkD-IZy3hlnFJAw?sId=bd37205383ce63623cc2abd321be3596
2025-06-01,赫曼．赫塞,荒野之狼（德文新譯本）,294,3119864771400,https://cdn.kobo.com/book-images/c81844a1-3034-4867-a324-b6f0bd00c252/353/569/90/False/6g6wxeuiYjuWU71oa_5Mzg.jpg,https://www.kobo.com/tw/zh/ebook/6g6wxeuiYjuWU71oa_5Mzg?sId=bd37205383ce63623cc2abd321be3596
2025-06-01,赫曼．赫塞,流浪者之歌,245,9786263744417,https://cdn.kobo.com/book-images/dbaffb64-2df7-46df-9836-4b43eb375d74/353/569/90/False/SSmAUWRnWD-200t2EoH_qQ.jpg,https://www.kobo.com/tw/zh/ebook/SSmAUWRnWD-200t2EoH_qQ?sId=bd37205383ce63623cc2abd321be3596
2025-06-01,赫曼．赫塞,徬徨少年時,175,3090000000352,https://cdn.kobo.com/book-images/b98f888a-ae90-4674-8796-0c691b798c30/353/569/90/False/3cIVTFd3fz6t9pp0NaJsyA.jpg,https://www.kobo.com/tw/zh/ebook/3cIVTFd3fz6t9pp0NaJsyA?sId=bd37205383ce63623cc2abd321be3596
2025-06-01,赫曼．赫塞,生命之歌,210,3090000000496,https://cdn.kobo.com/book-images/cab95401-af95-4f91-9d80-41eee92dade2/353/569/90/False/kfbDCDZ4SD6jxk-LU1ireg.jpg,https://www.kobo.com/tw/zh/ebook/kfbDCDZ4SD6jxk-LU1ireg?sId=bd37205383ce63623cc2abd321be3596
2025-06-01,赫曼．赫塞,園圃之歌：諾貝爾文學獎大師赫曼．赫塞的自然哲思與手繪詩畫,266,9786269638079,https://cdn.kobo.com/book-images/f7453d28-8edd-4d0b-87ae-3f947835f381/353/569/90/False/jHi5IlslGTmTLqpPkwxScQ.jpg,https://www.kobo.com/tw/zh/ebook/jHi5IlslGTmTLqpPkwxScQ?sId=bd37205383ce63623cc2abd321be3596
2025-06-01,赫曼．赫塞,荒野之狼,315,9786263966987,https://cdn.kobo.com/book-images/3bb495e7-b3a7-490f-be56-c4e3d0755850/353/569/90/False/8qvh-uvBNjeQ5sV5LtVHdw.jpg,https://www.kobo.com/tw/zh/ebook/8qvh-uvBNjeQ5sV5LtVHdw?sId=bd37205383ce63623cc2abd321be3596
2025-06-01,赫曼．赫塞,流浪者之歌【感動解讀版】,400,9786269936137,https://cdn.kobo.com/book-images/921c4663-8c49-4f8f-a61f-e24755dbae11/353/569/90/False/JNfPTDEjDz-tAMfp3Egokg.jpg,https://www.kobo.com/tw/zh/ebook/JNfPTDEjDz-tAMfp3Egokg?sId=bd37205383ce63623cc2abd321be3596
2025-06-01,赫曼．赫塞,中學生好享讀：諾貝爾大師短篇小說選,225,6709863201113,https://cdn.kobo.com/book-images/f48eb899-1243-4d56-a687-e9d45c5de9ef/353/569/90/False/pnJCPVTatTGHkaHGe4iYMw.jpg,https://www.kobo.com/tw/zh/ebook/pnJCPVTatTGHkaHGe4iYMw?sId=bd37205383ce63623cc2abd321be3596
2025-06-01,赫曼．赫塞,悠遊之歌（三版）,175,9789864023936,https://cdn.kobo.com/book-images/e52679bc-171d-45f8-bf8a-8a159a9891ed/353/569/90/False/UHZLCrSJATqst2fZDCkzBA.jpg,https://www.kobo.com/tw/zh/ebook/UHZLCrSJATqst2fZDCkzBA?sId=bd37205383ce63623cc2abd321be3596
2025-06-02,卡繆,薛西弗斯的神話,210,3150000000396,https://cdn.kobo.com/book-images/71d8cd60-c407-4367-bced-a36718fcf86f/353/569/90/False/t0r8j-Ym4jee3YDu96AA1w.jpg,https://www.kobo.com/tw/zh/ebook/t0r8j-Ym4jee3YDu96AA1w?sId=95d0d217d5fd1b5f32e6fb78b805872e
2025-06-02,卡繆,瘟疫（2021最新名家譯本，卡繆對疫情下被禁錮人心的鼓舞）,266,9789860777192,https://cdn.kobo.com/book-images/9618975f-d9f0-47af-bd43-571387f8a06a/353/569/90/False/wJ6ORaWSDj60GIzsDTf9Zg.jpg,https://www.kobo.com/tw/zh/ebook/wJ6ORaWSDj60GIzsDTf9Zg?sId=95d0d217d5fd1b5f32e6fb78b805872e
2025-06-02,卡繆,異鄉人（卡繆版書衣）,154,3119861735450,https://cdn.kobo.com/book-images/24099253-90bc-4d80-8825-f6300e8b806f/353/569/90/False/gb2hSkF1KDGjqz18oam2aA.jpg,https://www.kobo.com/tw/zh/ebook/gb2hSkF1KDGjqz18oam2aA?sId=95d0d217d5fd1b5f32e6fb78b805872e
2025-06-02,卡繆,正義者（首次出版，法文直譯名家譯本，卡繆展現對正義與反抗的考驗）,196,9789860777161,https://cdn.kobo.com/book-images/9291fc65-996d-4a27-83f4-a141c345d8cb/353/569/90/False/QQT3HgwFsT2xefv4IRMF9w.jpg,https://www.kobo.com/tw/zh/ebook/QQT3HgwFsT2xefv4IRMF9w?sId=95d0d217d5fd1b5f32e6fb78b805872e
2025-06-02,卡繆,放逐與王國,210,9789863874133,https://cdn.kobo.com/book-images/5f1ba02d-68c9-4aa5-85ab-824c904439e9/353/569/90/False/RVGALpaZsjaTbCo1SdZXqw.jpg,https://www.kobo.com/tw/zh/ebook/RVGALpaZsjaTbCo1SdZXqw?sId=95d0d217d5fd1b5f32e6fb78b805872e
2025-06-02,卡繆,薛西弗斯的神話：點燃希望的哲學頌歌，法國七星文庫權威譯本【傅雷翻譯獎典藏版】,266,9786267596456,https://cdn.kobo.com/book-images/6ccfbf88-73ae-4691-b256-38387994ae56/353/569/90/False/7fFjSyTP9zKPTx3GcPFpfw.jpg,https://www.kobo.com/tw/zh/ebook/7fFjSyTP9zKPTx3GcPFpfw?sId=95d0d217d5fd1b5f32e6fb78b805872e
2025-06-02,卡繆,卡繆荒謬與反抗系列作品全集套書：荒謬系列四部曲《異鄉人》《薛西弗斯的神話》《卡里古拉》《誤會》＋反抗系列三部曲《瘟疫》《反抗者》《正義者》【全新法文名家直譯，首次完整出版，親炙完整的卡繆荒謬哲學】,1519,3150000000694,https://cdn.kobo.com/book-images/76f16f12-492e-4435-b792-e97bba1721d5/353/569/90/False/Kx45Q5lYKTqv_nEYbdwV2A.jpg,https://www.kobo.com/tw/zh/ebook/Kx45Q5lYKTqv_nEYbdwV2A?sId=95d0d217d5fd1b5f32e6fb78b805872e
2025-06-02,卡繆,異鄉人（卡繆經典暢銷作․中文版有聲書首度上市）,220,9789863449263,https://cdn.kobo.com/book-images/a910e55d-8df0-43d3-8ef2-df7dc21d51ba/353/569/90/False/t1OO6Q03qjuX0wfMsaUVPg.jpg,https://www.kobo.com/tw/zh/audiobook/t1OO6Q03qjuX0wfMsaUVPg?sId=95d0d217d5fd1b5f32e6fb78b805872e
2025-06-02,卡繆,鼠疫,210,3119861737522,https://cdn.kobo.com/book-images/56a09ae8-dac7-4eb0-9dde-b427a5a1aacb/353/569/90/False/tGTtah0cyzKVQIXzpZ7NTQ.jpg,https://www.kobo.com/tw/zh/ebook/tGTtah0cyzKVQIXzpZ7NTQ?sId=95d0d217d5fd1b5f32e6fb78b805872e
2025-06-02,卡繆,卡繆荒謬系列四部曲套書：《異鄉人》＋《薛西弗斯的神話》＋《卡里古拉》＋《誤會》【全新法文名家直譯，首次完整出版，親炙完整的卡繆荒謬哲學】,791,3150000000693,https://cdn.kobo.com/book-images/462128f0-194c-4f37-91e4-c9cdfbe0d7b2/353/569/90/False/iBMVIqmTtjmYjH2oJl_r8A.jpg,https://www.kobo.com/tw/zh/ebook/iBMVIqmTtjmYjH2oJl_r8A?sId=95d0d217d5fd1b5f32e6fb78b805872e
2025-06-02,卡繆,卡繆反抗三部曲套書：《瘟疫》＋《反抗者》＋《正義者》【全新法文名家直譯，首次完整出版，親炙完整的卡繆反抗思想】,728,3150000000687,https://cdn.kobo.com/book-images/9f980967-d3c1-4ac0-9f8c-f8e0ccbbcc60/353/569/90/False/B1m2jKOONjKjTMVkT5k1NQ.jpg,https://www.kobo.com/tw/zh/ebook/B1m2jKOONjKjTMVkT5k1NQ?sId=95d0d217d5fd1b5f32e6fb78b805872e
2025-06-02,卡繆,瘟疫,210,9789861785516,https://cdn.kobo.com/book-images/8d4f032e-dd57-4b50-a7d8-07f8e494bce5/353/569/90/False/sQ5ce_0gtz-yiFpE7SxWag.jpg,https://www.kobo.com/tw/zh/ebook/sQ5ce_0gtz-yiFpE7SxWag?sId=95d0d217d5fd1b5f32e6fb78b805872e
2025-06-02,卡繆,誤會【1957年諾貝爾文學獎得主面對自我放逐之旅的核心之作】,196,9786267118139,https://cdn.kobo.com/book-images/f35af051-fd52-4e22-a2df-d19abd3abf6e/353/569/90/False/XznH9zQdijG-RQoi9MTYng.jpg,https://www.kobo.com/tw/zh/ebook/XznH9zQdijG-RQoi9MTYng?sId=ea99e31a4219191c54dd122355d9bdbe
2025-06-02,卡繆,異鄉人（2020全新名家譯本，再現卡繆字句推敲的原義）,175,3150000000617,https://cdn.kobo.com/book-images/883f0dcf-e5f7-4dfe-b300-8d725a8da70d/353/569/90/False/0GQk9bH6VzyLV0Q9Faysow.jpg,https://www.kobo.com/tw/zh/ebook/0GQk9bH6VzyLV0Q9Faysow?sId=ea99e31a4219191c54dd122355d9bdbe
2025-06-02,卡繆,鼠疫【全新名家譯本】（特別收錄哲學解析〈一部存在主義小說的後現代閱讀〉）,266,9789864895434,https://cdn.kobo.com/book-images/f4d068a2-498d-4817-97dd-d7492dc32b10/353/569/90/False/K9cd87y5oDGaSXDvYBOiAg.jpg,https://www.kobo.com/tw/zh/ebook/K9cd87y5oDGaSXDvYBOiAg?sId=ea99e31a4219191c54dd122355d9bdbe
2025-06-02,卡繆,異鄉人【獨家收錄沙特評論・2022全新名家譯本】,196,9789864896073,https://cdn.kobo.com/book-images/a71e071c-2ddd-47b0-ba0d-0ad67a3261c3/353/569/90/False/VQ2InesBOjKI-Xv96viLqA.jpg,https://www.kobo.com/tw/zh/ebook/VQ2InesBOjKI-Xv96viLqA?sId=ea99e31a4219191c54dd122355d9bdbe
2025-06-02,卡繆,快樂的死,175,3120000000639,https://cdn.kobo.com/book-images/57e8ecec-6b0d-4586-882a-1f7699f9b494/353/569/90/False/gnS7T3tgLTS1t3eLSRBEeA.jpg,https://www.kobo.com/tw/zh/ebook/gnS7T3tgLTS1t3eLSRBEeA?sId=ea99e31a4219191c54dd122355d9bdbe
2025-06-02,卡繆,異鄉人,210,3039571384641,https://cdn.kobo.com/book-images/81e2cbee-7fb1-445c-8a9a-54f11683b376/353/569/90/False/wUn6RJK3RjCYH8YflJqYFw.jpg,https://www.kobo.com/tw/zh/ebook/wUn6RJK3RjCYH8YflJqYFw?sId=ea99e31a4219191c54dd122355d9bdbe
2025-06-02,卡繆,反抗者（新版）,266,3150000000392,https://cdn.kobo.com/book-images/0169f08d-1636-4fe9-865e-ac9323facfa7/353/569/90/False/dnhkQv1woTKBLngzg4RbMg.jpg,https://www.kobo.com/tw/zh/ebook/dnhkQv1woTKBLngzg4RbMg?sId=ea99e31a4219191c54dd122355d9bdbe
2025-06-02,卡繆,薛西弗斯的神話：卡繆的荒謬哲學,230,3120000000285,https://cdn.kobo.com/book-images/8cfb868b-d1ce-428f-9dc1-8a7b0724f790/353/569/90/False/dz7TJXld6DK-tFChkyuNug.jpg,https://www.kobo.com/tw/zh/ebook/dz7TJXld6DK-tFChkyuNug?sId=ea99e31a4219191c54dd122355d9bdbe
2025-06-02,卡繆,卡里古拉【1957年諾貝爾文學獎得主描摹荒謬的經典代表作,210,9786267118108,https://cdn.kobo.com/book-images/228a6362-9e74-450c-806f-26d0291b0115/353/569/90/False/bUv8_ShWSDyzoufG54r66g.jpg,https://www.kobo.com/tw/zh/ebook/bUv8_ShWSDyzoufG54r66g?sId=ea99e31a4219191c54dd122355d9bdbe
2025-06-02,卡繆,鼠疫（卡繆經典暢銷作․中文版有聲書首度上市）,300,9789863449270,https://cdn.kobo.com/book-images/ba766fe2-65df-4d69-83bc-798bf2340c10/353/569/90/False/AMe0qKS-yzinEfp_ItutUg.jpg,https://www.kobo.com/tw/zh/audiobook/AMe0qKS-yzinEfp_ItutUg?sId=ea99e31a4219191c54dd122355d9bdbe
2025-06-02,卡繆,異鄉人：最值得珍藏的名家譯本,224,3119864778287,https://cdn.kobo.com/book-images/59186bf1-d059-4aeb-afcb-36b164712ef7/353/569/90/False/XRU3eRrUUD6pvlI4liPZbg.jpg,https://www.kobo.com/tw/zh/ebook/XRU3eRrUUD6pvlI4liPZbg?sId=ea99e31a4219191c54dd122355d9bdbe
2025-06-02,卡繆,第一人：《異鄉人》存在主義大師的最後遺作！沒讀過《第一人》，就無法了解真正的卡繆！,360,7435000003050,https://cdn.kobo.com/book-images/1000dae4-0e54-4613-994a-2ca68f225aaf/353/569/90/False/mBrCwjCDbT-OmxW_MxQCPg.jpg,https://www.kobo.com/tw/zh/audiobook/mBrCwjCDbT-OmxW_MxQCPg?sId=ea99e31a4219191c54dd122355d9bdbe
2025-06-02,卡繆,墮落,182,9789861787558,https://cdn.kobo.com/book-images/023f55c5-13cf-4e65-aaa2-e1d0eebea177/353/569/90/False/ie-dvcJKuTWxECoQpt7ptg.jpg,https://www.kobo.com/tw/zh/ebook/ie-dvcJKuTWxECoQpt7ptg?sId=896c85a96bc40d806021ab8fd9ed8e38
2025-06-02,卡繆,放逐與王國：卡繆短篇小說,260,9789865482541,https://cdn.kobo.com/book-images/033f901a-cea5-456e-9a5c-534f67c7dd33/353/569/90/False/SmaLhyIaRTOPTVVkw9jskg.jpg,https://www.kobo.com/tw/zh/ebook/SmaLhyIaRTOPTVVkw9jskg?sId=896c85a96bc40d806021ab8fd9ed8e38
2025-06-02,卡繆,異鄉人,170,6849862272770,https://cdn.kobo.com/book-images/2f2b24f2-6a61-4ae2-a409-29c8eb0bc992/353/569/90/False/GYi3emouATurt5CEXNGY7A.jpg,https://www.kobo.com/tw/zh/ebook/GYi3emouATurt5CEXNGY7A?sId=896c85a96bc40d806021ab8fd9ed8e38
2025-06-02,卡繆,瘟疫（名家經典新譯）,228,9789865482473,https://cdn.kobo.com/book-images/edbaf1b0-60cf-4781-90e1-dcb3d6358348/353/569/90/False/XSi3S6nkVz2SFyXwXYLq1g.jpg,https://www.kobo.com/tw/zh/ebook/XSi3S6nkVz2SFyXwXYLq1g?sId=896c85a96bc40d806021ab8fd9ed8e38
2025-06-02,卡繆,異鄉人：荒謬三部曲，首部,210,7384000000024,https://cdn.kobo.com/book-images/12dc1249-e584-452a-a159-54be7be82c4d/353/569/90/False/MDkYBsM0cTm5Kq9j-44S0A.jpg,https://www.kobo.com/tw/zh/audiobook/MDkYBsM0cTm5Kq9j-44S0A?sId=896c85a96bc40d806021ab8fd9ed8e38
2025-06-02,簡媜,女兒紅,196,9789863874096,https://cdn.kobo.com/book-images/73163054-0990-4413-b92d-a3d20f20ebaa/353/569/90/False/DBqadeV-gT-bmmVuqDItJg.jpg,https://www.kobo.com/tw/zh/ebook/DBqadeV-gT-bmmVuqDItJg?sId=ecda0ce0b444f5f621eaea27ef654fd3
2025-06-02,簡媜,陪我散步吧(增訂版),322,9789863878230,https://cdn.kobo.com/book-images/cbf936fb-e579-4f5e-889b-2d092f39c84e/353/569/90/False/5BeIP1SRfTC97-lqaxlVkQ.jpg,https://www.kobo.com/tw/zh/ebook/5BeIP1SRfTC97-lqaxlVkQ?sId=ecda0ce0b444f5f621eaea27ef654fd3
2025-06-02,簡媜,一個人漫遊，古典森林,315,9789863877745,https://cdn.kobo.com/book-images/0c528bc8-18ea-46e3-acf0-f4c80125be95/353/569/90/False/Yyl9S4wUuDu8rltsfwH3UQ.jpg,https://www.kobo.com/tw/zh/ebook/Yyl9S4wUuDu8rltsfwH3UQ?sId=ecda0ce0b444f5f621eaea27ef654fd3
2025-06-02,簡媜,十種寂寞,252,7390863873877,https://cdn.kobo.com/book-images/137d5050-a414-4644-a453-8236a3c7338c/353/569/90/False/SS3f6q_OmzG6ixjEoQQSBw.jpg,https://www.kobo.com/tw/zh/ebook/SS3f6q_OmzG6ixjEoQQSBw?sId=ecda0ce0b444f5f621eaea27ef654fd3
2025-06-02,簡媜,我為你灑下月光,336,7390863872337,https://cdn.kobo.com/book-images/8d8c685d-f3c5-4e43-a07c-4a7a91f5ad22/353/569/90/False/RBqeU8INXTCG7D8npjR0bw.jpg,https://www.kobo.com/tw/zh/ebook/RBqeU8INXTCG7D8npjR0bw?sId=ecda0ce0b444f5f621eaea27ef654fd3
2025-06-02,簡媜,誰在銀閃閃的地方，等你（增訂版）,392,9789863876021,https://cdn.kobo.com/book-images/18d8f7d3-ad8d-4473-b1b7-aba2ada08383/353/569/90/False/tyYjDkeqiza61CrkeCJu7w.jpg,https://www.kobo.com/tw/zh/ebook/tyYjDkeqiza61CrkeCJu7w?sId=ecda0ce0b444f5f621eaea27ef654fd3
2025-06-02,簡媜,夢遊書,196,9789863874546,https://cdn.kobo.com/book-images/df1c79f2-8ad2-4ed8-9f37-293c81359dd8/353/569/90/False/p_nX7y-6_D6gGQiQ7O__sw.jpg,https://www.kobo.com/tw/zh/ebook/p_nX7y-6_D6gGQiQ7O__sw?sId=ecda0ce0b444f5f621eaea27ef654fd3
2025-06-02,簡媜,吃朋友,245,7390866631382,https://cdn.kobo.com/book-images/03cd221a-bef1-420d-96fa-a1ff5f2ec5f8/353/569/90/False/5xrS1tW6YT6YFfX6xajasQ.jpg,https://www.kobo.com/tw/zh/ebook/5xrS1tW6YT6YFfX6xajasQ?sId=ecda0ce0b444f5f621eaea27ef654fd3
2025-06-02,簡媜,老師的十二樣見面禮,224,7390866873232,https://cdn.kobo.com/book-images/912cffcc-12b7-4881-820d-605be5c0f456/353/569/90/False/Opeot0Gw9zeKOcdaOXIiCg.jpg,https://www.kobo.com/tw/zh/ebook/Opeot0Gw9zeKOcdaOXIiCg?sId=ecda0ce0b444f5f621eaea27ef654fd3
2025-06-02,簡媜,胭脂盆地,196,9789863874553,https://cdn.kobo.com/book-images/0ce65bd8-31e7-48ec-b6c2-f3b4da8f4cb7/353/569/90/False/_jcUd4QT3T6w0ZguwcDvlg.jpg,https://www.kobo.com/tw/zh/ebook/_jcUd4QT3T6w0ZguwcDvlg?sId=ecda0ce0b444f5f621eaea27ef654fd3
2025-06-02,簡媜,紅嬰仔：一個女人和她的育嬰史,252,7390863873068,https://cdn.kobo.com/book-images/4c769dfc-5feb-45bb-bad9-d22ff6fe4425/353/569/90/False/3-XKV53DSzqry1rJm_LJEA.jpg,https://www.kobo.com/tw/zh/ebook/3-XKV53DSzqry1rJm_LJEA?sId=ecda0ce0b444f5f621eaea27ef654fd3
2025-06-02,簡媜,天涯海角──福爾摩沙抒情誌,245,7390863873471,https://cdn.kobo.com/book-images/af00ba7f-99c1-44ae-b3d3-81c4e6e37430/353/569/90/False/y2QggT-GWz28HjuY_ABx1w.jpg,https://www.kobo.com/tw/zh/ebook/y2QggT-GWz28HjuY_ABx1w?sId=ecda0ce0b444f5f621eaea27ef654fd3
2025-06-02,簡媜,老師的十二樣見面禮（增訂版）,329,9789863876236,https://cdn.kobo.com/book-images/5ddd0b2a-a9d1-403d-92c3-60f91baba3c6/353/569/90/False/7r6In9z6kTuCg3twvvZA2g.jpg,https://www.kobo.com/tw/zh/ebook/7r6In9z6kTuCg3twvvZA2g?sId=7968ce693e402b7fa518f25f2a87616b
2025-06-02,簡媜,微暈的樹林,210,9789863875857,https://cdn.kobo.com/book-images/df67a2d3-dab3-4ea6-bdd2-0f0e2b62a151/353/569/90/False/lRjcIazDljKdQZof57Hd9A.jpg,https://www.kobo.com/tw/zh/ebook/lRjcIazDljKdQZof57Hd9A?sId=7968ce693e402b7fa518f25f2a87616b
2025-06-02,簡媜,與歲月同等心跳,210,9789863877479,https://cdn.kobo.com/book-images/5dc05880-531e-4ce8-9a89-99be05f5d02b/353/569/90/False/1Cgc_XKbQj6NkWrPuaKd2g.jpg,https://www.kobo.com/tw/zh/ebook/1Cgc_XKbQj6NkWrPuaKd2g?sId=7968ce693e402b7fa518f25f2a87616b
2025-06-02,簡媜,下午茶,160,9789863876946,https://cdn.kobo.com/book-images/84781262-e7bd-4d10-a3c7-d19910fafa73/353/569/90/False/5iBW0pa_Wj2IztG5D0yKyw.jpg,https://www.kobo.com/tw/zh/ebook/5iBW0pa_Wj2IztG5D0yKyw?sId=7968ce693e402b7fa518f25f2a87616b
2025-06-02,簡媜,好一座浮島,210,9789863875666,https://cdn.kobo.com/book-images/dcfdfd36-7d3d-4201-89ab-681303731c15/353/569/90/False/tR63QOkIkjSZNYP1XN8qJQ.jpg,https://www.kobo.com/tw/zh/ebook/tR63QOkIkjSZNYP1XN8qJQ?sId=7968ce693e402b7fa518f25f2a87616b
2025-06-02,簡媜,舊情復燃,220,9789863876380,https://cdn.kobo.com/book-images/97241a9a-8187-4195-a573-9a921c04b9cc/353/569/90/False/wieReZ4jqT2vpPAPLsLmkA.jpg,https://www.kobo.com/tw/zh/ebook/wieReZ4jqT2vpPAPLsLmkA?sId=7968ce693e402b7fa518f25f2a87616b
2025-06-02,簡媜,密密語,280,9789863876953,https://cdn.kobo.com/book-images/76e8fe19-e84d-4b62-9707-03393a023486/353/569/90/False/mMg1YwJL9TemPTAVwHZbvw.jpg,https://www.kobo.com/tw/zh/ebook/mMg1YwJL9TemPTAVwHZbvw?sId=7968ce693e402b7fa518f25f2a87616b
2025-06-02,簡媜,旅人之歌——神遊山水詩,210,9789863877516,https://cdn.kobo.com/book-images/ba7b0973-6125-415b-91a8-f4910ba8f09b/353/569/90/False/BEgyL0ETLzSJLhvVE5yKmQ.jpg,https://www.kobo.com/tw/zh/ebook/BEgyL0ETLzSJLhvVE5yKmQ?sId=7968ce693e402b7fa518f25f2a87616b
2025-06-02,簡媜,月娘照眠牀,220,9789863875314,https://cdn.kobo.com/book-images/1dc984df-000f-4cfb-86bf-d71ead052b02/353/569/90/False/yifYBw_kEz-sjWx9O6wmTg.jpg,https://www.kobo.com/tw/zh/ebook/yifYBw_kEz-sjWx9O6wmTg?sId=7968ce693e402b7fa518f25f2a87616b
2025-06-02,簡媜,只緣身在此山中,224,9789863874911,https://cdn.kobo.com/book-images/a21ea0b7-2449-4d16-b4db-1aa18c1993f3/353/569/90/False/JR_gAXmObD6EROWQrNPmjw.jpg,https://www.kobo.com/tw/zh/ebook/JR_gAXmObD6EROWQrNPmjw?sId=7968ce693e402b7fa518f25f2a87616b
2025-06-02,赫曼．赫塞,流浪者之歌／悉達多,252,9786267095010,https://cdn.kobo.com/book-images/3f321736-62ab-46cb-ae65-dabe29f7eea4/353/569/90/False/BZkTJbpWnTWsH4_ozeT9vA.jpg,https://www.kobo.com/tw/zh/ebook/BZkTJbpWnTWsH4_ozeT9vA?sId=ca1a51bd570babedfaa40b91aa0bb2d7
2025-06-02,赫曼．赫塞,車輪下（首度德文直譯本）,210,3090000000590,https://cdn.kobo.com/book-images/40dde703-286a-487c-acca-3d0e177e4d0a/353/569/90/False/iRXS-e-7fzumzrZdY8d_8Q.jpg,https://www.kobo.com/tw/zh/ebook/iRXS-e-7fzumzrZdY8d_8Q?sId=ca1a51bd570babedfaa40b91aa0bb2d7
2025-06-02,赫曼．赫塞,悉達多【獨家收錄保羅．科爾賀專文導讀、林懷民繆思分享】：一首印度的詩（流浪者之歌）,196,9789864895397,https://cdn.kobo.com/book-images/827cfb45-6d4c-43cb-866a-eb45ca8c20c7/353/569/90/False/8X4BYN4ZszavG3vs7B0Jdg.jpg,https://www.kobo.com/tw/zh/ebook/8X4BYN4ZszavG3vs7B0Jdg?sId=ca1a51bd570babedfaa40b91aa0bb2d7
2025-06-02,赫曼．赫塞,德米安：徬徨少年時 (告別徬徨，堅定地做你自己。全新無刪減完整譯本，慕尼黑大學圖書館愛藏版),245,3069869881963,https://cdn.kobo.com/book-images/a809baf5-4e7d-43c9-96e5-7d69fa248b50/353/569/90/False/6fn5ArUqVjSw56cshygW_Q.jpg,https://www.kobo.com/tw/zh/ebook/6fn5ArUqVjSw56cshygW_Q?sId=ca1a51bd570babedfaa40b91aa0bb2d7
2025-06-02,赫曼．赫塞,流浪者之歌（首度德文直譯本）,210,3090000000515,https://cdn.kobo.com/book-images/f601d38b-894e-436d-852c-e48f41d06a75/353/569/90/False/uWrynH7_LjCJaQT5rWrZjg.jpg,https://www.kobo.com/tw/zh/ebook/uWrynH7_LjCJaQT5rWrZjg?sId=ca1a51bd570babedfaa40b91aa0bb2d7
2025-06-02,赫曼．赫塞,徬徨少年時（德文直譯本）,196,3090000030292,https://cdn.kobo.com/book-images/0eb8b492-c683-4d13-8a2e-40fd1872ced9/353/569/90/False/p9r2phjlUzO8q-gEc3Ysmg.jpg,https://www.kobo.com/tw/zh/ebook/p9r2phjlUzO8q-gEc3Ysmg?sId=ca1a51bd570babedfaa40b91aa0bb2d7
2025-06-02,赫曼．赫塞,赫曼赫塞童話故事集,250,3119864773930,https://cdn.kobo.com/book-images/5f4ae374-cda4-4a0c-a27f-58f4eb5939e0/353/569/90/False/fUpsq8DF8Tq5Lguv3pHWuQ.jpg,https://www.kobo.com/tw/zh/ebook/fUpsq8DF8Tq5Lguv3pHWuQ?sId=ca1a51bd570babedfaa40b91aa0bb2d7
2025-06-02,赫曼．赫塞,在書中發現自己的靈魂：慢讀赫塞,250,3128000000104,https://cdn.kobo.com/book-images/5139dd71-3f40-4bbf-aaa6-752447892743/353/569/90/False/mj-jE6bxOTazX9ad0uwE7g.jpg,https://www.kobo.com/tw/zh/ebook/mj-jE6bxOTazX9ad0uwE7g?sId=ca1a51bd570babedfaa40b91aa0bb2d7
2025-06-02,赫曼．赫塞,悉達多：一首印度的詩（流浪者之歌）,210,7384000000026,https://cdn.kobo.com/book-images/2ebd8c79-acb7-430a-abd8-3998815f26dd/353/569/90/False/5P5w8osOvzauH183YElyCw.jpg,https://www.kobo.com/tw/zh/audiobook/5P5w8osOvzauH183YElyCw?sId=ca1a51bd570babedfaa40b91aa0bb2d7
2025-06-02,赫曼．赫塞,荒野之狼（首度德文直譯本）,245,3090000005737,https://cdn.kobo.com/book-images/449cd682-c515-465f-b6f3-c5b59e8310e3/353/569/90/False/VFQPtyjUrTGJSlcoqoICxg.jpg,https://www.kobo.com/tw/zh/ebook/VFQPtyjUrTGJSlcoqoICxg?sId=ca1a51bd570babedfaa40b91aa0bb2d7
2025-06-02,赫曼．赫塞,鄉愁（德文直譯本）,196,3090000006527,https://cdn.kobo.com/book-images/567c8c31-ebf2-4ffb-a5b1-7e294bb27479/353/569/90/False/By8ilup3JjmH2kf5ty2N8g.jpg,https://www.kobo.com/tw/zh/ebook/By8ilup3JjmH2kf5ty2N8g?sId=ca1a51bd570babedfaa40b91aa0bb2d7
2025-06-02,赫曼．赫塞,德米安：埃米爾．辛克萊年少時的故事（徬徨少年時）,210,7384000000027,https://cdn.kobo.com/book-images/e921900f-2bfe-42d8-8547-198c1b3b42b1/353/569/90/False/pO0YjhmJajyGRrdkzlKsnA.jpg,https://www.kobo.com/tw/zh/audiobook/pO0YjhmJajyGRrdkzlKsnA?sId=ca1a51bd570babedfaa40b91aa0bb2d7
2025-06-02,赫曼．赫塞,德米安【獨家收錄詹姆斯・法蘭科專文導讀】：埃米爾．辛克萊年少時的故事（徬徨少年時）,210,9789864895403,https://cdn.kobo.com/book-images/ae0cd56f-8ec4-4e2d-bc97-29ea34073182/353/569/90/False/ib-jIoEV2Dqm0I1tAc6TWQ.jpg,https://www.kobo.com/tw/zh/ebook/ib-jIoEV2Dqm0I1tAc6TWQ?sId=0ec48e95731f3e7a4ffe44349da94100
2025-06-02,赫曼．赫塞,德米安：彷徨少年時,228,7289867101822,https://cdn.kobo.com/book-images/897fa0c7-1c7f-4005-9de8-784febd6e287/353/569/90/False/ZNYK-tlfkD-IZy3hlnFJAw.jpg,https://www.kobo.com/tw/zh/ebook/ZNYK-tlfkD-IZy3hlnFJAw?sId=0ec48e95731f3e7a4ffe44349da94100
2025-06-02,赫曼．赫塞,荒野之狼（德文新譯本）,294,3119864771400,https://cdn.kobo.com/book-images/c81844a1-3034-4867-a324-b6f0bd00c252/353/569/90/False/6g6wxeuiYjuWU71oa_5Mzg.jpg,https://www.kobo.com/tw/zh/ebook/6g6wxeuiYjuWU71oa_5Mzg?sId=0ec48e95731f3e7a4ffe44349da94100
2025-06-02,赫曼．赫塞,流浪者之歌,245,9786263744417,https://cdn.kobo.com/book-images/dbaffb64-2df7-46df-9836-4b43eb375d74/353/569/90/False/SSmAUWRnWD-200t2EoH_qQ.jpg,https://www.kobo.com/tw/zh/ebook/SSmAUWRnWD-200t2EoH_qQ?sId=0ec48e95731f3e7a4ffe44349da94100
2025-06-02,赫曼．赫塞,徬徨少年時,175,3090000000352,https://cdn.kobo.com/book-images/b98f888a-ae90-4674-8796-0c691b798c30/353/569/90/False/3cIVTFd3fz6t9pp0NaJsyA.jpg,https://www.kobo.com/tw/zh/ebook/3cIVTFd3fz6t9pp0NaJsyA?sId=0ec48e95731f3e7a4ffe44349da94100
2025-06-02,赫曼．赫塞,生命之歌,210,3090000000496,https://cdn.kobo.com/book-images/cab95401-af95-4f91-9d80-41eee92dade2/353/569/90/False/kfbDCDZ4SD6jxk-LU1ireg.jpg,https://www.kobo.com/tw/zh/ebook/kfbDCDZ4SD6jxk-LU1ireg?sId=0ec48e95731f3e7a4ffe44349da94100
2025-06-02,赫曼．赫塞,園圃之歌：諾貝爾文學獎大師赫曼．赫塞的自然哲思與手繪詩畫,266,9786269638079,https://cdn.kobo.com/book-images/f7453d28-8edd-4d0b-87ae-3f947835f381/353/569/90/False/jHi5IlslGTmTLqpPkwxScQ.jpg,https://www.kobo.com/tw/zh/ebook/jHi5IlslGTmTLqpPkwxScQ?sId=0ec48e95731f3e7a4ffe44349da94100
2025-06-02,赫曼．赫塞,荒野之狼,315,9786263966987,https://cdn.kobo.com/book-images/3bb495e7-b3a7-490f-be56-c4e3d0755850/353/569/90/False/8qvh-uvBNjeQ5sV5LtVHdw.jpg,https://www.kobo.com/tw/zh/ebook/8qvh-uvBNjeQ5sV5LtVHdw?sId=0ec48e95731f3e7a4ffe44349da94100
2025-06-02,赫曼．赫塞,流浪者之歌【感動解讀版】,400,9786269936137,https://cdn.kobo.com/book-images/921c4663-8c49-4f8f-a61f-e24755dbae11/353/569/90/False/JNfPTDEjDz-tAMfp3Egokg.jpg,https://www.kobo.com/tw/zh/ebook/JNfPTDEjDz-tAMfp3Egokg?sId=0ec48e95731f3e7a4ffe44349da94100
2025-06-02,赫曼．赫塞,中學生好享讀：諾貝爾大師短篇小說選,225,6709863201113,https://cdn.kobo.com/book-images/f48eb899-1243-4d56-a687-e9d45c5de9ef/353/569/90/False/pnJCPVTatTGHkaHGe4iYMw.jpg,https://www.kobo.com/tw/zh/ebook/pnJCPVTatTGHkaHGe4iYMw?sId=0ec48e95731f3e7a4ffe44349da94100
2025-06-02,赫曼．赫塞,悠遊之歌（三版）,175,9789864023936,https://cdn.kobo.com/book-images/e52679bc-171d-45f8-bf8a-8a159a9891ed/353/569/90/False/UHZLCrSJATqst2fZDCkzBA.jpg,https://www.kobo.com/tw/zh/ebook/UHZLCrSJATqst2fZDCkzBA?sId=0ec48e95731f3e7a4ffe44349da94100
2025-06-03,卡繆,異鄉人（卡繆版書衣）,154,3119861735450,https://cdn.kobo.com/book-images/24099253-90bc-4d80-8825-f6300e8b806f/353/569/90/False/gb2hSkF1KDGjqz18oam2aA.jpg,https://www.kobo.com/tw/zh/ebook/gb2hSkF1KDGjqz18oam2aA?sId=4f16e331700274e1758e2a527c1d79ce
2025-06-03,卡繆,薛西弗斯的神話,210,3150000000396,https://cdn.kobo.com/book-images/71d8cd60-c407-4367-bced-a36718fcf86f/353/569/90/False/t0r8j-Ym4jee3YDu96AA1w.jpg,https://www.kobo.com/tw/zh/ebook/t0r8j-Ym4jee3YDu96AA1w?sId=4f16e331700274e1758e2a527c1d79ce
2025-06-03,卡繆,瘟疫（2021最新名家譯本，卡繆對疫情下被禁錮人心的鼓舞）,266,9789860777192,https://cdn.kobo.com/book-images/9618975f-d9f0-47af-bd43-571387f8a06a/353/569/90/False/wJ6ORaWSDj60GIzsDTf9Zg.jpg,https://www.kobo.com/tw/zh/ebook/wJ6ORaWSDj60GIzsDTf9Zg?sId=4f16e331700274e1758e2a527c1d79ce
2025-06-03,卡繆,薛西弗斯的神話：點燃希望的哲學頌歌，法國七星文庫權威譯本【傅雷翻譯獎典藏版】,266,9786267596456,https://cdn.kobo.com/book-images/6ccfbf88-73ae-4691-b256-38387994ae56/353/569/90/False/7fFjSyTP9zKPTx3GcPFpfw.jpg,https://www.kobo.com/tw/zh/ebook/7fFjSyTP9zKPTx3GcPFpfw?sId=4f16e331700274e1758e2a527c1d79ce
2025-06-03,卡繆,正義者（首次出版，法文直譯名家譯本，卡繆展現對正義與反抗的考驗）,196,9789860777161,https://cdn.kobo.com/book-images/9291fc65-996d-4a27-83f4-a141c345d8cb/353/569/90/False/QQT3HgwFsT2xefv4IRMF9w.jpg,https://www.kobo.com/tw/zh/ebook/QQT3HgwFsT2xefv4IRMF9w?sId=4f16e331700274e1758e2a527c1d79ce
2025-06-03,卡繆,放逐與王國,210,9789863874133,https://cdn.kobo.com/book-images/5f1ba02d-68c9-4aa5-85ab-824c904439e9/353/569/90/False/RVGALpaZsjaTbCo1SdZXqw.jpg,https://www.kobo.com/tw/zh/ebook/RVGALpaZsjaTbCo1SdZXqw?sId=4f16e331700274e1758e2a527c1d79ce
2025-06-03,卡繆,卡繆荒謬與反抗系列作品全集套書：荒謬系列四部曲《異鄉人》《薛西弗斯的神話》《卡里古拉》《誤會》＋反抗系列三部曲《瘟疫》《反抗者》《正義者》【全新法文名家直譯，首次完整出版，親炙完整的卡繆荒謬哲學】,1519,3150000000694,https://cdn.kobo.com/book-images/76f16f12-492e-4435-b792-e97bba1721d5/353/569/90/False/Kx45Q5lYKTqv_nEYbdwV2A.jpg,https://www.kobo.com/tw/zh/ebook/Kx45Q5lYKTqv_nEYbdwV2A?sId=4f16e331700274e1758e2a527c1d79ce
2025-06-03,卡繆,異鄉人（卡繆經典暢銷作․中文版有聲書首度上市）,220,9789863449263,https://cdn.kobo.com/book-images/a910e55d-8df0-43d3-8ef2-df7dc21d51ba/353/569/90/False/t1OO6Q03qjuX0wfMsaUVPg.jpg,https://www.kobo.com/tw/zh/audiobook/t1OO6Q03qjuX0wfMsaUVPg?sId=4f16e331700274e1758e2a527c1d79ce
2025-06-03,卡繆,鼠疫（卡繆經典暢銷作․中文版有聲書首度上市）,300,9789863449270,https://cdn.kobo.com/book-images/ba766fe2-65df-4d69-83bc-798bf2340c10/353/569/90/False/AMe0qKS-yzinEfp_ItutUg.jpg,https://www.kobo.com/tw/zh/audiobook/AMe0qKS-yzinEfp_ItutUg?sId=4f16e331700274e1758e2a527c1d79ce
2025-06-03,卡繆,卡繆反抗三部曲套書：《瘟疫》＋《反抗者》＋《正義者》【全新法文名家直譯，首次完整出版，親炙完整的卡繆反抗思想】,728,3150000000687,https://cdn.kobo.com/book-images/9f980967-d3c1-4ac0-9f8c-f8e0ccbbcc60/353/569/90/False/B1m2jKOONjKjTMVkT5k1NQ.jpg,https://www.kobo.com/tw/zh/ebook/B1m2jKOONjKjTMVkT5k1NQ?sId=4f16e331700274e1758e2a527c1d79ce
2025-06-03,卡繆,瘟疫,210,9789861785516,https://cdn.kobo.com/book-images/8d4f032e-dd57-4b50-a7d8-07f8e494bce5/353/569/90/False/sQ5ce_0gtz-yiFpE7SxWag.jpg,https://www.kobo.com/tw/zh/ebook/sQ5ce_0gtz-yiFpE7SxWag?sId=4f16e331700274e1758e2a527c1d79ce
2025-06-03,卡繆,鼠疫,210,3119861737522,https://cdn.kobo.com/book-images/56a09ae8-dac7-4eb0-9dde-b427a5a1aacb/353/569/90/False/tGTtah0cyzKVQIXzpZ7NTQ.jpg,https://www.kobo.com/tw/zh/ebook/tGTtah0cyzKVQIXzpZ7NTQ?sId=4f16e331700274e1758e2a527c1d79ce
2025-06-03,卡繆,異鄉人（2020全新名家譯本，再現卡繆字句推敲的原義）,175,3150000000617,https://cdn.kobo.com/book-images/883f0dcf-e5f7-4dfe-b300-8d725a8da70d/353/569/90/False/0GQk9bH6VzyLV0Q9Faysow.jpg,https://www.kobo.com/tw/zh/ebook/0GQk9bH6VzyLV0Q9Faysow?sId=601ae74123a7592c2e7f5271ff199104
2025-06-03,卡繆,誤會【1957年諾貝爾文學獎得主面對自我放逐之旅的核心之作】,196,9786267118139,https://cdn.kobo.com/book-images/f35af051-fd52-4e22-a2df-d19abd3abf6e/353/569/90/False/XznH9zQdijG-RQoi9MTYng.jpg,https://www.kobo.com/tw/zh/ebook/XznH9zQdijG-RQoi9MTYng?sId=601ae74123a7592c2e7f5271ff199104
2025-06-03,卡繆,鼠疫【全新名家譯本】（特別收錄哲學解析〈一部存在主義小說的後現代閱讀〉）,266,9789864895434,https://cdn.kobo.com/book-images/f4d068a2-498d-4817-97dd-d7492dc32b10/353/569/90/False/K9cd87y5oDGaSXDvYBOiAg.jpg,https://www.kobo.com/tw/zh/ebook/K9cd87y5oDGaSXDvYBOiAg?sId=601ae74123a7592c2e7f5271ff199104
2025-06-03,卡繆,異鄉人【獨家收錄沙特評論・2022全新名家譯本】,196,9789864896073,https://cdn.kobo.com/book-images/a71e071c-2ddd-47b0-ba0d-0ad67a3261c3/353/569/90/False/VQ2InesBOjKI-Xv96viLqA.jpg,https://www.kobo.com/tw/zh/ebook/VQ2InesBOjKI-Xv96viLqA?sId=601ae74123a7592c2e7f5271ff199104
2025-06-03,卡繆,快樂的死,175,3120000000639,https://cdn.kobo.com/book-images/57e8ecec-6b0d-4586-882a-1f7699f9b494/353/569/90/False/gnS7T3tgLTS1t3eLSRBEeA.jpg,https://www.kobo.com/tw/zh/ebook/gnS7T3tgLTS1t3eLSRBEeA?sId=601ae74123a7592c2e7f5271ff199104
2025-06-03,卡繆,異鄉人,210,3039571384641,https://cdn.kobo.com/book-images/81e2cbee-7fb1-445c-8a9a-54f11683b376/353/569/90/False/wUn6RJK3RjCYH8YflJqYFw.jpg,https://www.kobo.com/tw/zh/ebook/wUn6RJK3RjCYH8YflJqYFw?sId=601ae74123a7592c2e7f5271ff199104
2025-06-03,卡繆,反抗者（新版）,266,3150000000392,https://cdn.kobo.com/book-images/0169f08d-1636-4fe9-865e-ac9323facfa7/353/569/90/False/dnhkQv1woTKBLngzg4RbMg.jpg,https://www.kobo.com/tw/zh/ebook/dnhkQv1woTKBLngzg4RbMg?sId=601ae74123a7592c2e7f5271ff199104
2025-06-03,卡繆,薛西弗斯的神話：卡繆的荒謬哲學,230,3120000000285,https://cdn.kobo.com/book-images/8cfb868b-d1ce-428f-9dc1-8a7b0724f790/353/569/90/False/dz7TJXld6DK-tFChkyuNug.jpg,https://www.kobo.com/tw/zh/ebook/dz7TJXld6DK-tFChkyuNug?sId=601ae74123a7592c2e7f5271ff199104
2025-06-03,卡繆,卡繆荒謬系列四部曲套書：《異鄉人》＋《薛西弗斯的神話》＋《卡里古拉》＋《誤會》【全新法文名家直譯，首次完整出版，親炙完整的卡繆荒謬哲學】,791,3150000000693,https://cdn.kobo.com/book-images/462128f0-194c-4f37-91e4-c9cdfbe0d7b2/353/569/90/False/iBMVIqmTtjmYjH2oJl_r8A.jpg,https://www.kobo.com/tw/zh/ebook/iBMVIqmTtjmYjH2oJl_r8A?sId=601ae74123a7592c2e7f5271ff199104
2025-06-03,卡繆,卡里古拉【1957年諾貝爾文學獎得主描摹荒謬的經典代表作,210,9786267118108,https://cdn.kobo.com/book-images/228a6362-9e74-450c-806f-26d0291b0115/353/569/90/False/bUv8_ShWSDyzoufG54r66g.jpg,https://www.kobo.com/tw/zh/ebook/bUv8_ShWSDyzoufG54r66g?sId=601ae74123a7592c2e7f5271ff199104
2025-06-03,卡繆,異鄉人：最值得珍藏的名家譯本,224,3119864778287,https://cdn.kobo.com/book-images/59186bf1-d059-4aeb-afcb-36b164712ef7/353/569/90/False/XRU3eRrUUD6pvlI4liPZbg.jpg,https://www.kobo.com/tw/zh/ebook/XRU3eRrUUD6pvlI4liPZbg?sId=601ae74123a7592c2e7f5271ff199104
2025-06-03,卡繆,第一人：《異鄉人》存在主義大師的最後遺作！沒讀過《第一人》，就無法了解真正的卡繆！,360,7435000003050,https://cdn.kobo.com/book-images/1000dae4-0e54-4613-994a-2ca68f225aaf/353/569/90/False/mBrCwjCDbT-OmxW_MxQCPg.jpg,https://www.kobo.com/tw/zh/audiobook/mBrCwjCDbT-OmxW_MxQCPg?sId=601ae74123a7592c2e7f5271ff199104
2025-06-03,卡繆,墮落,182,9789861787558,https://cdn.kobo.com/book-images/023f55c5-13cf-4e65-aaa2-e1d0eebea177/353/569/90/False/ie-dvcJKuTWxECoQpt7ptg.jpg,https://www.kobo.com/tw/zh/ebook/ie-dvcJKuTWxECoQpt7ptg?sId=8808db96e26f7f0a800c10af523c706a
2025-06-03,卡繆,放逐與王國：卡繆短篇小說,260,9789865482541,https://cdn.kobo.com/book-images/033f901a-cea5-456e-9a5c-534f67c7dd33/353/569/90/False/SmaLhyIaRTOPTVVkw9jskg.jpg,https://www.kobo.com/tw/zh/ebook/SmaLhyIaRTOPTVVkw9jskg?sId=8808db96e26f7f0a800c10af523c706a
2025-06-03,卡繆,異鄉人,170,6849862272770,https://cdn.kobo.com/book-images/2f2b24f2-6a61-4ae2-a409-29c8eb0bc992/353/569/90/False/GYi3emouATurt5CEXNGY7A.jpg,https://www.kobo.com/tw/zh/ebook/GYi3emouATurt5CEXNGY7A?sId=8808db96e26f7f0a800c10af523c706a
2025-06-03,卡繆,瘟疫（名家經典新譯）,228,9789865482473,https://cdn.kobo.com/book-images/edbaf1b0-60cf-4781-90e1-dcb3d6358348/353/569/90/False/XSi3S6nkVz2SFyXwXYLq1g.jpg,https://www.kobo.com/tw/zh/ebook/XSi3S6nkVz2SFyXwXYLq1g?sId=8808db96e26f7f0a800c10af523c706a
2025-06-03,卡繆,異鄉人：荒謬三部曲，首部,210,7384000000024,https://cdn.kobo.com/book-images/12dc1249-e584-452a-a159-54be7be82c4d/353/569/90/False/MDkYBsM0cTm5Kq9j-44S0A.jpg,https://www.kobo.com/tw/zh/audiobook/MDkYBsM0cTm5Kq9j-44S0A?sId=8808db96e26f7f0a800c10af523c706a
2025-06-03,簡媜,女兒紅,196,9789863874096,https://cdn.kobo.com/book-images/73163054-0990-4413-b92d-a3d20f20ebaa/353/569/90/False/DBqadeV-gT-bmmVuqDItJg.jpg,https://www.kobo.com/tw/zh/ebook/DBqadeV-gT-bmmVuqDItJg?sId=4b48564985f702371fb1c00e27b6f69f
2025-06-03,簡媜,陪我散步吧(增訂版),322,9789863878230,https://cdn.kobo.com/book-images/cbf936fb-e579-4f5e-889b-2d092f39c84e/353/569/90/False/5BeIP1SRfTC97-lqaxlVkQ.jpg,https://www.kobo.com/tw/zh/ebook/5BeIP1SRfTC97-lqaxlVkQ?sId=4b48564985f702371fb1c00e27b6f69f
2025-06-03,簡媜,一個人漫遊，古典森林,315,9789863877745,https://cdn.kobo.com/book-images/0c528bc8-18ea-46e3-acf0-f4c80125be95/353/569/90/False/Yyl9S4wUuDu8rltsfwH3UQ.jpg,https://www.kobo.com/tw/zh/ebook/Yyl9S4wUuDu8rltsfwH3UQ?sId=4b48564985f702371fb1c00e27b6f69f
2025-06-03,簡媜,十種寂寞,252,7390863873877,https://cdn.kobo.com/book-images/137d5050-a414-4644-a453-8236a3c7338c/353/569/90/False/SS3f6q_OmzG6ixjEoQQSBw.jpg,https://www.kobo.com/tw/zh/ebook/SS3f6q_OmzG6ixjEoQQSBw?sId=4b48564985f702371fb1c00e27b6f69f
2025-06-03,簡媜,我為你灑下月光,336,7390863872337,https://cdn.kobo.com/book-images/8d8c685d-f3c5-4e43-a07c-4a7a91f5ad22/353/569/90/False/RBqeU8INXTCG7D8npjR0bw.jpg,https://www.kobo.com/tw/zh/ebook/RBqeU8INXTCG7D8npjR0bw?sId=4b48564985f702371fb1c00e27b6f69f
2025-06-03,簡媜,誰在銀閃閃的地方，等你（增訂版）,392,9789863876021,https://cdn.kobo.com/book-images/18d8f7d3-ad8d-4473-b1b7-aba2ada08383/353/569/90/False/tyYjDkeqiza61CrkeCJu7w.jpg,https://www.kobo.com/tw/zh/ebook/tyYjDkeqiza61CrkeCJu7w?sId=4b48564985f702371fb1c00e27b6f69f
2025-06-03,簡媜,夢遊書,196,9789863874546,https://cdn.kobo.com/book-images/df1c79f2-8ad2-4ed8-9f37-293c81359dd8/353/569/90/False/p_nX7y-6_D6gGQiQ7O__sw.jpg,https://www.kobo.com/tw/zh/ebook/p_nX7y-6_D6gGQiQ7O__sw?sId=4b48564985f702371fb1c00e27b6f69f
2025-06-03,簡媜,吃朋友,245,7390866631382,https://cdn.kobo.com/book-images/03cd221a-bef1-420d-96fa-a1ff5f2ec5f8/353/569/90/False/5xrS1tW6YT6YFfX6xajasQ.jpg,https://www.kobo.com/tw/zh/ebook/5xrS1tW6YT6YFfX6xajasQ?sId=4b48564985f702371fb1c00e27b6f69f
2025-06-03,簡媜,老師的十二樣見面禮,224,7390866873232,https://cdn.kobo.com/book-images/912cffcc-12b7-4881-820d-605be5c0f456/353/569/90/False/Opeot0Gw9zeKOcdaOXIiCg.jpg,https://www.kobo.com/tw/zh/ebook/Opeot0Gw9zeKOcdaOXIiCg?sId=4b48564985f702371fb1c00e27b6f69f
2025-06-03,簡媜,胭脂盆地,196,9789863874553,https://cdn.kobo.com/book-images/0ce65bd8-31e7-48ec-b6c2-f3b4da8f4cb7/353/569/90/False/_jcUd4QT3T6w0ZguwcDvlg.jpg,https://www.kobo.com/tw/zh/ebook/_jcUd4QT3T6w0ZguwcDvlg?sId=4b48564985f702371fb1c00e27b6f69f
2025-06-03,簡媜,紅嬰仔：一個女人和她的育嬰史,252,7390863873068,https://cdn.kobo.com/book-images/4c769dfc-5feb-45bb-bad9-d22ff6fe4425/353/569/90/False/3-XKV53DSzqry1rJm_LJEA.jpg,https://www.kobo.com/tw/zh/ebook/3-XKV53DSzqry1rJm_LJEA?sId=4b48564985f702371fb1c00e27b6f69f
2025-06-03,簡媜,天涯海角──福爾摩沙抒情誌,245,7390863873471,https://cdn.kobo.com/book-images/af00ba7f-99c1-44ae-b3d3-81c4e6e37430/353/569/90/False/y2QggT-GWz28HjuY_ABx1w.jpg,https://www.kobo.com/tw/zh/ebook/y2QggT-GWz28HjuY_ABx1w?sId=4b48564985f702371fb1c00e27b6f69f
2025-06-03,簡媜,老師的十二樣見面禮（增訂版）,329,9789863876236,https://cdn.kobo.com/book-images/5ddd0b2a-a9d1-403d-92c3-60f91baba3c6/353/569/90/False/7r6In9z6kTuCg3twvvZA2g.jpg,https://www.kobo.com/tw/zh/ebook/7r6In9z6kTuCg3twvvZA2g?sId=649bede4687ae3dc9122c5621e22cd57
2025-06-03,簡媜,微暈的樹林,210,9789863875857,https://cdn.kobo.com/book-images/df67a2d3-dab3-4ea6-bdd2-0f0e2b62a151/353/569/90/False/lRjcIazDljKdQZof57Hd9A.jpg,https://www.kobo.com/tw/zh/ebook/lRjcIazDljKdQZof57Hd9A?sId=649bede4687ae3dc9122c5621e22cd57
2025-06-03,簡媜,旅人之歌——神遊山水詩,210,9789863877516,https://cdn.kobo.com/book-images/ba7b0973-6125-415b-91a8-f4910ba8f09b/353/569/90/False/BEgyL0ETLzSJLhvVE5yKmQ.jpg,https://www.kobo.com/tw/zh/ebook/BEgyL0ETLzSJLhvVE5yKmQ?sId=649bede4687ae3dc9122c5621e22cd57
2025-06-03,簡媜,與歲月同等心跳,210,9789863877479,https://cdn.kobo.com/book-images/5dc05880-531e-4ce8-9a89-99be05f5d02b/353/569/90/False/1Cgc_XKbQj6NkWrPuaKd2g.jpg,https://www.kobo.com/tw/zh/ebook/1Cgc_XKbQj6NkWrPuaKd2g?sId=649bede4687ae3dc9122c5621e22cd57
2025-06-03,簡媜,下午茶,160,9789863876946,https://cdn.kobo.com/book-images/84781262-e7bd-4d10-a3c7-d19910fafa73/353/569/90/False/5iBW0pa_Wj2IztG5D0yKyw.jpg,https://www.kobo.com/tw/zh/ebook/5iBW0pa_Wj2IztG5D0yKyw?sId=649bede4687ae3dc9122c5621e22cd57
2025-06-03,簡媜,好一座浮島,210,9789863875666,https://cdn.kobo.com/book-images/dcfdfd36-7d3d-4201-89ab-681303731c15/353/569/90/False/tR63QOkIkjSZNYP1XN8qJQ.jpg,https://www.kobo.com/tw/zh/ebook/tR63QOkIkjSZNYP1XN8qJQ?sId=649bede4687ae3dc9122c5621e22cd57
2025-06-03,簡媜,舊情復燃,220,9789863876380,https://cdn.kobo.com/book-images/97241a9a-8187-4195-a573-9a921c04b9cc/353/569/90/False/wieReZ4jqT2vpPAPLsLmkA.jpg,https://www.kobo.com/tw/zh/ebook/wieReZ4jqT2vpPAPLsLmkA?sId=649bede4687ae3dc9122c5621e22cd57
2025-06-03,簡媜,密密語,280,9789863876953,https://cdn.kobo.com/book-images/76e8fe19-e84d-4b62-9707-03393a023486/353/569/90/False/mMg1YwJL9TemPTAVwHZbvw.jpg,https://www.kobo.com/tw/zh/ebook/mMg1YwJL9TemPTAVwHZbvw?sId=649bede4687ae3dc9122c5621e22cd57
2025-06-03,簡媜,月娘照眠牀,220,9789863875314,https://cdn.kobo.com/book-images/1dc984df-000f-4cfb-86bf-d71ead052b02/353/569/90/False/yifYBw_kEz-sjWx9O6wmTg.jpg,https://www.kobo.com/tw/zh/ebook/yifYBw_kEz-sjWx9O6wmTg?sId=649bede4687ae3dc9122c5621e22cd57
2025-06-03,簡媜,只緣身在此山中,224,9789863874911,https://cdn.kobo.com/book-images/a21ea0b7-2449-4d16-b4db-1aa18c1993f3/353/569/90/False/JR_gAXmObD6EROWQrNPmjw.jpg,https://www.kobo.com/tw/zh/ebook/JR_gAXmObD6EROWQrNPmjw?sId=649bede4687ae3dc9122c5621e22cd57
2025-06-03,赫曼．赫塞,流浪者之歌／悉達多,252,9786267095010,https://cdn.kobo.com/book-images/3f321736-62ab-46cb-ae65-dabe29f7eea4/353/569/90/False/BZkTJbpWnTWsH4_ozeT9vA.jpg,https://www.kobo.com/tw/zh/ebook/BZkTJbpWnTWsH4_ozeT9vA?sId=7be364b312335ab0166721fbbdde90fb
2025-06-03,赫曼．赫塞,悉達多【獨家收錄保羅．科爾賀專文導讀、林懷民繆思分享】：一首印度的詩（流浪者之歌）,196,9789864895397,https://cdn.kobo.com/book-images/827cfb45-6d4c-43cb-866a-eb45ca8c20c7/353/569/90/False/8X4BYN4ZszavG3vs7B0Jdg.jpg,https://www.kobo.com/tw/zh/ebook/8X4BYN4ZszavG3vs7B0Jdg?sId=7be364b312335ab0166721fbbdde90fb
2025-06-03,赫曼．赫塞,車輪下（首度德文直譯本）,210,3090000000590,https://cdn.kobo.com/book-images/40dde703-286a-487c-acca-3d0e177e4d0a/353/569/90/False/iRXS-e-7fzumzrZdY8d_8Q.jpg,https://www.kobo.com/tw/zh/ebook/iRXS-e-7fzumzrZdY8d_8Q?sId=7be364b312335ab0166721fbbdde90fb
2025-06-03,赫曼．赫塞,德米安：徬徨少年時 (告別徬徨，堅定地做你自己。全新無刪減完整譯本，慕尼黑大學圖書館愛藏版),245,3069869881963,https://cdn.kobo.com/book-images/a809baf5-4e7d-43c9-96e5-7d69fa248b50/353/569/90/False/6fn5ArUqVjSw56cshygW_Q.jpg,https://www.kobo.com/tw/zh/ebook/6fn5ArUqVjSw56cshygW_Q?sId=7be364b312335ab0166721fbbdde90fb
2025-06-03,赫曼．赫塞,德米安：埃米爾．辛克萊年少時的故事（徬徨少年時）,210,7384000000027,https://cdn.kobo.com/book-images/e921900f-2bfe-42d8-8547-198c1b3b42b1/353/569/90/False/pO0YjhmJajyGRrdkzlKsnA.jpg,https://www.kobo.com/tw/zh/audiobook/pO0YjhmJajyGRrdkzlKsnA?sId=7be364b312335ab0166721fbbdde90fb
2025-06-03,赫曼．赫塞,流浪者之歌（首度德文直譯本）,210,3090000000515,https://cdn.kobo.com/book-images/f601d38b-894e-436d-852c-e48f41d06a75/353/569/90/False/uWrynH7_LjCJaQT5rWrZjg.jpg,https://www.kobo.com/tw/zh/ebook/uWrynH7_LjCJaQT5rWrZjg?sId=7be364b312335ab0166721fbbdde90fb
2025-06-03,赫曼．赫塞,徬徨少年時（德文直譯本）,196,3090000030292,https://cdn.kobo.com/book-images/0eb8b492-c683-4d13-8a2e-40fd1872ced9/353/569/90/False/p9r2phjlUzO8q-gEc3Ysmg.jpg,https://www.kobo.com/tw/zh/ebook/p9r2phjlUzO8q-gEc3Ysmg?sId=7be364b312335ab0166721fbbdde90fb
2025-06-03,赫曼．赫塞,在書中發現自己的靈魂：慢讀赫塞,250,3128000000104,https://cdn.kobo.com/book-images/5139dd71-3f40-4bbf-aaa6-752447892743/353/569/90/False/mj-jE6bxOTazX9ad0uwE7g.jpg,https://www.kobo.com/tw/zh/ebook/mj-jE6bxOTazX9ad0uwE7g?sId=7be364b312335ab0166721fbbdde90fb
2025-06-03,赫曼．赫塞,悉達多：一首印度的詩（流浪者之歌）,210,7384000000026,https://cdn.kobo.com/book-images/2ebd8c79-acb7-430a-abd8-3998815f26dd/353/569/90/False/5P5w8osOvzauH183YElyCw.jpg,https://www.kobo.com/tw/zh/audiobook/5P5w8osOvzauH183YElyCw?sId=7be364b312335ab0166721fbbdde90fb
2025-06-03,赫曼．赫塞,荒野之狼（首度德文直譯本）,245,3090000005737,https://cdn.kobo.com/book-images/449cd682-c515-465f-b6f3-c5b59e8310e3/353/569/90/False/VFQPtyjUrTGJSlcoqoICxg.jpg,https://www.kobo.com/tw/zh/ebook/VFQPtyjUrTGJSlcoqoICxg?sId=7be364b312335ab0166721fbbdde90fb
2025-06-03,赫曼．赫塞,赫曼赫塞童話故事集,250,3119864773930,https://cdn.kobo.com/book-images/5f4ae374-cda4-4a0c-a27f-58f4eb5939e0/353/569/90/False/fUpsq8DF8Tq5Lguv3pHWuQ.jpg,https://www.kobo.com/tw/zh/ebook/fUpsq8DF8Tq5Lguv3pHWuQ?sId=7be364b312335ab0166721fbbdde90fb
2025-06-03,赫曼．赫塞,鄉愁（德文直譯本）,196,3090000006527,https://cdn.kobo.com/book-images/567c8c31-ebf2-4ffb-a5b1-7e294bb27479/353/569/90/False/By8ilup3JjmH2kf5ty2N8g.jpg,https://www.kobo.com/tw/zh/ebook/By8ilup3JjmH2kf5ty2N8g?sId=7be364b312335ab0166721fbbdde90fb
2025-06-03,赫曼．赫塞,德米安【獨家收錄詹姆斯・法蘭科專文導讀】：埃米爾．辛克萊年少時的故事（徬徨少年時）,210,9789864895403,https://cdn.kobo.com/book-images/ae0cd56f-8ec4-4e2d-bc97-29ea34073182/353/569/90/False/ib-jIoEV2Dqm0I1tAc6TWQ.jpg,https://www.kobo.com/tw/zh/ebook/ib-jIoEV2Dqm0I1tAc6TWQ?sId=23b23f5d259e16eda131fe5ffac6c8e2
2025-06-03,赫曼．赫塞,德米安：彷徨少年時,228,7289867101822,https://cdn.kobo.com/book-images/897fa0c7-1c7f-4005-9de8-784febd6e287/353/569/90/False/ZNYK-tlfkD-IZy3hlnFJAw.jpg,https://www.kobo.com/tw/zh/ebook/ZNYK-tlfkD-IZy3hlnFJAw?sId=23b23f5d259e16eda131fe5ffac6c8e2
2025-06-03,赫曼．赫塞,荒野之狼（德文新譯本）,294,3119864771400,https://cdn.kobo.com/book-images/c81844a1-3034-4867-a324-b6f0bd00c252/353/569/90/False/6g6wxeuiYjuWU71oa_5Mzg.jpg,https://www.kobo.com/tw/zh/ebook/6g6wxeuiYjuWU71oa_5Mzg?sId=23b23f5d259e16eda131fe5ffac6c8e2
2025-06-03,赫曼．赫塞,流浪者之歌,245,9786263744417,https://cdn.kobo.com/book-images/dbaffb64-2df7-46df-9836-4b43eb375d74/353/569/90/False/SSmAUWRnWD-200t2EoH_qQ.jpg,https://www.kobo.com/tw/zh/ebook/SSmAUWRnWD-200t2EoH_qQ?sId=23b23f5d259e16eda131fe5ffac6c8e2
2025-06-03,赫曼．赫塞,徬徨少年時,175,3090000000352,https://cdn.kobo.com/book-images/b98f888a-ae90-4674-8796-0c691b798c30/353/569/90/False/3cIVTFd3fz6t9pp0NaJsyA.jpg,https://www.kobo.com/tw/zh/ebook/3cIVTFd3fz6t9pp0NaJsyA?sId=23b23f5d259e16eda131fe5ffac6c8e2
2025-06-03,赫曼．赫塞,中學生好享讀：諾貝爾大師短篇小說選,225,6709863201113,https://cdn.kobo.com/book-images/f48eb899-1243-4d56-a687-e9d45c5de9ef/353/569/90/False/pnJCPVTatTGHkaHGe4iYMw.jpg,https://www.kobo.com/tw/zh/ebook/pnJCPVTatTGHkaHGe4iYMw?sId=23b23f5d259e16eda131fe5ffac6c8e2
2025-06-03,赫曼．赫塞,生命之歌,210,3090000000496,https://cdn.kobo.com/book-images/cab95401-af95-4f91-9d80-41eee92dade2/353/569/90/False/kfbDCDZ4SD6jxk-LU1ireg.jpg,https://www.kobo.com/tw/zh/ebook/kfbDCDZ4SD6jxk-LU1ireg?sId=23b23f5d259e16eda131fe5ffac6c8e2
2025-06-03,赫曼．赫塞,園圃之歌：諾貝爾文學獎大師赫曼．赫塞的自然哲思與手繪詩畫,266,9786269638079,https://cdn.kobo.com/book-images/f7453d28-8edd-4d0b-87ae-3f947835f381/353/569/90/False/jHi5IlslGTmTLqpPkwxScQ.jpg,https://www.kobo.com/tw/zh/ebook/jHi5IlslGTmTLqpPkwxScQ?sId=23b23f5d259e16eda131fe5ffac6c8e2
2025-06-03,赫曼．赫塞,荒野之狼,315,9786263966987,https://cdn.kobo.com/book-images/3bb495e7-b3a7-490f-be56-c4e3d0755850/353/569/90/False/8qvh-uvBNjeQ5sV5LtVHdw.jpg,https://www.kobo.com/tw/zh/ebook/8qvh-uvBNjeQ5sV5LtVHdw?sId=23b23f5d259e16eda131fe5ffac6c8e2
2025-06-03,赫曼．赫塞,流浪者之歌【感動解讀版】,400,9786269936137,https://cdn.kobo.com/book-images/921c4663-8c49-4f8f-a61f-e24755dbae11/353/569/90/False/JNfPTDEjDz-tAMfp3Egokg.jpg,https://www.kobo.com/tw/zh/ebook/JNfPTDEjDz-tAMfp3Egokg?sId=23b23f5d259e16eda131fe5ffac6c8e2
2025-06-03,赫曼．赫塞,悠遊之歌（三版）,175,9789864023936,https://cdn.kobo.com/book-images/e52679bc-171d-45f8-bf8a-8a159a9891ed/353/569/90/False/UHZLCrSJATqst2fZDCkzBA.jpg,https://www.kobo.com/tw/zh/ebook/UHZLCrSJATqst2fZDCkzBA?sId=23b23f5d259e16eda131fe5ffac6c8e2
2025-06-04,卡繆,異鄉人（卡繆版書衣）,154,3119861735450,https://cdn.kobo.com/book-images/24099253-90bc-4d80-8825-f6300e8b806f/353/569/90/False/gb2hSkF1KDGjqz18oam2aA.jpg,https://www.kobo.com/tw/zh/ebook/gb2hSkF1KDGjqz18oam2aA?sId=6f6cbe35d27987e31daaf8eee4f0728c
2025-06-04,卡繆,薛西弗斯的神話,210,3150000000396,https://cdn.kobo.com/book-images/71d8cd60-c407-4367-bced-a36718fcf86f/353/569/90/False/t0r8j-Ym4jee3YDu96AA1w.jpg,https://www.kobo.com/tw/zh/ebook/t0r8j-Ym4jee3YDu96AA1w?sId=6f6cbe35d27987e31daaf8eee4f0728c
2025-06-04,卡繆,瘟疫（2021最新名家譯本，卡繆對疫情下被禁錮人心的鼓舞）,266,9789860777192,https://cdn.kobo.com/book-images/9618975f-d9f0-47af-bd43-571387f8a06a/353/569/90/False/wJ6ORaWSDj60GIzsDTf9Zg.jpg,https://www.kobo.com/tw/zh/ebook/wJ6ORaWSDj60GIzsDTf9Zg?sId=6f6cbe35d27987e31daaf8eee4f0728c
2025-06-04,卡繆,異鄉人（卡繆經典暢銷作․中文版有聲書首度上市）,220,9789863449263,https://cdn.kobo.com/book-images/a910e55d-8df0-43d3-8ef2-df7dc21d51ba/353/569/90/False/t1OO6Q03qjuX0wfMsaUVPg.jpg,https://www.kobo.com/tw/zh/audiobook/t1OO6Q03qjuX0wfMsaUVPg?sId=6f6cbe35d27987e31daaf8eee4f0728c
2025-06-04,卡繆,卡繆荒謬與反抗系列作品全集套書：荒謬系列四部曲《異鄉人》《薛西弗斯的神話》《卡里古拉》《誤會》＋反抗系列三部曲《瘟疫》《反抗者》《正義者》【全新法文名家直譯，首次完整出版，親炙完整的卡繆荒謬哲學】,1519,3150000000694,https://cdn.kobo.com/book-images/76f16f12-492e-4435-b792-e97bba1721d5/353/569/90/False/Kx45Q5lYKTqv_nEYbdwV2A.jpg,https://www.kobo.com/tw/zh/ebook/Kx45Q5lYKTqv_nEYbdwV2A?sId=6f6cbe35d27987e31daaf8eee4f0728c
2025-06-04,卡繆,薛西弗斯的神話：點燃希望的哲學頌歌，法國七星文庫權威譯本【傅雷翻譯獎典藏版】,266,9786267596456,https://cdn.kobo.com/book-images/6ccfbf88-73ae-4691-b256-38387994ae56/353/569/90/False/7fFjSyTP9zKPTx3GcPFpfw.jpg,https://www.kobo.com/tw/zh/ebook/7fFjSyTP9zKPTx3GcPFpfw?sId=6f6cbe35d27987e31daaf8eee4f0728c
2025-06-04,卡繆,正義者（首次出版，法文直譯名家譯本，卡繆展現對正義與反抗的考驗）,196,9789860777161,https://cdn.kobo.com/book-images/9291fc65-996d-4a27-83f4-a141c345d8cb/353/569/90/False/QQT3HgwFsT2xefv4IRMF9w.jpg,https://www.kobo.com/tw/zh/ebook/QQT3HgwFsT2xefv4IRMF9w?sId=6f6cbe35d27987e31daaf8eee4f0728c
2025-06-04,卡繆,放逐與王國,210,9789863874133,https://cdn.kobo.com/book-images/5f1ba02d-68c9-4aa5-85ab-824c904439e9/353/569/90/False/RVGALpaZsjaTbCo1SdZXqw.jpg,https://www.kobo.com/tw/zh/ebook/RVGALpaZsjaTbCo1SdZXqw?sId=6f6cbe35d27987e31daaf8eee4f0728c
2025-06-04,卡繆,鼠疫,210,3119861737522,https://cdn.kobo.com/book-images/56a09ae8-dac7-4eb0-9dde-b427a5a1aacb/353/569/90/False/tGTtah0cyzKVQIXzpZ7NTQ.jpg,https://www.kobo.com/tw/zh/ebook/tGTtah0cyzKVQIXzpZ7NTQ?sId=6f6cbe35d27987e31daaf8eee4f0728c
2025-06-04,卡繆,卡繆反抗三部曲套書：《瘟疫》＋《反抗者》＋《正義者》【全新法文名家直譯，首次完整出版，親炙完整的卡繆反抗思想】,728,3150000000687,https://cdn.kobo.com/book-images/9f980967-d3c1-4ac0-9f8c-f8e0ccbbcc60/353/569/90/False/B1m2jKOONjKjTMVkT5k1NQ.jpg,https://www.kobo.com/tw/zh/ebook/B1m2jKOONjKjTMVkT5k1NQ?sId=6f6cbe35d27987e31daaf8eee4f0728c
2025-06-04,卡繆,瘟疫,210,9789861785516,https://cdn.kobo.com/book-images/8d4f032e-dd57-4b50-a7d8-07f8e494bce5/353/569/90/False/sQ5ce_0gtz-yiFpE7SxWag.jpg,https://www.kobo.com/tw/zh/ebook/sQ5ce_0gtz-yiFpE7SxWag?sId=6f6cbe35d27987e31daaf8eee4f0728c
2025-06-04,卡繆,異鄉人（2020全新名家譯本，再現卡繆字句推敲的原義）,175,3150000000617,https://cdn.kobo.com/book-images/883f0dcf-e5f7-4dfe-b300-8d725a8da70d/353/569/90/False/0GQk9bH6VzyLV0Q9Faysow.jpg,https://www.kobo.com/tw/zh/ebook/0GQk9bH6VzyLV0Q9Faysow?sId=6f6cbe35d27987e31daaf8eee4f0728c
2025-06-04,卡繆,誤會【1957年諾貝爾文學獎得主面對自我放逐之旅的核心之作】,196,9786267118139,https://cdn.kobo.com/book-images/f35af051-fd52-4e22-a2df-d19abd3abf6e/353/569/90/False/XznH9zQdijG-RQoi9MTYng.jpg,https://www.kobo.com/tw/zh/ebook/XznH9zQdijG-RQoi9MTYng?sId=ad321e9ed5aa798e8d40264abe26c049
2025-06-04,卡繆,鼠疫【全新名家譯本】（特別收錄哲學解析〈一部存在主義小說的後現代閱讀〉）,266,9789864895434,https://cdn.kobo.com/book-images/f4d068a2-498d-4817-97dd-d7492dc32b10/353/569/90/False/K9cd87y5oDGaSXDvYBOiAg.jpg,https://www.kobo.com/tw/zh/ebook/K9cd87y5oDGaSXDvYBOiAg?sId=ad321e9ed5aa798e8d40264abe26c049
2025-06-04,卡繆,異鄉人【獨家收錄沙特評論・2022全新名家譯本】,196,9789864896073,https://cdn.kobo.com/book-images/a71e071c-2ddd-47b0-ba0d-0ad67a3261c3/353/569/90/False/VQ2InesBOjKI-Xv96viLqA.jpg,https://www.kobo.com/tw/zh/ebook/VQ2InesBOjKI-Xv96viLqA?sId=ad321e9ed5aa798e8d40264abe26c049
2025-06-04,卡繆,快樂的死,175,3120000000639,https://cdn.kobo.com/book-images/57e8ecec-6b0d-4586-882a-1f7699f9b494/353/569/90/False/gnS7T3tgLTS1t3eLSRBEeA.jpg,https://www.kobo.com/tw/zh/ebook/gnS7T3tgLTS1t3eLSRBEeA?sId=ad321e9ed5aa798e8d40264abe26c049
2025-06-04,卡繆,異鄉人,210,3039571384641,https://cdn.kobo.com/book-images/81e2cbee-7fb1-445c-8a9a-54f11683b376/353/569/90/False/wUn6RJK3RjCYH8YflJqYFw.jpg,https://www.kobo.com/tw/zh/ebook/wUn6RJK3RjCYH8YflJqYFw?sId=ad321e9ed5aa798e8d40264abe26c049
2025-06-04,卡繆,反抗者（新版）,266,3150000000392,https://cdn.kobo.com/book-images/0169f08d-1636-4fe9-865e-ac9323facfa7/353/569/90/False/dnhkQv1woTKBLngzg4RbMg.jpg,https://www.kobo.com/tw/zh/ebook/dnhkQv1woTKBLngzg4RbMg?sId=ad321e9ed5aa798e8d40264abe26c049
2025-06-04,卡繆,薛西弗斯的神話：卡繆的荒謬哲學,230,3120000000285,https://cdn.kobo.com/book-images/8cfb868b-d1ce-428f-9dc1-8a7b0724f790/353/569/90/False/dz7TJXld6DK-tFChkyuNug.jpg,https://www.kobo.com/tw/zh/ebook/dz7TJXld6DK-tFChkyuNug?sId=ad321e9ed5aa798e8d40264abe26c049
2025-06-04,卡繆,卡繆荒謬系列四部曲套書：《異鄉人》＋《薛西弗斯的神話》＋《卡里古拉》＋《誤會》【全新法文名家直譯，首次完整出版，親炙完整的卡繆荒謬哲學】,791,3150000000693,https://cdn.kobo.com/book-images/462128f0-194c-4f37-91e4-c9cdfbe0d7b2/353/569/90/False/iBMVIqmTtjmYjH2oJl_r8A.jpg,https://www.kobo.com/tw/zh/ebook/iBMVIqmTtjmYjH2oJl_r8A?sId=ad321e9ed5aa798e8d40264abe26c049
2025-06-04,卡繆,卡里古拉【1957年諾貝爾文學獎得主描摹荒謬的經典代表作,210,9786267118108,https://cdn.kobo.com/book-images/228a6362-9e74-450c-806f-26d0291b0115/353/569/90/False/bUv8_ShWSDyzoufG54r66g.jpg,https://www.kobo.com/tw/zh/ebook/bUv8_ShWSDyzoufG54r66g?sId=ad321e9ed5aa798e8d40264abe26c049
2025-06-04,卡繆,鼠疫（卡繆經典暢銷作․中文版有聲書首度上市）,300,9789863449270,https://cdn.kobo.com/book-images/ba766fe2-65df-4d69-83bc-798bf2340c10/353/569/90/False/AMe0qKS-yzinEfp_ItutUg.jpg,https://www.kobo.com/tw/zh/audiobook/AMe0qKS-yzinEfp_ItutUg?sId=ad321e9ed5aa798e8d40264abe26c049
2025-06-04,卡繆,異鄉人：最值得珍藏的名家譯本,224,3119864778287,https://cdn.kobo.com/book-images/59186bf1-d059-4aeb-afcb-36b164712ef7/353/569/90/False/XRU3eRrUUD6pvlI4liPZbg.jpg,https://www.kobo.com/tw/zh/ebook/XRU3eRrUUD6pvlI4liPZbg?sId=ad321e9ed5aa798e8d40264abe26c049
2025-06-04,卡繆,第一人：《異鄉人》存在主義大師的最後遺作！沒讀過《第一人》，就無法了解真正的卡繆！,360,7435000003050,https://cdn.kobo.com/book-images/1000dae4-0e54-4613-994a-2ca68f225aaf/353/569/90/False/mBrCwjCDbT-OmxW_MxQCPg.jpg,https://www.kobo.com/tw/zh/audiobook/mBrCwjCDbT-OmxW_MxQCPg?sId=ad321e9ed5aa798e8d40264abe26c049
2025-06-04,卡繆,墮落,182,9789861787558,https://cdn.kobo.com/book-images/023f55c5-13cf-4e65-aaa2-e1d0eebea177/353/569/90/False/ie-dvcJKuTWxECoQpt7ptg.jpg,https://www.kobo.com/tw/zh/ebook/ie-dvcJKuTWxECoQpt7ptg?sId=805bc7cfea45e0aa2b3cf62c14061ac5
2025-06-04,卡繆,放逐與王國：卡繆短篇小說,260,9789865482541,https://cdn.kobo.com/book-images/033f901a-cea5-456e-9a5c-534f67c7dd33/353/569/90/False/SmaLhyIaRTOPTVVkw9jskg.jpg,https://www.kobo.com/tw/zh/ebook/SmaLhyIaRTOPTVVkw9jskg?sId=805bc7cfea45e0aa2b3cf62c14061ac5
2025-06-04,卡繆,異鄉人,170,6849862272770,https://cdn.kobo.com/book-images/2f2b24f2-6a61-4ae2-a409-29c8eb0bc992/353/569/90/False/GYi3emouATurt5CEXNGY7A.jpg,https://www.kobo.com/tw/zh/ebook/GYi3emouATurt5CEXNGY7A?sId=805bc7cfea45e0aa2b3cf62c14061ac5
2025-06-04,卡繆,瘟疫（名家經典新譯）,228,9789865482473,https://cdn.kobo.com/book-images/edbaf1b0-60cf-4781-90e1-dcb3d6358348/353/569/90/False/XSi3S6nkVz2SFyXwXYLq1g.jpg,https://www.kobo.com/tw/zh/ebook/XSi3S6nkVz2SFyXwXYLq1g?sId=805bc7cfea45e0aa2b3cf62c14061ac5
2025-06-04,卡繆,異鄉人：荒謬三部曲，首部,210,7384000000024,https://cdn.kobo.com/book-images/12dc1249-e584-452a-a159-54be7be82c4d/353/569/90/False/MDkYBsM0cTm5Kq9j-44S0A.jpg,https://www.kobo.com/tw/zh/audiobook/MDkYBsM0cTm5Kq9j-44S0A?sId=805bc7cfea45e0aa2b3cf62c14061ac5
2025-06-04,簡媜,女兒紅,196,9789863874096,https://cdn.kobo.com/book-images/73163054-0990-4413-b92d-a3d20f20ebaa/353/569/90/False/DBqadeV-gT-bmmVuqDItJg.jpg,https://www.kobo.com/tw/zh/ebook/DBqadeV-gT-bmmVuqDItJg?sId=c7720f057b359bc1eee5b6b194720fed
2025-06-04,簡媜,陪我散步吧(增訂版),322,9789863878230,https://cdn.kobo.com/book-images/cbf936fb-e579-4f5e-889b-2d092f39c84e/353/569/90/False/5BeIP1SRfTC97-lqaxlVkQ.jpg,https://www.kobo.com/tw/zh/ebook/5BeIP1SRfTC97-lqaxlVkQ?sId=c7720f057b359bc1eee5b6b194720fed
2025-06-04,簡媜,一個人漫遊，古典森林,315,9789863877745,https://cdn.kobo.com/book-images/0c528bc8-18ea-46e3-acf0-f4c80125be95/353/569/90/False/Yyl9S4wUuDu8rltsfwH3UQ.jpg,https://www.kobo.com/tw/zh/ebook/Yyl9S4wUuDu8rltsfwH3UQ?sId=c7720f057b359bc1eee5b6b194720fed
2025-06-04,簡媜,十種寂寞,252,7390863873877,https://cdn.kobo.com/book-images/137d5050-a414-4644-a453-8236a3c7338c/353/569/90/False/SS3f6q_OmzG6ixjEoQQSBw.jpg,https://www.kobo.com/tw/zh/ebook/SS3f6q_OmzG6ixjEoQQSBw?sId=c7720f057b359bc1eee5b6b194720fed
2025-06-04,簡媜,我為你灑下月光,336,7390863872337,https://cdn.kobo.com/book-images/8d8c685d-f3c5-4e43-a07c-4a7a91f5ad22/353/569/90/False/RBqeU8INXTCG7D8npjR0bw.jpg,https://www.kobo.com/tw/zh/ebook/RBqeU8INXTCG7D8npjR0bw?sId=c7720f057b359bc1eee5b6b194720fed
2025-06-04,簡媜,誰在銀閃閃的地方，等你（增訂版）,392,9789863876021,https://cdn.kobo.com/book-images/18d8f7d3-ad8d-4473-b1b7-aba2ada08383/353/569/90/False/tyYjDkeqiza61CrkeCJu7w.jpg,https://www.kobo.com/tw/zh/ebook/tyYjDkeqiza61CrkeCJu7w?sId=c7720f057b359bc1eee5b6b194720fed
2025-06-04,簡媜,夢遊書,196,9789863874546,https://cdn.kobo.com/book-images/df1c79f2-8ad2-4ed8-9f37-293c81359dd8/353/569/90/False/p_nX7y-6_D6gGQiQ7O__sw.jpg,https://www.kobo.com/tw/zh/ebook/p_nX7y-6_D6gGQiQ7O__sw?sId=c7720f057b359bc1eee5b6b194720fed
2025-06-04,簡媜,吃朋友,245,7390866631382,https://cdn.kobo.com/book-images/03cd221a-bef1-420d-96fa-a1ff5f2ec5f8/353/569/90/False/5xrS1tW6YT6YFfX6xajasQ.jpg,https://www.kobo.com/tw/zh/ebook/5xrS1tW6YT6YFfX6xajasQ?sId=c7720f057b359bc1eee5b6b194720fed
2025-06-04,簡媜,老師的十二樣見面禮,224,7390866873232,https://cdn.kobo.com/book-images/912cffcc-12b7-4881-820d-605be5c0f456/353/569/90/False/Opeot0Gw9zeKOcdaOXIiCg.jpg,https://www.kobo.com/tw/zh/ebook/Opeot0Gw9zeKOcdaOXIiCg?sId=c7720f057b359bc1eee5b6b194720fed
2025-06-04,簡媜,胭脂盆地,196,9789863874553,https://cdn.kobo.com/book-images/0ce65bd8-31e7-48ec-b6c2-f3b4da8f4cb7/353/569/90/False/_jcUd4QT3T6w0ZguwcDvlg.jpg,https://www.kobo.com/tw/zh/ebook/_jcUd4QT3T6w0ZguwcDvlg?sId=c7720f057b359bc1eee5b6b194720fed
2025-06-04,簡媜,紅嬰仔：一個女人和她的育嬰史,252,7390863873068,https://cdn.kobo.com/book-images/4c769dfc-5feb-45bb-bad9-d22ff6fe4425/353/569/90/False/3-XKV53DSzqry1rJm_LJEA.jpg,https://www.kobo.com/tw/zh/ebook/3-XKV53DSzqry1rJm_LJEA?sId=c7720f057b359bc1eee5b6b194720fed
2025-06-04,簡媜,天涯海角──福爾摩沙抒情誌,245,7390863873471,https://cdn.kobo.com/book-images/af00ba7f-99c1-44ae-b3d3-81c4e6e37430/353/569/90/False/y2QggT-GWz28HjuY_ABx1w.jpg,https://www.kobo.com/tw/zh/ebook/y2QggT-GWz28HjuY_ABx1w?sId=c7720f057b359bc1eee5b6b194720fed
2025-06-04,簡媜,老師的十二樣見面禮（增訂版）,329,9789863876236,https://cdn.kobo.com/book-images/5ddd0b2a-a9d1-403d-92c3-60f91baba3c6/353/569/90/False/7r6In9z6kTuCg3twvvZA2g.jpg,https://www.kobo.com/tw/zh/ebook/7r6In9z6kTuCg3twvvZA2g?sId=8931ca648bb4d96cb79aa5e0643ddff3
2025-06-04,簡媜,微暈的樹林,210,9789863875857,https://cdn.kobo.com/book-images/df67a2d3-dab3-4ea6-bdd2-0f0e2b62a151/353/569/90/False/lRjcIazDljKdQZof57Hd9A.jpg,https://www.kobo.com/tw/zh/ebook/lRjcIazDljKdQZof57Hd9A?sId=8931ca648bb4d96cb79aa5e0643ddff3
2025-06-04,簡媜,旅人之歌——神遊山水詩,210,9789863877516,https://cdn.kobo.com/book-images/ba7b0973-6125-415b-91a8-f4910ba8f09b/353/569/90/False/BEgyL0ETLzSJLhvVE5yKmQ.jpg,https://www.kobo.com/tw/zh/ebook/BEgyL0ETLzSJLhvVE5yKmQ?sId=8931ca648bb4d96cb79aa5e0643ddff3
2025-06-04,簡媜,與歲月同等心跳,210,9789863877479,https://cdn.kobo.com/book-images/5dc05880-531e-4ce8-9a89-99be05f5d02b/353/569/90/False/1Cgc_XKbQj6NkWrPuaKd2g.jpg,https://www.kobo.com/tw/zh/ebook/1Cgc_XKbQj6NkWrPuaKd2g?sId=8931ca648bb4d96cb79aa5e0643ddff3
2025-06-04,簡媜,下午茶,160,9789863876946,https://cdn.kobo.com/book-images/84781262-e7bd-4d10-a3c7-d19910fafa73/353/569/90/False/5iBW0pa_Wj2IztG5D0yKyw.jpg,https://www.kobo.com/tw/zh/ebook/5iBW0pa_Wj2IztG5D0yKyw?sId=8931ca648bb4d96cb79aa5e0643ddff3
2025-06-04,簡媜,只緣身在此山中,224,9789863874911,https://cdn.kobo.com/book-images/a21ea0b7-2449-4d16-b4db-1aa18c1993f3/353/569/90/False/JR_gAXmObD6EROWQrNPmjw.jpg,https://www.kobo.com/tw/zh/ebook/JR_gAXmObD6EROWQrNPmjw?sId=8931ca648bb4d96cb79aa5e0643ddff3
2025-06-04,簡媜,好一座浮島,210,9789863875666,https://cdn.kobo.com/book-images/dcfdfd36-7d3d-4201-89ab-681303731c15/353/569/90/False/tR63QOkIkjSZNYP1XN8qJQ.jpg,https://www.kobo.com/tw/zh/ebook/tR63QOkIkjSZNYP1XN8qJQ?sId=8931ca648bb4d96cb79aa5e0643ddff3
2025-06-04,簡媜,舊情復燃,220,9789863876380,https://cdn.kobo.com/book-images/97241a9a-8187-4195-a573-9a921c04b9cc/353/569/90/False/wieReZ4jqT2vpPAPLsLmkA.jpg,https://www.kobo.com/tw/zh/ebook/wieReZ4jqT2vpPAPLsLmkA?sId=8931ca648bb4d96cb79aa5e0643ddff3
2025-06-04,簡媜,密密語,280,9789863876953,https://cdn.kobo.com/book-images/76e8fe19-e84d-4b62-9707-03393a023486/353/569/90/False/mMg1YwJL9TemPTAVwHZbvw.jpg,https://www.kobo.com/tw/zh/ebook/mMg1YwJL9TemPTAVwHZbvw?sId=8931ca648bb4d96cb79aa5e0643ddff3
2025-06-04,簡媜,月娘照眠牀,220,9789863875314,https://cdn.kobo.com/book-images/1dc984df-000f-4cfb-86bf-d71ead052b02/353/569/90/False/yifYBw_kEz-sjWx9O6wmTg.jpg,https://www.kobo.com/tw/zh/ebook/yifYBw_kEz-sjWx9O6wmTg?sId=8931ca648bb4d96cb79aa5e0643ddff3
2025-06-04,赫曼．赫塞,流浪者之歌／悉達多,252,9786267095010,https://cdn.kobo.com/book-images/3f321736-62ab-46cb-ae65-dabe29f7eea4/353/569/90/False/BZkTJbpWnTWsH4_ozeT9vA.jpg,https://www.kobo.com/tw/zh/ebook/BZkTJbpWnTWsH4_ozeT9vA?sId=893c9edc6fa077652f7e033151eb1f17
2025-06-04,赫曼．赫塞,悉達多【獨家收錄保羅．科爾賀專文導讀、林懷民繆思分享】：一首印度的詩（流浪者之歌）,196,9789864895397,https://cdn.kobo.com/book-images/827cfb45-6d4c-43cb-866a-eb45ca8c20c7/353/569/90/False/8X4BYN4ZszavG3vs7B0Jdg.jpg,https://www.kobo.com/tw/zh/ebook/8X4BYN4ZszavG3vs7B0Jdg?sId=893c9edc6fa077652f7e033151eb1f17
2025-06-04,赫曼．赫塞,車輪下（首度德文直譯本）,210,3090000000590,https://cdn.kobo.com/book-images/40dde703-286a-487c-acca-3d0e177e4d0a/353/569/90/False/iRXS-e-7fzumzrZdY8d_8Q.jpg,https://www.kobo.com/tw/zh/ebook/iRXS-e-7fzumzrZdY8d_8Q?sId=893c9edc6fa077652f7e033151eb1f17
2025-06-04,赫曼．赫塞,德米安：埃米爾．辛克萊年少時的故事（徬徨少年時）,210,7384000000027,https://cdn.kobo.com/book-images/e921900f-2bfe-42d8-8547-198c1b3b42b1/353/569/90/False/pO0YjhmJajyGRrdkzlKsnA.jpg,https://www.kobo.com/tw/zh/audiobook/pO0YjhmJajyGRrdkzlKsnA?sId=893c9edc6fa077652f7e033151eb1f17
2025-06-04,赫曼．赫塞,流浪者之歌（首度德文直譯本）,210,3090000000515,https://cdn.kobo.com/book-images/f601d38b-894e-436d-852c-e48f41d06a75/353/569/90/False/uWrynH7_LjCJaQT5rWrZjg.jpg,https://www.kobo.com/tw/zh/ebook/uWrynH7_LjCJaQT5rWrZjg?sId=893c9edc6fa077652f7e033151eb1f17
2025-06-04,赫曼．赫塞,德米安：徬徨少年時 (告別徬徨，堅定地做你自己。全新無刪減完整譯本，慕尼黑大學圖書館愛藏版),245,3069869881963,https://cdn.kobo.com/book-images/a809baf5-4e7d-43c9-96e5-7d69fa248b50/353/569/90/False/6fn5ArUqVjSw56cshygW_Q.jpg,https://www.kobo.com/tw/zh/ebook/6fn5ArUqVjSw56cshygW_Q?sId=893c9edc6fa077652f7e033151eb1f17
2025-06-04,赫曼．赫塞,徬徨少年時（德文直譯本）,196,3090000030292,https://cdn.kobo.com/book-images/0eb8b492-c683-4d13-8a2e-40fd1872ced9/353/569/90/False/p9r2phjlUzO8q-gEc3Ysmg.jpg,https://www.kobo.com/tw/zh/ebook/p9r2phjlUzO8q-gEc3Ysmg?sId=893c9edc6fa077652f7e033151eb1f17
2025-06-04,赫曼．赫塞,德米安【獨家收錄詹姆斯・法蘭科專文導讀】：埃米爾．辛克萊年少時的故事（徬徨少年時）,210,9789864895403,https://cdn.kobo.com/book-images/ae0cd56f-8ec4-4e2d-bc97-29ea34073182/353/569/90/False/ib-jIoEV2Dqm0I1tAc6TWQ.jpg,https://www.kobo.com/tw/zh/ebook/ib-jIoEV2Dqm0I1tAc6TWQ?sId=893c9edc6fa077652f7e033151eb1f17
2025-06-04,赫曼．赫塞,在書中發現自己的靈魂：慢讀赫塞,250,3128000000104,https://cdn.kobo.com/book-images/5139dd71-3f40-4bbf-aaa6-752447892743/353/569/90/False/mj-jE6bxOTazX9ad0uwE7g.jpg,https://www.kobo.com/tw/zh/ebook/mj-jE6bxOTazX9ad0uwE7g?sId=893c9edc6fa077652f7e033151eb1f17
2025-06-04,赫曼．赫塞,悉達多：一首印度的詩（流浪者之歌）,210,7384000000026,https://cdn.kobo.com/book-images/2ebd8c79-acb7-430a-abd8-3998815f26dd/353/569/90/False/5P5w8osOvzauH183YElyCw.jpg,https://www.kobo.com/tw/zh/audiobook/5P5w8osOvzauH183YElyCw?sId=893c9edc6fa077652f7e033151eb1f17
2025-06-04,赫曼．赫塞,荒野之狼（首度德文直譯本）,245,3090000005737,https://cdn.kobo.com/book-images/449cd682-c515-465f-b6f3-c5b59e8310e3/353/569/90/False/VFQPtyjUrTGJSlcoqoICxg.jpg,https://www.kobo.com/tw/zh/ebook/VFQPtyjUrTGJSlcoqoICxg?sId=893c9edc6fa077652f7e033151eb1f17
2025-06-04,赫曼．赫塞,赫曼赫塞童話故事集,250,3119864773930,https://cdn.kobo.com/book-images/5f4ae374-cda4-4a0c-a27f-58f4eb5939e0/353/569/90/False/fUpsq8DF8Tq5Lguv3pHWuQ.jpg,https://www.kobo.com/tw/zh/ebook/fUpsq8DF8Tq5Lguv3pHWuQ?sId=893c9edc6fa077652f7e033151eb1f17
2025-06-04,赫曼．赫塞,鄉愁（德文直譯本）,196,3090000006527,https://cdn.kobo.com/book-images/567c8c31-ebf2-4ffb-a5b1-7e294bb27479/353/569/90/False/By8ilup3JjmH2kf5ty2N8g.jpg,https://www.kobo.com/tw/zh/ebook/By8ilup3JjmH2kf5ty2N8g?sId=bf14a67760f68145a797df537d4c8efc
2025-06-04,赫曼．赫塞,德米安：彷徨少年時,228,7289867101822,https://cdn.kobo.com/book-images/897fa0c7-1c7f-4005-9de8-784febd6e287/353/569/90/False/ZNYK-tlfkD-IZy3hlnFJAw.jpg,https://www.kobo.com/tw/zh/ebook/ZNYK-tlfkD-IZy3hlnFJAw?sId=bf14a67760f68145a797df537d4c8efc
2025-06-04,赫曼．赫塞,荒野之狼（德文新譯本）,294,3119864771400,https://cdn.kobo.com/book-images/c81844a1-3034-4867-a324-b6f0bd00c252/353/569/90/False/6g6wxeuiYjuWU71oa_5Mzg.jpg,https://www.kobo.com/tw/zh/ebook/6g6wxeuiYjuWU71oa_5Mzg?sId=bf14a67760f68145a797df537d4c8efc
2025-06-04,赫曼．赫塞,流浪者之歌,245,9786263744417,https://cdn.kobo.com/book-images/dbaffb64-2df7-46df-9836-4b43eb375d74/353/569/90/False/SSmAUWRnWD-200t2EoH_qQ.jpg,https://www.kobo.com/tw/zh/ebook/SSmAUWRnWD-200t2EoH_qQ?sId=bf14a67760f68145a797df537d4c8efc
2025-06-04,赫曼．赫塞,徬徨少年時,175,3090000000352,https://cdn.kobo.com/book-images/b98f888a-ae90-4674-8796-0c691b798c30/353/569/90/False/3cIVTFd3fz6t9pp0NaJsyA.jpg,https://www.kobo.com/tw/zh/ebook/3cIVTFd3fz6t9pp0NaJsyA?sId=bf14a67760f68145a797df537d4c8efc
2025-06-04,赫曼．赫塞,中學生好享讀：諾貝爾大師短篇小說選,225,6709863201113,https://cdn.kobo.com/book-images/f48eb899-1243-4d56-a687-e9d45c5de9ef/353/569/90/False/pnJCPVTatTGHkaHGe4iYMw.jpg,https://www.kobo.com/tw/zh/ebook/pnJCPVTatTGHkaHGe4iYMw?sId=bf14a67760f68145a797df537d4c8efc
2025-06-04,赫曼．赫塞,生命之歌,210,3090000000496,https://cdn.kobo.com/book-images/cab95401-af95-4f91-9d80-41eee92dade2/353/569/90/False/kfbDCDZ4SD6jxk-LU1ireg.jpg,https://www.kobo.com/tw/zh/ebook/kfbDCDZ4SD6jxk-LU1ireg?sId=bf14a67760f68145a797df537d4c8efc
2025-06-04,赫曼．赫塞,園圃之歌：諾貝爾文學獎大師赫曼．赫塞的自然哲思與手繪詩畫,266,9786269638079,https://cdn.kobo.com/book-images/f7453d28-8edd-4d0b-87ae-3f947835f381/353/569/90/False/jHi5IlslGTmTLqpPkwxScQ.jpg,https://www.kobo.com/tw/zh/ebook/jHi5IlslGTmTLqpPkwxScQ?sId=bf14a67760f68145a797df537d4c8efc
2025-06-04,赫曼．赫塞,荒野之狼,315,9786263966987,https://cdn.kobo.com/book-images/3bb495e7-b3a7-490f-be56-c4e3d0755850/353/569/90/False/8qvh-uvBNjeQ5sV5LtVHdw.jpg,https://www.kobo.com/tw/zh/ebook/8qvh-uvBNjeQ5sV5LtVHdw?sId=bf14a67760f68145a797df537d4c8efc
2025-06-04,赫曼．赫塞,流浪者之歌【感動解讀版】,400,9786269936137,https://cdn.kobo.com/book-images/921c4663-8c49-4f8f-a61f-e24755dbae11/353/569/90/False/JNfPTDEjDz-tAMfp3Egokg.jpg,https://www.kobo.com/tw/zh/ebook/JNfPTDEjDz-tAMfp3Egokg?sId=bf14a67760f68145a797df537d4c8efc
2025-06-04,赫曼．赫塞,悠遊之歌（三版）,175,9789864023936,https://cdn.kobo.com/book-images/e52679bc-171d-45f8-bf8a-8a159a9891ed/353/569/90/False/UHZLCrSJATqst2fZDCkzBA.jpg,https://www.kobo.com/tw/zh/ebook/UHZLCrSJATqst2fZDCkzBA?sId=bf14a67760f68145a797df537d4c8efc
2025-06-05,卡繆,異鄉人（卡繆版書衣）,154,3119861735450,https://cdn.kobo.com/book-images/24099253-90bc-4d80-8825-f6300e8b806f/353/569/90/False/gb2hSkF1KDGjqz18oam2aA.jpg,https://www.kobo.com/tw/zh/ebook/gb2hSkF1KDGjqz18oam2aA?sId=e3b6862b2e2c00475ed290d6d3296615
2025-06-05,卡繆,薛西弗斯的神話,210,3150000000396,https://cdn.kobo.com/book-images/71d8cd60-c407-4367-bced-a36718fcf86f/353/569/90/False/t0r8j-Ym4jee3YDu96AA1w.jpg,https://www.kobo.com/tw/zh/ebook/t0r8j-Ym4jee3YDu96AA1w?sId=e3b6862b2e2c00475ed290d6d3296615
2025-06-05,卡繆,異鄉人（卡繆經典暢銷作․中文版有聲書首度上市）,220,9789863449263,https://cdn.kobo.com/book-images/a910e55d-8df0-43d3-8ef2-df7dc21d51ba/353/569/90/False/t1OO6Q03qjuX0wfMsaUVPg.jpg,https://www.kobo.com/tw/zh/audiobook/t1OO6Q03qjuX0wfMsaUVPg?sId=e3b6862b2e2c00475ed290d6d3296615
2025-06-05,卡繆,瘟疫（2021最新名家譯本，卡繆對疫情下被禁錮人心的鼓舞）,266,9789860777192,https://cdn.kobo.com/book-images/9618975f-d9f0-47af-bd43-571387f8a06a/353/569/90/False/wJ6ORaWSDj60GIzsDTf9Zg.jpg,https://www.kobo.com/tw/zh/ebook/wJ6ORaWSDj60GIzsDTf9Zg?sId=e3b6862b2e2c00475ed290d6d3296615
2025-06-05,卡繆,卡繆荒謬與反抗系列作品全集套書：荒謬系列四部曲《異鄉人》《薛西弗斯的神話》《卡里古拉》《誤會》＋反抗系列三部曲《瘟疫》《反抗者》《正義者》【全新法文名家直譯，首次完整出版，親炙完整的卡繆荒謬哲學】,1519,3150000000694,https://cdn.kobo.com/book-images/76f16f12-492e-4435-b792-e97bba1721d5/353/569/90/False/Kx45Q5lYKTqv_nEYbdwV2A.jpg,https://www.kobo.com/tw/zh/ebook/Kx45Q5lYKTqv_nEYbdwV2A?sId=e3b6862b2e2c00475ed290d6d3296615
2025-06-05,卡繆,薛西弗斯的神話：點燃希望的哲學頌歌，法國七星文庫權威譯本【傅雷翻譯獎典藏版】,266,9786267596456,https://cdn.kobo.com/book-images/6ccfbf88-73ae-4691-b256-38387994ae56/353/569/90/False/7fFjSyTP9zKPTx3GcPFpfw.jpg,https://www.kobo.com/tw/zh/ebook/7fFjSyTP9zKPTx3GcPFpfw?sId=e3b6862b2e2c00475ed290d6d3296615
2025-06-05,卡繆,正義者（首次出版，法文直譯名家譯本，卡繆展現對正義與反抗的考驗）,196,9789860777161,https://cdn.kobo.com/book-images/9291fc65-996d-4a27-83f4-a141c345d8cb/353/569/90/False/QQT3HgwFsT2xefv4IRMF9w.jpg,https://www.kobo.com/tw/zh/ebook/QQT3HgwFsT2xefv4IRMF9w?sId=e3b6862b2e2c00475ed290d6d3296615
2025-06-05,卡繆,鼠疫,210,3119861737522,https://cdn.kobo.com/book-images/56a09ae8-dac7-4eb0-9dde-b427a5a1aacb/353/569/90/False/tGTtah0cyzKVQIXzpZ7NTQ.jpg,https://www.kobo.com/tw/zh/ebook/tGTtah0cyzKVQIXzpZ7NTQ?sId=e3b6862b2e2c00475ed290d6d3296615
2025-06-05,卡繆,放逐與王國,210,9789863874133,https://cdn.kobo.com/book-images/5f1ba02d-68c9-4aa5-85ab-824c904439e9/353/569/90/False/RVGALpaZsjaTbCo1SdZXqw.jpg,https://www.kobo.com/tw/zh/ebook/RVGALpaZsjaTbCo1SdZXqw?sId=e3b6862b2e2c00475ed290d6d3296615
2025-06-05,卡繆,鼠疫（卡繆經典暢銷作․中文版有聲書首度上市）,300,9789863449270,https://cdn.kobo.com/book-images/ba766fe2-65df-4d69-83bc-798bf2340c10/353/569/90/False/AMe0qKS-yzinEfp_ItutUg.jpg,https://www.kobo.com/tw/zh/audiobook/AMe0qKS-yzinEfp_ItutUg?sId=e3b6862b2e2c00475ed290d6d3296615
2025-06-05,卡繆,卡繆反抗三部曲套書：《瘟疫》＋《反抗者》＋《正義者》【全新法文名家直譯，首次完整出版，親炙完整的卡繆反抗思想】,728,3150000000687,https://cdn.kobo.com/book-images/9f980967-d3c1-4ac0-9f8c-f8e0ccbbcc60/353/569/90/False/B1m2jKOONjKjTMVkT5k1NQ.jpg,https://www.kobo.com/tw/zh/ebook/B1m2jKOONjKjTMVkT5k1NQ?sId=e3b6862b2e2c00475ed290d6d3296615
2025-06-05,卡繆,瘟疫,210,9789861785516,https://cdn.kobo.com/book-images/8d4f032e-dd57-4b50-a7d8-07f8e494bce5/353/569/90/False/sQ5ce_0gtz-yiFpE7SxWag.jpg,https://www.kobo.com/tw/zh/ebook/sQ5ce_0gtz-yiFpE7SxWag?sId=e3b6862b2e2c00475ed290d6d3296615
2025-06-05,卡繆,異鄉人（2020全新名家譯本，再現卡繆字句推敲的原義）,175,3150000000617,https://cdn.kobo.com/book-images/883f0dcf-e5f7-4dfe-b300-8d725a8da70d/353/569/90/False/0GQk9bH6VzyLV0Q9Faysow.jpg,https://www.kobo.com/tw/zh/ebook/0GQk9bH6VzyLV0Q9Faysow?sId=3b440d8927655b6592b49fe8bf83cd10
2025-06-05,卡繆,誤會【1957年諾貝爾文學獎得主面對自我放逐之旅的核心之作】,196,9786267118139,https://cdn.kobo.com/book-images/f35af051-fd52-4e22-a2df-d19abd3abf6e/353/569/90/False/XznH9zQdijG-RQoi9MTYng.jpg,https://www.kobo.com/tw/zh/ebook/XznH9zQdijG-RQoi9MTYng?sId=3b440d8927655b6592b49fe8bf83cd10
2025-06-05,卡繆,鼠疫【全新名家譯本】（特別收錄哲學解析〈一部存在主義小說的後現代閱讀〉）,266,9789864895434,https://cdn.kobo.com/book-images/f4d068a2-498d-4817-97dd-d7492dc32b10/353/569/90/False/K9cd87y5oDGaSXDvYBOiAg.jpg,https://www.kobo.com/tw/zh/ebook/K9cd87y5oDGaSXDvYBOiAg?sId=3b440d8927655b6592b49fe8bf83cd10
2025-06-05,卡繆,異鄉人【獨家收錄沙特評論・2022全新名家譯本】,196,9789864896073,https://cdn.kobo.com/book-images/a71e071c-2ddd-47b0-ba0d-0ad67a3261c3/353/569/90/False/VQ2InesBOjKI-Xv96viLqA.jpg,https://www.kobo.com/tw/zh/ebook/VQ2InesBOjKI-Xv96viLqA?sId=3b440d8927655b6592b49fe8bf83cd10
2025-06-05,卡繆,快樂的死,175,3120000000639,https://cdn.kobo.com/book-images/57e8ecec-6b0d-4586-882a-1f7699f9b494/353/569/90/False/gnS7T3tgLTS1t3eLSRBEeA.jpg,https://www.kobo.com/tw/zh/ebook/gnS7T3tgLTS1t3eLSRBEeA?sId=3b440d8927655b6592b49fe8bf83cd10
2025-06-05,卡繆,異鄉人,210,3039571384641,https://cdn.kobo.com/book-images/81e2cbee-7fb1-445c-8a9a-54f11683b376/353/569/90/False/wUn6RJK3RjCYH8YflJqYFw.jpg,https://www.kobo.com/tw/zh/ebook/wUn6RJK3RjCYH8YflJqYFw?sId=3b440d8927655b6592b49fe8bf83cd10
2025-06-05,卡繆,反抗者（新版）,266,3150000000392,https://cdn.kobo.com/book-images/0169f08d-1636-4fe9-865e-ac9323facfa7/353/569/90/False/dnhkQv1woTKBLngzg4RbMg.jpg,https://www.kobo.com/tw/zh/ebook/dnhkQv1woTKBLngzg4RbMg?sId=3b440d8927655b6592b49fe8bf83cd10
2025-06-05,卡繆,薛西弗斯的神話：卡繆的荒謬哲學,230,3120000000285,https://cdn.kobo.com/book-images/8cfb868b-d1ce-428f-9dc1-8a7b0724f790/353/569/90/False/dz7TJXld6DK-tFChkyuNug.jpg,https://www.kobo.com/tw/zh/ebook/dz7TJXld6DK-tFChkyuNug?sId=3b440d8927655b6592b49fe8bf83cd10
2025-06-05,卡繆,卡繆荒謬系列四部曲套書：《異鄉人》＋《薛西弗斯的神話》＋《卡里古拉》＋《誤會》【全新法文名家直譯，首次完整出版，親炙完整的卡繆荒謬哲學】,791,3150000000693,https://cdn.kobo.com/book-images/462128f0-194c-4f37-91e4-c9cdfbe0d7b2/353/569/90/False/iBMVIqmTtjmYjH2oJl_r8A.jpg,https://www.kobo.com/tw/zh/ebook/iBMVIqmTtjmYjH2oJl_r8A?sId=3b440d8927655b6592b49fe8bf83cd10
2025-06-05,卡繆,卡里古拉【1957年諾貝爾文學獎得主描摹荒謬的經典代表作,210,9786267118108,https://cdn.kobo.com/book-images/228a6362-9e74-450c-806f-26d0291b0115/353/569/90/False/bUv8_ShWSDyzoufG54r66g.jpg,https://www.kobo.com/tw/zh/ebook/bUv8_ShWSDyzoufG54r66g?sId=3b440d8927655b6592b49fe8bf83cd10
2025-06-05,卡繆,異鄉人：最值得珍藏的名家譯本,224,3119864778287,https://cdn.kobo.com/book-images/59186bf1-d059-4aeb-afcb-36b164712ef7/353/569/90/False/XRU3eRrUUD6pvlI4liPZbg.jpg,https://www.kobo.com/tw/zh/ebook/XRU3eRrUUD6pvlI4liPZbg?sId=3b440d8927655b6592b49fe8bf83cd10
2025-06-05,卡繆,第一人：《異鄉人》存在主義大師的最後遺作！沒讀過《第一人》，就無法了解真正的卡繆！,360,7435000003050,https://cdn.kobo.com/book-images/1000dae4-0e54-4613-994a-2ca68f225aaf/353/569/90/False/mBrCwjCDbT-OmxW_MxQCPg.jpg,https://www.kobo.com/tw/zh/audiobook/mBrCwjCDbT-OmxW_MxQCPg?sId=3b440d8927655b6592b49fe8bf83cd10
2025-06-05,卡繆,墮落,182,9789861787558,https://cdn.kobo.com/book-images/023f55c5-13cf-4e65-aaa2-e1d0eebea177/353/569/90/False/ie-dvcJKuTWxECoQpt7ptg.jpg,https://www.kobo.com/tw/zh/ebook/ie-dvcJKuTWxECoQpt7ptg?sId=9024644041cb7f1ff1ef3b49e2e3ed9e
2025-06-05,卡繆,放逐與王國：卡繆短篇小說,260,9789865482541,https://cdn.kobo.com/book-images/033f901a-cea5-456e-9a5c-534f67c7dd33/353/569/90/False/SmaLhyIaRTOPTVVkw9jskg.jpg,https://www.kobo.com/tw/zh/ebook/SmaLhyIaRTOPTVVkw9jskg?sId=9024644041cb7f1ff1ef3b49e2e3ed9e
2025-06-05,卡繆,異鄉人,170,6849862272770,https://cdn.kobo.com/book-images/2f2b24f2-6a61-4ae2-a409-29c8eb0bc992/353/569/90/False/GYi3emouATurt5CEXNGY7A.jpg,https://www.kobo.com/tw/zh/ebook/GYi3emouATurt5CEXNGY7A?sId=9024644041cb7f1ff1ef3b49e2e3ed9e
2025-06-05,卡繆,瘟疫（名家經典新譯）,228,9789865482473,https://cdn.kobo.com/book-images/edbaf1b0-60cf-4781-90e1-dcb3d6358348/353/569/90/False/XSi3S6nkVz2SFyXwXYLq1g.jpg,https://www.kobo.com/tw/zh/ebook/XSi3S6nkVz2SFyXwXYLq1g?sId=9024644041cb7f1ff1ef3b49e2e3ed9e
2025-06-05,卡繆,異鄉人：荒謬三部曲，首部,210,7384000000024,https://cdn.kobo.com/book-images/12dc1249-e584-452a-a159-54be7be82c4d/353/569/90/False/MDkYBsM0cTm5Kq9j-44S0A.jpg,https://www.kobo.com/tw/zh/audiobook/MDkYBsM0cTm5Kq9j-44S0A?sId=9024644041cb7f1ff1ef3b49e2e3ed9e
2025-06-05,簡媜,女兒紅,196,9789863874096,https://cdn.kobo.com/book-images/73163054-0990-4413-b92d-a3d20f20ebaa/353/569/90/False/DBqadeV-gT-bmmVuqDItJg.jpg,https://www.kobo.com/tw/zh/ebook/DBqadeV-gT-bmmVuqDItJg?sId=2119db63ac505ba97667a16f3fcee23c
2025-06-05,簡媜,十種寂寞,252,7390863873877,https://cdn.kobo.com/book-images/137d5050-a414-4644-a453-8236a3c7338c/353/569/90/False/SS3f6q_OmzG6ixjEoQQSBw.jpg,https://www.kobo.com/tw/zh/ebook/SS3f6q_OmzG6ixjEoQQSBw?sId=2119db63ac505ba97667a16f3fcee23c
2025-06-05,簡媜,我為你灑下月光,336,7390863872337,https://cdn.kobo.com/book-images/8d8c685d-f3c5-4e43-a07c-4a7a91f5ad22/353/569/90/False/RBqeU8INXTCG7D8npjR0bw.jpg,https://www.kobo.com/tw/zh/ebook/RBqeU8INXTCG7D8npjR0bw?sId=2119db63ac505ba97667a16f3fcee23c
2025-06-05,簡媜,一個人漫遊，古典森林,315,9789863877745,https://cdn.kobo.com/book-images/0c528bc8-18ea-46e3-acf0-f4c80125be95/353/569/90/False/Yyl9S4wUuDu8rltsfwH3UQ.jpg,https://www.kobo.com/tw/zh/ebook/Yyl9S4wUuDu8rltsfwH3UQ?sId=2119db63ac505ba97667a16f3fcee23c
2025-06-05,簡媜,誰在銀閃閃的地方，等你（增訂版）,392,9789863876021,https://cdn.kobo.com/book-images/18d8f7d3-ad8d-4473-b1b7-aba2ada08383/353/569/90/False/tyYjDkeqiza61CrkeCJu7w.jpg,https://www.kobo.com/tw/zh/ebook/tyYjDkeqiza61CrkeCJu7w?sId=2119db63ac505ba97667a16f3fcee23c
2025-06-05,簡媜,夢遊書,196,9789863874546,https://cdn.kobo.com/book-images/df1c79f2-8ad2-4ed8-9f37-293c81359dd8/353/569/90/False/p_nX7y-6_D6gGQiQ7O__sw.jpg,https://www.kobo.com/tw/zh/ebook/p_nX7y-6_D6gGQiQ7O__sw?sId=2119db63ac505ba97667a16f3fcee23c
2025-06-05,簡媜,吃朋友,245,7390866631382,https://cdn.kobo.com/book-images/03cd221a-bef1-420d-96fa-a1ff5f2ec5f8/353/569/90/False/5xrS1tW6YT6YFfX6xajasQ.jpg,https://www.kobo.com/tw/zh/ebook/5xrS1tW6YT6YFfX6xajasQ?sId=2119db63ac505ba97667a16f3fcee23c
2025-06-05,簡媜,老師的十二樣見面禮,224,7390866873232,https://cdn.kobo.com/book-images/912cffcc-12b7-4881-820d-605be5c0f456/353/569/90/False/Opeot0Gw9zeKOcdaOXIiCg.jpg,https://www.kobo.com/tw/zh/ebook/Opeot0Gw9zeKOcdaOXIiCg?sId=2119db63ac505ba97667a16f3fcee23c
2025-06-05,簡媜,胭脂盆地,196,9789863874553,https://cdn.kobo.com/book-images/0ce65bd8-31e7-48ec-b6c2-f3b4da8f4cb7/353/569/90/False/_jcUd4QT3T6w0ZguwcDvlg.jpg,https://www.kobo.com/tw/zh/ebook/_jcUd4QT3T6w0ZguwcDvlg?sId=2119db63ac505ba97667a16f3fcee23c
2025-06-05,簡媜,紅嬰仔：一個女人和她的育嬰史,252,7390863873068,https://cdn.kobo.com/book-images/4c769dfc-5feb-45bb-bad9-d22ff6fe4425/353/569/90/False/3-XKV53DSzqry1rJm_LJEA.jpg,https://www.kobo.com/tw/zh/ebook/3-XKV53DSzqry1rJm_LJEA?sId=2119db63ac505ba97667a16f3fcee23c
2025-06-05,簡媜,天涯海角──福爾摩沙抒情誌,245,7390863873471,https://cdn.kobo.com/book-images/af00ba7f-99c1-44ae-b3d3-81c4e6e37430/353/569/90/False/y2QggT-GWz28HjuY_ABx1w.jpg,https://www.kobo.com/tw/zh/ebook/y2QggT-GWz28HjuY_ABx1w?sId=2119db63ac505ba97667a16f3fcee23c
2025-06-05,簡媜,老師的十二樣見面禮（增訂版）,329,9789863876236,https://cdn.kobo.com/book-images/5ddd0b2a-a9d1-403d-92c3-60f91baba3c6/353/569/90/False/7r6In9z6kTuCg3twvvZA2g.jpg,https://www.kobo.com/tw/zh/ebook/7r6In9z6kTuCg3twvvZA2g?sId=2119db63ac505ba97667a16f3fcee23c
2025-06-05,簡媜,微暈的樹林,210,9789863875857,https://cdn.kobo.com/book-images/df67a2d3-dab3-4ea6-bdd2-0f0e2b62a151/353/569/90/False/lRjcIazDljKdQZof57Hd9A.jpg,https://www.kobo.com/tw/zh/ebook/lRjcIazDljKdQZof57Hd9A?sId=226f9438e402de5b2b69e1c9e2e5da68
2025-06-05,簡媜,旅人之歌——神遊山水詩,210,9789863877516,https://cdn.kobo.com/book-images/ba7b0973-6125-415b-91a8-f4910ba8f09b/353/569/90/False/BEgyL0ETLzSJLhvVE5yKmQ.jpg,https://www.kobo.com/tw/zh/ebook/BEgyL0ETLzSJLhvVE5yKmQ?sId=226f9438e402de5b2b69e1c9e2e5da68
2025-06-05,簡媜,與歲月同等心跳,210,9789863877479,https://cdn.kobo.com/book-images/5dc05880-531e-4ce8-9a89-99be05f5d02b/353/569/90/False/1Cgc_XKbQj6NkWrPuaKd2g.jpg,https://www.kobo.com/tw/zh/ebook/1Cgc_XKbQj6NkWrPuaKd2g?sId=226f9438e402de5b2b69e1c9e2e5da68
2025-06-05,簡媜,下午茶,160,9789863876946,https://cdn.kobo.com/book-images/84781262-e7bd-4d10-a3c7-d19910fafa73/353/569/90/False/5iBW0pa_Wj2IztG5D0yKyw.jpg,https://www.kobo.com/tw/zh/ebook/5iBW0pa_Wj2IztG5D0yKyw?sId=226f9438e402de5b2b69e1c9e2e5da68
2025-06-05,簡媜,只緣身在此山中,224,9789863874911,https://cdn.kobo.com/book-images/a21ea0b7-2449-4d16-b4db-1aa18c1993f3/353/569/90/False/JR_gAXmObD6EROWQrNPmjw.jpg,https://www.kobo.com/tw/zh/ebook/JR_gAXmObD6EROWQrNPmjw?sId=226f9438e402de5b2b69e1c9e2e5da68
2025-06-05,簡媜,好一座浮島,210,9789863875666,https://cdn.kobo.com/book-images/dcfdfd36-7d3d-4201-89ab-681303731c15/353/569/90/False/tR63QOkIkjSZNYP1XN8qJQ.jpg,https://www.kobo.com/tw/zh/ebook/tR63QOkIkjSZNYP1XN8qJQ?sId=226f9438e402de5b2b69e1c9e2e5da68
2025-06-05,簡媜,舊情復燃,220,9789863876380,https://cdn.kobo.com/book-images/97241a9a-8187-4195-a573-9a921c04b9cc/353/569/90/False/wieReZ4jqT2vpPAPLsLmkA.jpg,https://www.kobo.com/tw/zh/ebook/wieReZ4jqT2vpPAPLsLmkA?sId=226f9438e402de5b2b69e1c9e2e5da68
2025-06-05,簡媜,密密語,280,9789863876953,https://cdn.kobo.com/book-images/76e8fe19-e84d-4b62-9707-03393a023486/353/569/90/False/mMg1YwJL9TemPTAVwHZbvw.jpg,https://www.kobo.com/tw/zh/ebook/mMg1YwJL9TemPTAVwHZbvw?sId=226f9438e402de5b2b69e1c9e2e5da68
2025-06-05,簡媜,陪我散步吧(增訂版),322,9789863878230,https://cdn.kobo.com/book-images/cbf936fb-e579-4f5e-889b-2d092f39c84e/353/569/90/False/5BeIP1SRfTC97-lqaxlVkQ.jpg,https://www.kobo.com/tw/zh/ebook/5BeIP1SRfTC97-lqaxlVkQ?sId=226f9438e402de5b2b69e1c9e2e5da68
2025-06-05,簡媜,月娘照眠牀,220,9789863875314,https://cdn.kobo.com/book-images/1dc984df-000f-4cfb-86bf-d71ead052b02/353/569/90/False/yifYBw_kEz-sjWx9O6wmTg.jpg,https://www.kobo.com/tw/zh/ebook/yifYBw_kEz-sjWx9O6wmTg?sId=226f9438e402de5b2b69e1c9e2e5da68
2025-06-05,赫曼．赫塞,車輪下（首度德文直譯本）,210,3090000000590,https://cdn.kobo.com/book-images/40dde703-286a-487c-acca-3d0e177e4d0a/353/569/90/False/iRXS-e-7fzumzrZdY8d_8Q.jpg,https://www.kobo.com/tw/zh/ebook/iRXS-e-7fzumzrZdY8d_8Q?sId=6ee1fb5da3839a38666598616c1de46c
2025-06-05,赫曼．赫塞,悉達多：一首印度的詩（流浪者之歌）,210,7384000000026,https://cdn.kobo.com/book-images/2ebd8c79-acb7-430a-abd8-3998815f26dd/353/569/90/False/5P5w8osOvzauH183YElyCw.jpg,https://www.kobo.com/tw/zh/audiobook/5P5w8osOvzauH183YElyCw?sId=6ee1fb5da3839a38666598616c1de46c
2025-06-05,赫曼．赫塞,流浪者之歌／悉達多,252,9786267095010,https://cdn.kobo.com/book-images/3f321736-62ab-46cb-ae65-dabe29f7eea4/353/569/90/False/BZkTJbpWnTWsH4_ozeT9vA.jpg,https://www.kobo.com/tw/zh/ebook/BZkTJbpWnTWsH4_ozeT9vA?sId=6ee1fb5da3839a38666598616c1de46c
2025-06-05,赫曼．赫塞,德米安：徬徨少年時 (告別徬徨，堅定地做你自己。全新無刪減完整譯本，慕尼黑大學圖書館愛藏版),245,3069869881963,https://cdn.kobo.com/book-images/a809baf5-4e7d-43c9-96e5-7d69fa248b50/353/569/90/False/6fn5ArUqVjSw56cshygW_Q.jpg,https://www.kobo.com/tw/zh/ebook/6fn5ArUqVjSw56cshygW_Q?sId=6ee1fb5da3839a38666598616c1de46c
2025-06-05,赫曼．赫塞,悉達多【獨家收錄保羅．科爾賀專文導讀、林懷民繆思分享】：一首印度的詩（流浪者之歌）,196,9789864895397,https://cdn.kobo.com/book-images/827cfb45-6d4c-43cb-866a-eb45ca8c20c7/353/569/90/False/8X4BYN4ZszavG3vs7B0Jdg.jpg,https://www.kobo.com/tw/zh/ebook/8X4BYN4ZszavG3vs7B0Jdg?sId=6ee1fb5da3839a38666598616c1de46c
2025-06-05,赫曼．赫塞,流浪者之歌（首度德文直譯本）,210,3090000000515,https://cdn.kobo.com/book-images/f601d38b-894e-436d-852c-e48f41d06a75/353/569/90/False/uWrynH7_LjCJaQT5rWrZjg.jpg,https://www.kobo.com/tw/zh/ebook/uWrynH7_LjCJaQT5rWrZjg?sId=6ee1fb5da3839a38666598616c1de46c
2025-06-05,赫曼．赫塞,徬徨少年時（德文直譯本）,196,3090000030292,https://cdn.kobo.com/book-images/0eb8b492-c683-4d13-8a2e-40fd1872ced9/353/569/90/False/p9r2phjlUzO8q-gEc3Ysmg.jpg,https://www.kobo.com/tw/zh/ebook/p9r2phjlUzO8q-gEc3Ysmg?sId=6ee1fb5da3839a38666598616c1de46c
2025-06-05,赫曼．赫塞,德米安：埃米爾．辛克萊年少時的故事（徬徨少年時）,210,7384000000027,https://cdn.kobo.com/book-images/e921900f-2bfe-42d8-8547-198c1b3b42b1/353/569/90/False/pO0YjhmJajyGRrdkzlKsnA.jpg,https://www.kobo.com/tw/zh/audiobook/pO0YjhmJajyGRrdkzlKsnA?sId=6ee1fb5da3839a38666598616c1de46c
2025-06-05,赫曼．赫塞,在書中發現自己的靈魂：慢讀赫塞,250,3128000000104,https://cdn.kobo.com/book-images/5139dd71-3f40-4bbf-aaa6-752447892743/353/569/90/False/mj-jE6bxOTazX9ad0uwE7g.jpg,https://www.kobo.com/tw/zh/ebook/mj-jE6bxOTazX9ad0uwE7g?sId=6ee1fb5da3839a38666598616c1de46c
2025-06-05,赫曼．赫塞,荒野之狼（首度德文直譯本）,245,3090000005737,https://cdn.kobo.com/book-images/449cd682-c515-465f-b6f3-c5b59e8310e3/353/569/90/False/VFQPtyjUrTGJSlcoqoICxg.jpg,https://www.kobo.com/tw/zh/ebook/VFQPtyjUrTGJSlcoqoICxg?sId=6ee1fb5da3839a38666598616c1de46c
2025-06-05,赫曼．赫塞,赫曼赫塞童話故事集,250,3119864773930,https://cdn.kobo.com/book-images/5f4ae374-cda4-4a0c-a27f-58f4eb5939e0/353/569/90/False/fUpsq8DF8Tq5Lguv3pHWuQ.jpg,https://www.kobo.com/tw/zh/ebook/fUpsq8DF8Tq5Lguv3pHWuQ?sId=6ee1fb5da3839a38666598616c1de46c
2025-06-05,赫曼．赫塞,鄉愁（德文直譯本）,196,3090000006527,https://cdn.kobo.com/book-images/567c8c31-ebf2-4ffb-a5b1-7e294bb27479/353/569/90/False/By8ilup3JjmH2kf5ty2N8g.jpg,https://www.kobo.com/tw/zh/ebook/By8ilup3JjmH2kf5ty2N8g?sId=6ee1fb5da3839a38666598616c1de46c
2025-06-05,赫曼．赫塞,德米安【獨家收錄詹姆斯・法蘭科專文導讀】：埃米爾．辛克萊年少時的故事（徬徨少年時）,210,9789864895403,https://cdn.kobo.com/book-images/ae0cd56f-8ec4-4e2d-bc97-29ea34073182/353/569/90/False/ib-jIoEV2Dqm0I1tAc6TWQ.jpg,https://www.kobo.com/tw/zh/ebook/ib-jIoEV2Dqm0I1tAc6TWQ?sId=bd7e7f6ad2c1ca065c69892a15ba6370
2025-06-05,赫曼．赫塞,德米安：彷徨少年時,228,7289867101822,https://cdn.kobo.com/book-images/897fa0c7-1c7f-4005-9de8-784febd6e287/353/569/90/False/ZNYK-tlfkD-IZy3hlnFJAw.jpg,https://www.kobo.com/tw/zh/ebook/ZNYK-tlfkD-IZy3hlnFJAw?sId=bd7e7f6ad2c1ca065c69892a15ba6370
2025-06-05,赫曼．赫塞,荒野之狼（德文新譯本）,294,3119864771400,https://cdn.kobo.com/book-images/c81844a1-3034-4867-a324-b6f0bd00c252/353/569/90/False/6g6wxeuiYjuWU71oa_5Mzg.jpg,https://www.kobo.com/tw/zh/ebook/6g6wxeuiYjuWU71oa_5Mzg?sId=bd7e7f6ad2c1ca065c69892a15ba6370
2025-06-05,赫曼．赫塞,流浪者之歌,245,9786263744417,https://cdn.kobo.com/book-images/dbaffb64-2df7-46df-9836-4b43eb375d74/353/569/90/False/SSmAUWRnWD-200t2EoH_qQ.jpg,https://www.kobo.com/tw/zh/ebook/SSmAUWRnWD-200t2EoH_qQ?sId=bd7e7f6ad2c1ca065c69892a15ba6370
2025-06-05,赫曼．赫塞,徬徨少年時,175,3090000000352,https://cdn.kobo.com/book-images/b98f888a-ae90-4674-8796-0c691b798c30/353/569/90/False/3cIVTFd3fz6t9pp0NaJsyA.jpg,https://www.kobo.com/tw/zh/ebook/3cIVTFd3fz6t9pp0NaJsyA?sId=bd7e7f6ad2c1ca065c69892a15ba6370
2025-06-05,赫曼．赫塞,中學生好享讀：諾貝爾大師短篇小說選,225,6709863201113,https://cdn.kobo.com/book-images/f48eb899-1243-4d56-a687-e9d45c5de9ef/353/569/90/False/pnJCPVTatTGHkaHGe4iYMw.jpg,https://www.kobo.com/tw/zh/ebook/pnJCPVTatTGHkaHGe4iYMw?sId=bd7e7f6ad2c1ca065c69892a15ba6370
2025-06-05,赫曼．赫塞,生命之歌,210,3090000000496,https://cdn.kobo.com/book-images/cab95401-af95-4f91-9d80-41eee92dade2/353/569/90/False/kfbDCDZ4SD6jxk-LU1ireg.jpg,https://www.kobo.com/tw/zh/ebook/kfbDCDZ4SD6jxk-LU1ireg?sId=bd7e7f6ad2c1ca065c69892a15ba6370
2025-06-05,赫曼．赫塞,園圃之歌：諾貝爾文學獎大師赫曼．赫塞的自然哲思與手繪詩畫,266,9786269638079,https://cdn.kobo.com/book-images/f7453d28-8edd-4d0b-87ae-3f947835f381/353/569/90/False/jHi5IlslGTmTLqpPkwxScQ.jpg,https://www.kobo.com/tw/zh/ebook/jHi5IlslGTmTLqpPkwxScQ?sId=bd7e7f6ad2c1ca065c69892a15ba6370
2025-06-05,赫曼．赫塞,荒野之狼,315,9786263966987,https://cdn.kobo.com/book-images/3bb495e7-b3a7-490f-be56-c4e3d0755850/353/569/90/False/8qvh-uvBNjeQ5sV5LtVHdw.jpg,https://www.kobo.com/tw/zh/ebook/8qvh-uvBNjeQ5sV5LtVHdw?sId=bd7e7f6ad2c1ca065c69892a15ba6370
2025-06-05,赫曼．赫塞,流浪者之歌【感動解讀版】,400,9786269936137,https://cdn.kobo.com/book-images/921c4663-8c49-4f8f-a61f-e24755dbae11/353/569/90/False/JNfPTDEjDz-tAMfp3Egokg.jpg,https://www.kobo.com/tw/zh/ebook/JNfPTDEjDz-tAMfp3Egokg?sId=bd7e7f6ad2c1ca065c69892a15ba6370
2025-06-05,赫曼．赫塞,悠遊之歌（三版）,175,9789864023936,https://cdn.kobo.com/book-images/e52679bc-171d-45f8-bf8a-8a159a9891ed/353/569/90/False/UHZLCrSJATqst2fZDCkzBA.jpg,https://www.kobo.com/tw/zh/ebook/UHZLCrSJATqst2fZDCkzBA?sId=bd7e7f6ad2c1ca065c69892a15ba6370
2025-06-06,卡繆,異鄉人（卡繆版書衣）,154,3119861735450,https://cdn.kobo.com/book-images/24099253-90bc-4d80-8825-f6300e8b806f/353/569/90/False/gb2hSkF1KDGjqz18oam2aA.jpg,https://www.kobo.com/tw/zh/ebook/gb2hSkF1KDGjqz18oam2aA?sId=10f5480567247d2ad5d13502cf096b24
2025-06-06,卡繆,薛西弗斯的神話,210,3150000000396,https://cdn.kobo.com/book-images/71d8cd60-c407-4367-bced-a36718fcf86f/353/569/90/False/t0r8j-Ym4jee3YDu96AA1w.jpg,https://www.kobo.com/tw/zh/ebook/t0r8j-Ym4jee3YDu96AA1w?sId=10f5480567247d2ad5d13502cf096b24
2025-06-06,卡繆,異鄉人（卡繆經典暢銷作․中文版有聲書首度上市）,220,9789863449263,https://cdn.kobo.com/book-images/a910e55d-8df0-43d3-8ef2-df7dc21d51ba/353/569/90/False/t1OO6Q03qjuX0wfMsaUVPg.jpg,https://www.kobo.com/tw/zh/audiobook/t1OO6Q03qjuX0wfMsaUVPg?sId=10f5480567247d2ad5d13502cf096b24
2025-06-06,卡繆,瘟疫（2021最新名家譯本，卡繆對疫情下被禁錮人心的鼓舞）,266,9789860777192,https://cdn.kobo.com/book-images/9618975f-d9f0-47af-bd43-571387f8a06a/353/569/90/False/wJ6ORaWSDj60GIzsDTf9Zg.jpg,https://www.kobo.com/tw/zh/ebook/wJ6ORaWSDj60GIzsDTf9Zg?sId=10f5480567247d2ad5d13502cf096b24
2025-06-06,卡繆,薛西弗斯的神話：點燃希望的哲學頌歌，法國七星文庫權威譯本【傅雷翻譯獎典藏版】,266,9786267596456,https://cdn.kobo.com/book-images/6ccfbf88-73ae-4691-b256-38387994ae56/353/569/90/False/7fFjSyTP9zKPTx3GcPFpfw.jpg,https://www.kobo.com/tw/zh/ebook/7fFjSyTP9zKPTx3GcPFpfw?sId=10f5480567247d2ad5d13502cf096b24
2025-06-06,卡繆,鼠疫（卡繆經典暢銷作․中文版有聲書首度上市）,300,9789863449270,https://cdn.kobo.com/book-images/ba766fe2-65df-4d69-83bc-798bf2340c10/353/569/90/False/AMe0qKS-yzinEfp_ItutUg.jpg,https://www.kobo.com/tw/zh/audiobook/AMe0qKS-yzinEfp_ItutUg?sId=10f5480567247d2ad5d13502cf096b24
2025-06-06,卡繆,卡繆荒謬與反抗系列作品全集套書：荒謬系列四部曲《異鄉人》《薛西弗斯的神話》《卡里古拉》《誤會》＋反抗系列三部曲《瘟疫》《反抗者》《正義者》【全新法文名家直譯，首次完整出版，親炙完整的卡繆荒謬哲學】,1519,3150000000694,https://cdn.kobo.com/book-images/76f16f12-492e-4435-b792-e97bba1721d5/353/569/90/False/Kx45Q5lYKTqv_nEYbdwV2A.jpg,https://www.kobo.com/tw/zh/ebook/Kx45Q5lYKTqv_nEYbdwV2A?sId=10f5480567247d2ad5d13502cf096b24
2025-06-06,卡繆,卡繆反抗三部曲套書：《瘟疫》＋《反抗者》＋《正義者》【全新法文名家直譯，首次完整出版，親炙完整的卡繆反抗思想】,728,3150000000687,https://cdn.kobo.com/book-images/9f980967-d3c1-4ac0-9f8c-f8e0ccbbcc60/353/569/90/False/B1m2jKOONjKjTMVkT5k1NQ.jpg,https://www.kobo.com/tw/zh/ebook/B1m2jKOONjKjTMVkT5k1NQ?sId=10f5480567247d2ad5d13502cf096b24
2025-06-06,卡繆,瘟疫,210,9789861785516,https://cdn.kobo.com/book-images/8d4f032e-dd57-4b50-a7d8-07f8e494bce5/353/569/90/False/sQ5ce_0gtz-yiFpE7SxWag.jpg,https://www.kobo.com/tw/zh/ebook/sQ5ce_0gtz-yiFpE7SxWag?sId=10f5480567247d2ad5d13502cf096b24
2025-06-06,卡繆,鼠疫,210,3119861737522,https://cdn.kobo.com/book-images/56a09ae8-dac7-4eb0-9dde-b427a5a1aacb/353/569/90/False/tGTtah0cyzKVQIXzpZ7NTQ.jpg,https://www.kobo.com/tw/zh/ebook/tGTtah0cyzKVQIXzpZ7NTQ?sId=10f5480567247d2ad5d13502cf096b24
2025-06-06,卡繆,正義者（首次出版，法文直譯名家譯本，卡繆展現對正義與反抗的考驗）,196,9789860777161,https://cdn.kobo.com/book-images/9291fc65-996d-4a27-83f4-a141c345d8cb/353/569/90/False/QQT3HgwFsT2xefv4IRMF9w.jpg,https://www.kobo.com/tw/zh/ebook/QQT3HgwFsT2xefv4IRMF9w?sId=10f5480567247d2ad5d13502cf096b24
2025-06-06,卡繆,誤會【1957年諾貝爾文學獎得主面對自我放逐之旅的核心之作】,196,9786267118139,https://cdn.kobo.com/book-images/f35af051-fd52-4e22-a2df-d19abd3abf6e/353/569/90/False/XznH9zQdijG-RQoi9MTYng.jpg,https://www.kobo.com/tw/zh/ebook/XznH9zQdijG-RQoi9MTYng?sId=10f5480567247d2ad5d13502cf096b24
2025-06-06,卡繆,異鄉人（2020全新名家譯本，再現卡繆字句推敲的原義）,175,3150000000617,https://cdn.kobo.com/book-images/883f0dcf-e5f7-4dfe-b300-8d725a8da70d/353/569/90/False/0GQk9bH6VzyLV0Q9Faysow.jpg,https://www.kobo.com/tw/zh/ebook/0GQk9bH6VzyLV0Q9Faysow?sId=2581dbcdbcde229b030628eed5dd3e3b
2025-06-06,卡繆,鼠疫【全新名家譯本】（特別收錄哲學解析〈一部存在主義小說的後現代閱讀〉）,266,9789864895434,https://cdn.kobo.com/book-images/f4d068a2-498d-4817-97dd-d7492dc32b10/353/569/90/False/K9cd87y5oDGaSXDvYBOiAg.jpg,https://www.kobo.com/tw/zh/ebook/K9cd87y5oDGaSXDvYBOiAg?sId=2581dbcdbcde229b030628eed5dd3e3b
2025-06-06,卡繆,異鄉人【獨家收錄沙特評論・2022全新名家譯本】,196,9789864896073,https://cdn.kobo.com/book-images/a71e071c-2ddd-47b0-ba0d-0ad67a3261c3/353/569/90/False/VQ2InesBOjKI-Xv96viLqA.jpg,https://www.kobo.com/tw/zh/ebook/VQ2InesBOjKI-Xv96viLqA?sId=2581dbcdbcde229b030628eed5dd3e3b
2025-06-06,卡繆,快樂的死,175,3120000000639,https://cdn.kobo.com/book-images/57e8ecec-6b0d-4586-882a-1f7699f9b494/353/569/90/False/gnS7T3tgLTS1t3eLSRBEeA.jpg,https://www.kobo.com/tw/zh/ebook/gnS7T3tgLTS1t3eLSRBEeA?sId=2581dbcdbcde229b030628eed5dd3e3b
2025-06-06,卡繆,異鄉人,210,3039571384641,https://cdn.kobo.com/book-images/81e2cbee-7fb1-445c-8a9a-54f11683b376/353/569/90/False/wUn6RJK3RjCYH8YflJqYFw.jpg,https://www.kobo.com/tw/zh/ebook/wUn6RJK3RjCYH8YflJqYFw?sId=2581dbcdbcde229b030628eed5dd3e3b
2025-06-06,卡繆,反抗者（新版）,266,3150000000392,https://cdn.kobo.com/book-images/0169f08d-1636-4fe9-865e-ac9323facfa7/353/569/90/False/dnhkQv1woTKBLngzg4RbMg.jpg,https://www.kobo.com/tw/zh/ebook/dnhkQv1woTKBLngzg4RbMg?sId=2581dbcdbcde229b030628eed5dd3e3b
2025-06-06,卡繆,薛西弗斯的神話：卡繆的荒謬哲學,230,3120000000285,https://cdn.kobo.com/book-images/8cfb868b-d1ce-428f-9dc1-8a7b0724f790/353/569/90/False/dz7TJXld6DK-tFChkyuNug.jpg,https://www.kobo.com/tw/zh/ebook/dz7TJXld6DK-tFChkyuNug?sId=2581dbcdbcde229b030628eed5dd3e3b
2025-06-06,卡繆,卡繆荒謬系列四部曲套書：《異鄉人》＋《薛西弗斯的神話》＋《卡里古拉》＋《誤會》【全新法文名家直譯，首次完整出版，親炙完整的卡繆荒謬哲學】,791,3150000000693,https://cdn.kobo.com/book-images/462128f0-194c-4f37-91e4-c9cdfbe0d7b2/353/569/90/False/iBMVIqmTtjmYjH2oJl_r8A.jpg,https://www.kobo.com/tw/zh/ebook/iBMVIqmTtjmYjH2oJl_r8A?sId=2581dbcdbcde229b030628eed5dd3e3b
2025-06-06,卡繆,卡里古拉【1957年諾貝爾文學獎得主描摹荒謬的經典代表作,210,9786267118108,https://cdn.kobo.com/book-images/228a6362-9e74-450c-806f-26d0291b0115/353/569/90/False/bUv8_ShWSDyzoufG54r66g.jpg,https://www.kobo.com/tw/zh/ebook/bUv8_ShWSDyzoufG54r66g?sId=2581dbcdbcde229b030628eed5dd3e3b
2025-06-06,卡繆,異鄉人：最值得珍藏的名家譯本,224,3119864778287,https://cdn.kobo.com/book-images/59186bf1-d059-4aeb-afcb-36b164712ef7/353/569/90/False/XRU3eRrUUD6pvlI4liPZbg.jpg,https://www.kobo.com/tw/zh/ebook/XRU3eRrUUD6pvlI4liPZbg?sId=2581dbcdbcde229b030628eed5dd3e3b
2025-06-06,卡繆,放逐與王國,210,9789863874133,https://cdn.kobo.com/book-images/5f1ba02d-68c9-4aa5-85ab-824c904439e9/353/569/90/False/RVGALpaZsjaTbCo1SdZXqw.jpg,https://www.kobo.com/tw/zh/ebook/RVGALpaZsjaTbCo1SdZXqw?sId=2581dbcdbcde229b030628eed5dd3e3b
2025-06-06,卡繆,第一人：《異鄉人》存在主義大師的最後遺作！沒讀過《第一人》，就無法了解真正的卡繆！,360,7435000003050,https://cdn.kobo.com/book-images/1000dae4-0e54-4613-994a-2ca68f225aaf/353/569/90/False/mBrCwjCDbT-OmxW_MxQCPg.jpg,https://www.kobo.com/tw/zh/audiobook/mBrCwjCDbT-OmxW_MxQCPg?sId=2581dbcdbcde229b030628eed5dd3e3b
2025-06-06,卡繆,墮落,182,9789861787558,https://cdn.kobo.com/book-images/023f55c5-13cf-4e65-aaa2-e1d0eebea177/353/569/90/False/ie-dvcJKuTWxECoQpt7ptg.jpg,https://www.kobo.com/tw/zh/ebook/ie-dvcJKuTWxECoQpt7ptg?sId=28b46a9e9f42f7bc29abccbfd45d508c
2025-06-06,卡繆,放逐與王國：卡繆短篇小說,260,9789865482541,https://cdn.kobo.com/book-images/033f901a-cea5-456e-9a5c-534f67c7dd33/353/569/90/False/SmaLhyIaRTOPTVVkw9jskg.jpg,https://www.kobo.com/tw/zh/ebook/SmaLhyIaRTOPTVVkw9jskg?sId=28b46a9e9f42f7bc29abccbfd45d508c
2025-06-06,卡繆,異鄉人,170,6849862272770,https://cdn.kobo.com/book-images/2f2b24f2-6a61-4ae2-a409-29c8eb0bc992/353/569/90/False/GYi3emouATurt5CEXNGY7A.jpg,https://www.kobo.com/tw/zh/ebook/GYi3emouATurt5CEXNGY7A?sId=28b46a9e9f42f7bc29abccbfd45d508c
2025-06-06,卡繆,瘟疫（名家經典新譯）,228,9789865482473,https://cdn.kobo.com/book-images/edbaf1b0-60cf-4781-90e1-dcb3d6358348/353/569/90/False/XSi3S6nkVz2SFyXwXYLq1g.jpg,https://www.kobo.com/tw/zh/ebook/XSi3S6nkVz2SFyXwXYLq1g?sId=28b46a9e9f42f7bc29abccbfd45d508c
2025-06-06,卡繆,異鄉人：荒謬三部曲，首部,210,7384000000024,https://cdn.kobo.com/book-images/12dc1249-e584-452a-a159-54be7be82c4d/353/569/90/False/MDkYBsM0cTm5Kq9j-44S0A.jpg,https://www.kobo.com/tw/zh/audiobook/MDkYBsM0cTm5Kq9j-44S0A?sId=28b46a9e9f42f7bc29abccbfd45d508c
2025-06-06,簡媜,陪我散步吧(增訂版),322,9789863878230,https://cdn.kobo.com/book-images/cbf936fb-e579-4f5e-889b-2d092f39c84e/353/569/90/False/5BeIP1SRfTC97-lqaxlVkQ.jpg,https://www.kobo.com/tw/zh/ebook/5BeIP1SRfTC97-lqaxlVkQ?sId=e02cf5b53f1be0b6738c978939d53e44
2025-06-06,簡媜,十種寂寞,252,7390863873877,https://cdn.kobo.com/book-images/137d5050-a414-4644-a453-8236a3c7338c/353/569/90/False/SS3f6q_OmzG6ixjEoQQSBw.jpg,https://www.kobo.com/tw/zh/ebook/SS3f6q_OmzG6ixjEoQQSBw?sId=e02cf5b53f1be0b6738c978939d53e44
2025-06-06,簡媜,我為你灑下月光,336,7390863872337,https://cdn.kobo.com/book-images/8d8c685d-f3c5-4e43-a07c-4a7a91f5ad22/353/569/90/False/RBqeU8INXTCG7D8npjR0bw.jpg,https://www.kobo.com/tw/zh/ebook/RBqeU8INXTCG7D8npjR0bw?sId=e02cf5b53f1be0b6738c978939d53e44
2025-06-06,簡媜,女兒紅,196,9789863874096,https://cdn.kobo.com/book-images/73163054-0990-4413-b92d-a3d20f20ebaa/353/569/90/False/DBqadeV-gT-bmmVuqDItJg.jpg,https://www.kobo.com/tw/zh/ebook/DBqadeV-gT-bmmVuqDItJg?sId=e02cf5b53f1be0b6738c978939d53e44
2025-06-06,簡媜,誰在銀閃閃的地方，等你（增訂版）,392,9789863876021,https://cdn.kobo.com/book-images/18d8f7d3-ad8d-4473-b1b7-aba2ada08383/353/569/90/False/tyYjDkeqiza61CrkeCJu7w.jpg,https://www.kobo.com/tw/zh/ebook/tyYjDkeqiza61CrkeCJu7w?sId=e02cf5b53f1be0b6738c978939d53e44
2025-06-06,簡媜,夢遊書,196,9789863874546,https://cdn.kobo.com/book-images/df1c79f2-8ad2-4ed8-9f37-293c81359dd8/353/569/90/False/p_nX7y-6_D6gGQiQ7O__sw.jpg,https://www.kobo.com/tw/zh/ebook/p_nX7y-6_D6gGQiQ7O__sw?sId=e02cf5b53f1be0b6738c978939d53e44
2025-06-06,簡媜,吃朋友,245,7390866631382,https://cdn.kobo.com/book-images/03cd221a-bef1-420d-96fa-a1ff5f2ec5f8/353/569/90/False/5xrS1tW6YT6YFfX6xajasQ.jpg,https://www.kobo.com/tw/zh/ebook/5xrS1tW6YT6YFfX6xajasQ?sId=e02cf5b53f1be0b6738c978939d53e44
2025-06-06,簡媜,老師的十二樣見面禮,224,7390866873232,https://cdn.kobo.com/book-images/912cffcc-12b7-4881-820d-605be5c0f456/353/569/90/False/Opeot0Gw9zeKOcdaOXIiCg.jpg,https://www.kobo.com/tw/zh/ebook/Opeot0Gw9zeKOcdaOXIiCg?sId=e02cf5b53f1be0b6738c978939d53e44
2025-06-06,簡媜,胭脂盆地,196,9789863874553,https://cdn.kobo.com/book-images/0ce65bd8-31e7-48ec-b6c2-f3b4da8f4cb7/353/569/90/False/_jcUd4QT3T6w0ZguwcDvlg.jpg,https://www.kobo.com/tw/zh/ebook/_jcUd4QT3T6w0ZguwcDvlg?sId=e02cf5b53f1be0b6738c978939d53e44
2025-06-06,簡媜,紅嬰仔：一個女人和她的育嬰史,252,7390863873068,https://cdn.kobo.com/book-images/4c769dfc-5feb-45bb-bad9-d22ff6fe4425/353/569/90/False/3-XKV53DSzqry1rJm_LJEA.jpg,https://www.kobo.com/tw/zh/ebook/3-XKV53DSzqry1rJm_LJEA?sId=e02cf5b53f1be0b6738c978939d53e44
2025-06-06,簡媜,天涯海角──福爾摩沙抒情誌,245,7390863873471,https://cdn.kobo.com/book-images/af00ba7f-99c1-44ae-b3d3-81c4e6e37430/353/569/90/False/y2QggT-GWz28HjuY_ABx1w.jpg,https://www.kobo.com/tw/zh/ebook/y2QggT-GWz28HjuY_ABx1w?sId=e02cf5b53f1be0b6738c978939d53e44
2025-06-06,簡媜,老師的十二樣見面禮（增訂版）,329,9789863876236,https://cdn.kobo.com/book-images/5ddd0b2a-a9d1-403d-92c3-60f91baba3c6/353/569/90/False/7r6In9z6kTuCg3twvvZA2g.jpg,https://www.kobo.com/tw/zh/ebook/7r6In9z6kTuCg3twvvZA2g?sId=e02cf5b53f1be0b6738c978939d53e44
2025-06-06,簡媜,微暈的樹林,210,9789863875857,https://cdn.kobo.com/book-images/df67a2d3-dab3-4ea6-bdd2-0f0e2b62a151/353/569/90/False/lRjcIazDljKdQZof57Hd9A.jpg,https://www.kobo.com/tw/zh/ebook/lRjcIazDljKdQZof57Hd9A?sId=59370172663edf29182f23cdeb1967eb
2025-06-06,簡媜,一個人漫遊，古典森林,315,9789863877745,https://cdn.kobo.com/book-images/0c528bc8-18ea-46e3-acf0-f4c80125be95/353/569/90/False/Yyl9S4wUuDu8rltsfwH3UQ.jpg,https://www.kobo.com/tw/zh/ebook/Yyl9S4wUuDu8rltsfwH3UQ?sId=59370172663edf29182f23cdeb1967eb
2025-06-06,簡媜,旅人之歌——神遊山水詩,210,9789863877516,https://cdn.kobo.com/book-images/ba7b0973-6125-415b-91a8-f4910ba8f09b/353/569/90/False/BEgyL0ETLzSJLhvVE5yKmQ.jpg,https://www.kobo.com/tw/zh/ebook/BEgyL0ETLzSJLhvVE5yKmQ?sId=59370172663edf29182f23cdeb1967eb
2025-06-06,簡媜,與歲月同等心跳,210,9789863877479,https://cdn.kobo.com/book-images/5dc05880-531e-4ce8-9a89-99be05f5d02b/353/569/90/False/1Cgc_XKbQj6NkWrPuaKd2g.jpg,https://www.kobo.com/tw/zh/ebook/1Cgc_XKbQj6NkWrPuaKd2g?sId=59370172663edf29182f23cdeb1967eb
2025-06-06,簡媜,下午茶,160,9789863876946,https://cdn.kobo.com/book-images/84781262-e7bd-4d10-a3c7-d19910fafa73/353/569/90/False/5iBW0pa_Wj2IztG5D0yKyw.jpg,https://www.kobo.com/tw/zh/ebook/5iBW0pa_Wj2IztG5D0yKyw?sId=59370172663edf29182f23cdeb1967eb
2025-06-06,簡媜,只緣身在此山中,224,9789863874911,https://cdn.kobo.com/book-images/a21ea0b7-2449-4d16-b4db-1aa18c1993f3/353/569/90/False/JR_gAXmObD6EROWQrNPmjw.jpg,https://www.kobo.com/tw/zh/ebook/JR_gAXmObD6EROWQrNPmjw?sId=59370172663edf29182f23cdeb1967eb
2025-06-06,簡媜,好一座浮島,210,9789863875666,https://cdn.kobo.com/book-images/dcfdfd36-7d3d-4201-89ab-681303731c15/353/569/90/False/tR63QOkIkjSZNYP1XN8qJQ.jpg,https://www.kobo.com/tw/zh/ebook/tR63QOkIkjSZNYP1XN8qJQ?sId=59370172663edf29182f23cdeb1967eb
2025-06-06,簡媜,舊情復燃,220,9789863876380,https://cdn.kobo.com/book-images/97241a9a-8187-4195-a573-9a921c04b9cc/353/569/90/False/wieReZ4jqT2vpPAPLsLmkA.jpg,https://www.kobo.com/tw/zh/ebook/wieReZ4jqT2vpPAPLsLmkA?sId=59370172663edf29182f23cdeb1967eb
2025-06-06,簡媜,密密語,280,9789863876953,https://cdn.kobo.com/book-images/76e8fe19-e84d-4b62-9707-03393a023486/353/569/90/False/mMg1YwJL9TemPTAVwHZbvw.jpg,https://www.kobo.com/tw/zh/ebook/mMg1YwJL9TemPTAVwHZbvw?sId=59370172663edf29182f23cdeb1967eb
2025-06-06,簡媜,月娘照眠牀,220,9789863875314,https://cdn.kobo.com/book-images/1dc984df-000f-4cfb-86bf-d71ead052b02/353/569/90/False/yifYBw_kEz-sjWx9O6wmTg.jpg,https://www.kobo.com/tw/zh/ebook/yifYBw_kEz-sjWx9O6wmTg?sId=59370172663edf29182f23cdeb1967eb
2025-06-06,赫曼．赫塞,流浪者之歌／悉達多,252,9786267095010,https://cdn.kobo.com/book-images/3f321736-62ab-46cb-ae65-dabe29f7eea4/353/569/90/False/BZkTJbpWnTWsH4_ozeT9vA.jpg,https://www.kobo.com/tw/zh/ebook/BZkTJbpWnTWsH4_ozeT9vA?sId=3149c318a3e9650663132b4bc7bb36d6
2025-06-06,赫曼．赫塞,德米安：徬徨少年時 (告別徬徨，堅定地做你自己。全新無刪減完整譯本，慕尼黑大學圖書館愛藏版),245,3069869881963,https://cdn.kobo.com/book-images/a809baf5-4e7d-43c9-96e5-7d69fa248b50/353/569/90/False/6fn5ArUqVjSw56cshygW_Q.jpg,https://www.kobo.com/tw/zh/ebook/6fn5ArUqVjSw56cshygW_Q?sId=3149c318a3e9650663132b4bc7bb36d6
2025-06-06,赫曼．赫塞,徬徨少年時（德文直譯本）,196,3090000030292,https://cdn.kobo.com/book-images/0eb8b492-c683-4d13-8a2e-40fd1872ced9/353/569/90/False/p9r2phjlUzO8q-gEc3Ysmg.jpg,https://www.kobo.com/tw/zh/ebook/p9r2phjlUzO8q-gEc3Ysmg?sId=3149c318a3e9650663132b4bc7bb36d6
2025-06-06,赫曼．赫塞,流浪者之歌（首度德文直譯本）,210,3090000000515,https://cdn.kobo.com/book-images/f601d38b-894e-436d-852c-e48f41d06a75/353/569/90/False/uWrynH7_LjCJaQT5rWrZjg.jpg,https://www.kobo.com/tw/zh/ebook/uWrynH7_LjCJaQT5rWrZjg?sId=3149c318a3e9650663132b4bc7bb36d6
2025-06-06,赫曼．赫塞,車輪下（首度德文直譯本）,210,3090000000590,https://cdn.kobo.com/book-images/40dde703-286a-487c-acca-3d0e177e4d0a/353/569/90/False/iRXS-e-7fzumzrZdY8d_8Q.jpg,https://www.kobo.com/tw/zh/ebook/iRXS-e-7fzumzrZdY8d_8Q?sId=3149c318a3e9650663132b4bc7bb36d6
2025-06-06,赫曼．赫塞,悉達多：一首印度的詩（流浪者之歌）,210,7384000000026,https://cdn.kobo.com/book-images/2ebd8c79-acb7-430a-abd8-3998815f26dd/353/569/90/False/5P5w8osOvzauH183YElyCw.jpg,https://www.kobo.com/tw/zh/audiobook/5P5w8osOvzauH183YElyCw?sId=3149c318a3e9650663132b4bc7bb36d6
2025-06-06,赫曼．赫塞,悉達多【獨家收錄保羅．科爾賀專文導讀、林懷民繆思分享】：一首印度的詩（流浪者之歌）,196,9789864895397,https://cdn.kobo.com/book-images/827cfb45-6d4c-43cb-866a-eb45ca8c20c7/353/569/90/False/8X4BYN4ZszavG3vs7B0Jdg.jpg,https://www.kobo.com/tw/zh/ebook/8X4BYN4ZszavG3vs7B0Jdg?sId=3149c318a3e9650663132b4bc7bb36d6
2025-06-06,赫曼．赫塞,德米安【獨家收錄詹姆斯・法蘭科專文導讀】：埃米爾．辛克萊年少時的故事（徬徨少年時）,210,9789864895403,https://cdn.kobo.com/book-images/ae0cd56f-8ec4-4e2d-bc97-29ea34073182/353/569/90/False/ib-jIoEV2Dqm0I1tAc6TWQ.jpg,https://www.kobo.com/tw/zh/ebook/ib-jIoEV2Dqm0I1tAc6TWQ?sId=3149c318a3e9650663132b4bc7bb36d6
2025-06-06,赫曼．赫塞,在書中發現自己的靈魂：慢讀赫塞,250,3128000000104,https://cdn.kobo.com/book-images/5139dd71-3f40-4bbf-aaa6-752447892743/353/569/90/False/mj-jE6bxOTazX9ad0uwE7g.jpg,https://www.kobo.com/tw/zh/ebook/mj-jE6bxOTazX9ad0uwE7g?sId=3149c318a3e9650663132b4bc7bb36d6
2025-06-06,赫曼．赫塞,荒野之狼（首度德文直譯本）,245,3090000005737,https://cdn.kobo.com/book-images/449cd682-c515-465f-b6f3-c5b59e8310e3/353/569/90/False/VFQPtyjUrTGJSlcoqoICxg.jpg,https://www.kobo.com/tw/zh/ebook/VFQPtyjUrTGJSlcoqoICxg?sId=3149c318a3e9650663132b4bc7bb36d6
2025-06-06,赫曼．赫塞,赫曼赫塞童話故事集,250,3119864773930,https://cdn.kobo.com/book-images/5f4ae374-cda4-4a0c-a27f-58f4eb5939e0/353/569/90/False/fUpsq8DF8Tq5Lguv3pHWuQ.jpg,https://www.kobo.com/tw/zh/ebook/fUpsq8DF8Tq5Lguv3pHWuQ?sId=3149c318a3e9650663132b4bc7bb36d6
2025-06-06,赫曼．赫塞,鄉愁（德文直譯本）,196,3090000006527,https://cdn.kobo.com/book-images/567c8c31-ebf2-4ffb-a5b1-7e294bb27479/353/569/90/False/By8ilup3JjmH2kf5ty2N8g.jpg,https://www.kobo.com/tw/zh/ebook/By8ilup3JjmH2kf5ty2N8g?sId=3149c318a3e9650663132b4bc7bb36d6
2025-06-06,赫曼．赫塞,德米安：埃米爾．辛克萊年少時的故事（徬徨少年時）,210,7384000000027,https://cdn.kobo.com/book-images/e921900f-2bfe-42d8-8547-198c1b3b42b1/353/569/90/False/pO0YjhmJajyGRrdkzlKsnA.jpg,https://www.kobo.com/tw/zh/audiobook/pO0YjhmJajyGRrdkzlKsnA?sId=67aeac752f027e9441b87cd745465aca
2025-06-06,赫曼．赫塞,德米安：彷徨少年時,228,7289867101822,https://cdn.kobo.com/book-images/897fa0c7-1c7f-4005-9de8-784febd6e287/353/569/90/False/ZNYK-tlfkD-IZy3hlnFJAw.jpg,https://www.kobo.com/tw/zh/ebook/ZNYK-tlfkD-IZy3hlnFJAw?sId=67aeac752f027e9441b87cd745465aca
2025-06-06,赫曼．赫塞,荒野之狼（德文新譯本）,294,3119864771400,https://cdn.kobo.com/book-images/c81844a1-3034-4867-a324-b6f0bd00c252/353/569/90/False/6g6wxeuiYjuWU71oa_5Mzg.jpg,https://www.kobo.com/tw/zh/ebook/6g6wxeuiYjuWU71oa_5Mzg?sId=67aeac752f027e9441b87cd745465aca
2025-06-06,赫曼．赫塞,流浪者之歌,245,9786263744417,https://cdn.kobo.com/book-images/dbaffb64-2df7-46df-9836-4b43eb375d74/353/569/90/False/SSmAUWRnWD-200t2EoH_qQ.jpg,https://www.kobo.com/tw/zh/ebook/SSmAUWRnWD-200t2EoH_qQ?sId=67aeac752f027e9441b87cd745465aca
2025-06-06,赫曼．赫塞,徬徨少年時,175,3090000000352,https://cdn.kobo.com/book-images/b98f888a-ae90-4674-8796-0c691b798c30/353/569/90/False/3cIVTFd3fz6t9pp0NaJsyA.jpg,https://www.kobo.com/tw/zh/ebook/3cIVTFd3fz6t9pp0NaJsyA?sId=67aeac752f027e9441b87cd745465aca
2025-06-06,赫曼．赫塞,中學生好享讀：諾貝爾大師短篇小說選,225,6709863201113,https://cdn.kobo.com/book-images/f48eb899-1243-4d56-a687-e9d45c5de9ef/353/569/90/False/pnJCPVTatTGHkaHGe4iYMw.jpg,https://www.kobo.com/tw/zh/ebook/pnJCPVTatTGHkaHGe4iYMw?sId=67aeac752f027e9441b87cd745465aca
2025-06-06,赫曼．赫塞,生命之歌,210,3090000000496,https://cdn.kobo.com/book-images/cab95401-af95-4f91-9d80-41eee92dade2/353/569/90/False/kfbDCDZ4SD6jxk-LU1ireg.jpg,https://www.kobo.com/tw/zh/ebook/kfbDCDZ4SD6jxk-LU1ireg?sId=67aeac752f027e9441b87cd745465aca
2025-06-06,赫曼．赫塞,園圃之歌：諾貝爾文學獎大師赫曼．赫塞的自然哲思與手繪詩畫,266,9786269638079,https://cdn.kobo.com/book-images/f7453d28-8edd-4d0b-87ae-3f947835f381/353/569/90/False/jHi5IlslGTmTLqpPkwxScQ.jpg,https://www.kobo.com/tw/zh/ebook/jHi5IlslGTmTLqpPkwxScQ?sId=67aeac752f027e9441b87cd745465aca
2025-06-06,赫曼．赫塞,荒野之狼,315,9786263966987,https://cdn.kobo.com/book-images/3bb495e7-b3a7-490f-be56-c4e3d0755850/353/569/90/False/8qvh-uvBNjeQ5sV5LtVHdw.jpg,https://www.kobo.com/tw/zh/ebook/8qvh-uvBNjeQ5sV5LtVHdw?sId=67aeac752f027e9441b87cd745465aca
2025-06-06,赫曼．赫塞,流浪者之歌【感動解讀版】,400,9786269936137,https://cdn.kobo.com/book-images/921c4663-8c49-4f8f-a61f-e24755dbae11/353/569/90/False/JNfPTDEjDz-tAMfp3Egokg.jpg,https://www.kobo.com/tw/zh/ebook/JNfPTDEjDz-tAMfp3Egokg?sId=67aeac752f027e9441b87cd745465aca
2025-06-06,赫曼．赫塞,悠遊之歌（三版）,175,9789864023936,https://cdn.kobo.com/book-images/e52679bc-171d-45f8-bf8a-8a159a9891ed/353/569/90/False/UHZLCrSJATqst2fZDCkzBA.jpg,https://www.kobo.com/tw/zh/ebook/UHZLCrSJATqst2fZDCkzBA?sId=67aeac752f027e9441b87cd745465aca
2025-06-07,卡繆,異鄉人（卡繆版書衣）,154,3119861735450,https://cdn.kobo.com/book-images/24099253-90bc-4d80-8825-f6300e8b806f/353/569/90/False/gb2hSkF1KDGjqz18oam2aA.jpg,https://www.kobo.com/tw/zh/ebook/gb2hSkF1KDGjqz18oam2aA?sId=d7fa31e45d54e352f5f0d10e70aab04e
2025-06-07,卡繆,薛西弗斯的神話,210,3150000000396,https://cdn.kobo.com/book-images/71d8cd60-c407-4367-bced-a36718fcf86f/353/569/90/False/t0r8j-Ym4jee3YDu96AA1w.jpg,https://www.kobo.com/tw/zh/ebook/t0r8j-Ym4jee3YDu96AA1w?sId=d7fa31e45d54e352f5f0d10e70aab04e
2025-06-07,卡繆,鼠疫,210,3119861737522,https://cdn.kobo.com/book-images/56a09ae8-dac7-4eb0-9dde-b427a5a1aacb/353/569/90/False/tGTtah0cyzKVQIXzpZ7NTQ.jpg,https://www.kobo.com/tw/zh/ebook/tGTtah0cyzKVQIXzpZ7NTQ?sId=d7fa31e45d54e352f5f0d10e70aab04e
2025-06-07,卡繆,異鄉人（卡繆經典暢銷作․中文版有聲書首度上市）,220,9789863449263,https://cdn.kobo.com/book-images/a910e55d-8df0-43d3-8ef2-df7dc21d51ba/353/569/90/False/t1OO6Q03qjuX0wfMsaUVPg.jpg,https://www.kobo.com/tw/zh/audiobook/t1OO6Q03qjuX0wfMsaUVPg?sId=d7fa31e45d54e352f5f0d10e70aab04e
2025-06-07,卡繆,鼠疫（卡繆經典暢銷作․中文版有聲書首度上市）,300,9789863449270,https://cdn.kobo.com/book-images/ba766fe2-65df-4d69-83bc-798bf2340c10/353/569/90/False/AMe0qKS-yzinEfp_ItutUg.jpg,https://www.kobo.com/tw/zh/audiobook/AMe0qKS-yzinEfp_ItutUg?sId=d7fa31e45d54e352f5f0d10e70aab04e
2025-06-07,卡繆,卡繆反抗三部曲套書：《瘟疫》＋《反抗者》＋《正義者》【全新法文名家直譯，首次完整出版，親炙完整的卡繆反抗思想】,728,3150000000687,https://cdn.kobo.com/book-images/9f980967-d3c1-4ac0-9f8c-f8e0ccbbcc60/353/569/90/False/B1m2jKOONjKjTMVkT5k1NQ.jpg,https://www.kobo.com/tw/zh/ebook/B1m2jKOONjKjTMVkT5k1NQ?sId=d7fa31e45d54e352f5f0d10e70aab04e
2025-06-07,卡繆,瘟疫,210,9789861785516,https://cdn.kobo.com/book-images/8d4f032e-dd57-4b50-a7d8-07f8e494bce5/353/569/90/False/sQ5ce_0gtz-yiFpE7SxWag.jpg,https://www.kobo.com/tw/zh/ebook/sQ5ce_0gtz-yiFpE7SxWag?sId=d7fa31e45d54e352f5f0d10e70aab04e
2025-06-07,卡繆,正義者（首次出版，法文直譯名家譯本，卡繆展現對正義與反抗的考驗）,196,9789860777161,https://cdn.kobo.com/book-images/9291fc65-996d-4a27-83f4-a141c345d8cb/353/569/90/False/QQT3HgwFsT2xefv4IRMF9w.jpg,https://www.kobo.com/tw/zh/ebook/QQT3HgwFsT2xefv4IRMF9w?sId=d7fa31e45d54e352f5f0d10e70aab04e
2025-06-07,卡繆,卡繆荒謬與反抗系列作品全集套書：荒謬系列四部曲《異鄉人》《薛西弗斯的神話》《卡里古拉》《誤會》＋反抗系列三部曲《瘟疫》《反抗者》《正義者》【全新法文名家直譯，首次完整出版，親炙完整的卡繆荒謬哲學】,1519,3150000000694,https://cdn.kobo.com/book-images/76f16f12-492e-4435-b792-e97bba1721d5/353/569/90/False/Kx45Q5lYKTqv_nEYbdwV2A.jpg,https://www.kobo.com/tw/zh/ebook/Kx45Q5lYKTqv_nEYbdwV2A?sId=d7fa31e45d54e352f5f0d10e70aab04e
2025-06-07,卡繆,薛西弗斯的神話：卡繆的荒謬哲學,230,3120000000285,https://cdn.kobo.com/book-images/8cfb868b-d1ce-428f-9dc1-8a7b0724f790/353/569/90/False/dz7TJXld6DK-tFChkyuNug.jpg,https://www.kobo.com/tw/zh/ebook/dz7TJXld6DK-tFChkyuNug?sId=d7fa31e45d54e352f5f0d10e70aab04e
2025-06-07,卡繆,薛西弗斯的神話：點燃希望的哲學頌歌，法國七星文庫權威譯本【傅雷翻譯獎典藏版】,266,9786267596456,https://cdn.kobo.com/book-images/6ccfbf88-73ae-4691-b256-38387994ae56/353/569/90/False/7fFjSyTP9zKPTx3GcPFpfw.jpg,https://www.kobo.com/tw/zh/ebook/7fFjSyTP9zKPTx3GcPFpfw?sId=d7fa31e45d54e352f5f0d10e70aab04e
2025-06-07,卡繆,誤會【1957年諾貝爾文學獎得主面對自我放逐之旅的核心之作】,196,9786267118139,https://cdn.kobo.com/book-images/f35af051-fd52-4e22-a2df-d19abd3abf6e/353/569/90/False/XznH9zQdijG-RQoi9MTYng.jpg,https://www.kobo.com/tw/zh/ebook/XznH9zQdijG-RQoi9MTYng?sId=d7fa31e45d54e352f5f0d10e70aab04e
2025-06-07,卡繆,異鄉人（2020全新名家譯本，再現卡繆字句推敲的原義）,175,3150000000617,https://cdn.kobo.com/book-images/883f0dcf-e5f7-4dfe-b300-8d725a8da70d/353/569/90/False/0GQk9bH6VzyLV0Q9Faysow.jpg,https://www.kobo.com/tw/zh/ebook/0GQk9bH6VzyLV0Q9Faysow?sId=4abd70e76d18364f388bef88b1a1a69e
2025-06-07,卡繆,鼠疫【全新名家譯本】（特別收錄哲學解析〈一部存在主義小說的後現代閱讀〉）,266,9789864895434,https://cdn.kobo.com/book-images/f4d068a2-498d-4817-97dd-d7492dc32b10/353/569/90/False/K9cd87y5oDGaSXDvYBOiAg.jpg,https://www.kobo.com/tw/zh/ebook/K9cd87y5oDGaSXDvYBOiAg?sId=4abd70e76d18364f388bef88b1a1a69e
2025-06-07,卡繆,異鄉人【獨家收錄沙特評論・2022全新名家譯本】,196,9789864896073,https://cdn.kobo.com/book-images/a71e071c-2ddd-47b0-ba0d-0ad67a3261c3/353/569/90/False/VQ2InesBOjKI-Xv96viLqA.jpg,https://www.kobo.com/tw/zh/ebook/VQ2InesBOjKI-Xv96viLqA?sId=4abd70e76d18364f388bef88b1a1a69e
2025-06-07,卡繆,快樂的死,175,3120000000639,https://cdn.kobo.com/book-images/57e8ecec-6b0d-4586-882a-1f7699f9b494/353/569/90/False/gnS7T3tgLTS1t3eLSRBEeA.jpg,https://www.kobo.com/tw/zh/ebook/gnS7T3tgLTS1t3eLSRBEeA?sId=4abd70e76d18364f388bef88b1a1a69e
2025-06-07,卡繆,瘟疫（2021最新名家譯本，卡繆對疫情下被禁錮人心的鼓舞）,266,9789860777192,https://cdn.kobo.com/book-images/9618975f-d9f0-47af-bd43-571387f8a06a/353/569/90/False/wJ6ORaWSDj60GIzsDTf9Zg.jpg,https://www.kobo.com/tw/zh/ebook/wJ6ORaWSDj60GIzsDTf9Zg?sId=4abd70e76d18364f388bef88b1a1a69e
2025-06-07,卡繆,異鄉人,210,3039571384641,https://cdn.kobo.com/book-images/81e2cbee-7fb1-445c-8a9a-54f11683b376/353/569/90/False/wUn6RJK3RjCYH8YflJqYFw.jpg,https://www.kobo.com/tw/zh/ebook/wUn6RJK3RjCYH8YflJqYFw?sId=4abd70e76d18364f388bef88b1a1a69e
2025-06-07,卡繆,反抗者（新版）,266,3150000000392,https://cdn.kobo.com/book-images/0169f08d-1636-4fe9-865e-ac9323facfa7/353/569/90/False/dnhkQv1woTKBLngzg4RbMg.jpg,https://www.kobo.com/tw/zh/ebook/dnhkQv1woTKBLngzg4RbMg?sId=4abd70e76d18364f388bef88b1a1a69e
2025-06-07,卡繆,卡繆荒謬系列四部曲套書：《異鄉人》＋《薛西弗斯的神話》＋《卡里古拉》＋《誤會》【全新法文名家直譯，首次完整出版，親炙完整的卡繆荒謬哲學】,791,3150000000693,https://cdn.kobo.com/book-images/462128f0-194c-4f37-91e4-c9cdfbe0d7b2/353/569/90/False/iBMVIqmTtjmYjH2oJl_r8A.jpg,https://www.kobo.com/tw/zh/ebook/iBMVIqmTtjmYjH2oJl_r8A?sId=4abd70e76d18364f388bef88b1a1a69e
2025-06-07,卡繆,卡里古拉【1957年諾貝爾文學獎得主描摹荒謬的經典代表作,210,9786267118108,https://cdn.kobo.com/book-images/228a6362-9e74-450c-806f-26d0291b0115/353/569/90/False/bUv8_ShWSDyzoufG54r66g.jpg,https://www.kobo.com/tw/zh/ebook/bUv8_ShWSDyzoufG54r66g?sId=4abd70e76d18364f388bef88b1a1a69e
2025-06-07,卡繆,異鄉人：最值得珍藏的名家譯本,224,3119864778287,https://cdn.kobo.com/book-images/59186bf1-d059-4aeb-afcb-36b164712ef7/353/569/90/False/XRU3eRrUUD6pvlI4liPZbg.jpg,https://www.kobo.com/tw/zh/ebook/XRU3eRrUUD6pvlI4liPZbg?sId=4abd70e76d18364f388bef88b1a1a69e
2025-06-07,卡繆,放逐與王國,210,9789863874133,https://cdn.kobo.com/book-images/5f1ba02d-68c9-4aa5-85ab-824c904439e9/353/569/90/False/RVGALpaZsjaTbCo1SdZXqw.jpg,https://www.kobo.com/tw/zh/ebook/RVGALpaZsjaTbCo1SdZXqw?sId=4abd70e76d18364f388bef88b1a1a69e
2025-06-07,卡繆,第一人：《異鄉人》存在主義大師的最後遺作！沒讀過《第一人》，就無法了解真正的卡繆！,360,7435000003050,https://cdn.kobo.com/book-images/1000dae4-0e54-4613-994a-2ca68f225aaf/353/569/90/False/mBrCwjCDbT-OmxW_MxQCPg.jpg,https://www.kobo.com/tw/zh/audiobook/mBrCwjCDbT-OmxW_MxQCPg?sId=4abd70e76d18364f388bef88b1a1a69e
2025-06-07,卡繆,墮落,182,9789861787558,https://cdn.kobo.com/book-images/023f55c5-13cf-4e65-aaa2-e1d0eebea177/353/569/90/False/ie-dvcJKuTWxECoQpt7ptg.jpg,https://www.kobo.com/tw/zh/ebook/ie-dvcJKuTWxECoQpt7ptg?sId=8baf86e7c59b8f5613af2ba69956d5ca
2025-06-07,卡繆,放逐與王國：卡繆短篇小說,260,9789865482541,https://cdn.kobo.com/book-images/033f901a-cea5-456e-9a5c-534f67c7dd33/353/569/90/False/SmaLhyIaRTOPTVVkw9jskg.jpg,https://www.kobo.com/tw/zh/ebook/SmaLhyIaRTOPTVVkw9jskg?sId=8baf86e7c59b8f5613af2ba69956d5ca
2025-06-07,卡繆,異鄉人,170,6849862272770,https://cdn.kobo.com/book-images/2f2b24f2-6a61-4ae2-a409-29c8eb0bc992/353/569/90/False/GYi3emouATurt5CEXNGY7A.jpg,https://www.kobo.com/tw/zh/ebook/GYi3emouATurt5CEXNGY7A?sId=8baf86e7c59b8f5613af2ba69956d5ca
2025-06-07,卡繆,瘟疫（名家經典新譯）,228,9789865482473,https://cdn.kobo.com/book-images/edbaf1b0-60cf-4781-90e1-dcb3d6358348/353/569/90/False/XSi3S6nkVz2SFyXwXYLq1g.jpg,https://www.kobo.com/tw/zh/ebook/XSi3S6nkVz2SFyXwXYLq1g?sId=8baf86e7c59b8f5613af2ba69956d5ca
2025-06-07,卡繆,異鄉人：荒謬三部曲，首部,210,7384000000024,https://cdn.kobo.com/book-images/12dc1249-e584-452a-a159-54be7be82c4d/353/569/90/False/MDkYBsM0cTm5Kq9j-44S0A.jpg,https://www.kobo.com/tw/zh/audiobook/MDkYBsM0cTm5Kq9j-44S0A?sId=8baf86e7c59b8f5613af2ba69956d5ca
2025-06-07,簡媜,陪我散步吧(增訂版),322,9789863878230,https://cdn.kobo.com/book-images/cbf936fb-e579-4f5e-889b-2d092f39c84e/353/569/90/False/5BeIP1SRfTC97-lqaxlVkQ.jpg,https://www.kobo.com/tw/zh/ebook/5BeIP1SRfTC97-lqaxlVkQ?sId=96fa3c211efa73d0822a8f143affb6f8
2025-06-07,簡媜,十種寂寞,252,7390863873877,https://cdn.kobo.com/book-images/137d5050-a414-4644-a453-8236a3c7338c/353/569/90/False/SS3f6q_OmzG6ixjEoQQSBw.jpg,https://www.kobo.com/tw/zh/ebook/SS3f6q_OmzG6ixjEoQQSBw?sId=96fa3c211efa73d0822a8f143affb6f8
2025-06-07,簡媜,我為你灑下月光,336,7390863872337,https://cdn.kobo.com/book-images/8d8c685d-f3c5-4e43-a07c-4a7a91f5ad22/353/569/90/False/RBqeU8INXTCG7D8npjR0bw.jpg,https://www.kobo.com/tw/zh/ebook/RBqeU8INXTCG7D8npjR0bw?sId=96fa3c211efa73d0822a8f143affb6f8
2025-06-07,簡媜,女兒紅,196,9789863874096,https://cdn.kobo.com/book-images/73163054-0990-4413-b92d-a3d20f20ebaa/353/569/90/False/DBqadeV-gT-bmmVuqDItJg.jpg,https://www.kobo.com/tw/zh/ebook/DBqadeV-gT-bmmVuqDItJg?sId=96fa3c211efa73d0822a8f143affb6f8
2025-06-07,簡媜,誰在銀閃閃的地方，等你（增訂版）,392,9789863876021,https://cdn.kobo.com/book-images/18d8f7d3-ad8d-4473-b1b7-aba2ada08383/353/569/90/False/tyYjDkeqiza61CrkeCJu7w.jpg,https://www.kobo.com/tw/zh/ebook/tyYjDkeqiza61CrkeCJu7w?sId=96fa3c211efa73d0822a8f143affb6f8
2025-06-07,簡媜,夢遊書,196,9789863874546,https://cdn.kobo.com/book-images/df1c79f2-8ad2-4ed8-9f37-293c81359dd8/353/569/90/False/p_nX7y-6_D6gGQiQ7O__sw.jpg,https://www.kobo.com/tw/zh/ebook/p_nX7y-6_D6gGQiQ7O__sw?sId=96fa3c211efa73d0822a8f143affb6f8
2025-06-07,簡媜,吃朋友,245,7390866631382,https://cdn.kobo.com/book-images/03cd221a-bef1-420d-96fa-a1ff5f2ec5f8/353/569/90/False/5xrS1tW6YT6YFfX6xajasQ.jpg,https://www.kobo.com/tw/zh/ebook/5xrS1tW6YT6YFfX6xajasQ?sId=96fa3c211efa73d0822a8f143affb6f8
2025-06-07,簡媜,老師的十二樣見面禮,224,7390866873232,https://cdn.kobo.com/book-images/912cffcc-12b7-4881-820d-605be5c0f456/353/569/90/False/Opeot0Gw9zeKOcdaOXIiCg.jpg,https://www.kobo.com/tw/zh/ebook/Opeot0Gw9zeKOcdaOXIiCg?sId=96fa3c211efa73d0822a8f143affb6f8
2025-06-07,簡媜,胭脂盆地,196,9789863874553,https://cdn.kobo.com/book-images/0ce65bd8-31e7-48ec-b6c2-f3b4da8f4cb7/353/569/90/False/_jcUd4QT3T6w0ZguwcDvlg.jpg,https://www.kobo.com/tw/zh/ebook/_jcUd4QT3T6w0ZguwcDvlg?sId=96fa3c211efa73d0822a8f143affb6f8
2025-06-07,簡媜,紅嬰仔：一個女人和她的育嬰史,252,7390863873068,https://cdn.kobo.com/book-images/4c769dfc-5feb-45bb-bad9-d22ff6fe4425/353/569/90/False/3-XKV53DSzqry1rJm_LJEA.jpg,https://www.kobo.com/tw/zh/ebook/3-XKV53DSzqry1rJm_LJEA?sId=96fa3c211efa73d0822a8f143affb6f8
2025-06-07,簡媜,天涯海角──福爾摩沙抒情誌,245,7390863873471,https://cdn.kobo.com/book-images/af00ba7f-99c1-44ae-b3d3-81c4e6e37430/353/569/90/False/y2QggT-GWz28HjuY_ABx1w.jpg,https://www.kobo.com/tw/zh/ebook/y2QggT-GWz28HjuY_ABx1w?sId=96fa3c211efa73d0822a8f143affb6f8
2025-06-07,簡媜,老師的十二樣見面禮（增訂版）,329,9789863876236,https://cdn.kobo.com/book-images/5ddd0b2a-a9d1-403d-92c3-60f91baba3c6/353/569/90/False/7r6In9z6kTuCg3twvvZA2g.jpg,https://www.kobo.com/tw/zh/ebook/7r6In9z6kTuCg3twvvZA2g?sId=96fa3c211efa73d0822a8f143affb6f8
2025-06-07,簡媜,微暈的樹林,210,9789863875857,https://cdn.kobo.com/book-images/df67a2d3-dab3-4ea6-bdd2-0f0e2b62a151/353/569/90/False/lRjcIazDljKdQZof57Hd9A.jpg,https://www.kobo.com/tw/zh/ebook/lRjcIazDljKdQZof57Hd9A?sId=55b62b6bc5c5641c14d61f5970b62655
2025-06-07,簡媜,一個人漫遊，古典森林,315,9789863877745,https://cdn.kobo.com/book-images/0c528bc8-18ea-46e3-acf0-f4c80125be95/353/569/90/False/Yyl9S4wUuDu8rltsfwH3UQ.jpg,https://www.kobo.com/tw/zh/ebook/Yyl9S4wUuDu8rltsfwH3UQ?sId=55b62b6bc5c5641c14d61f5970b62655
2025-06-07,簡媜,旅人之歌——神遊山水詩,210,9789863877516,https://cdn.kobo.com/book-images/ba7b0973-6125-415b-91a8-f4910ba8f09b/353/569/90/False/BEgyL0ETLzSJLhvVE5yKmQ.jpg,https://www.kobo.com/tw/zh/ebook/BEgyL0ETLzSJLhvVE5yKmQ?sId=55b62b6bc5c5641c14d61f5970b62655
2025-06-07,簡媜,與歲月同等心跳,210,9789863877479,https://cdn.kobo.com/book-images/5dc05880-531e-4ce8-9a89-99be05f5d02b/353/569/90/False/1Cgc_XKbQj6NkWrPuaKd2g.jpg,https://www.kobo.com/tw/zh/ebook/1Cgc_XKbQj6NkWrPuaKd2g?sId=55b62b6bc5c5641c14d61f5970b62655
2025-06-07,簡媜,下午茶,160,9789863876946,https://cdn.kobo.com/book-images/84781262-e7bd-4d10-a3c7-d19910fafa73/353/569/90/False/5iBW0pa_Wj2IztG5D0yKyw.jpg,https://www.kobo.com/tw/zh/ebook/5iBW0pa_Wj2IztG5D0yKyw?sId=55b62b6bc5c5641c14d61f5970b62655
2025-06-07,簡媜,只緣身在此山中,224,9789863874911,https://cdn.kobo.com/book-images/a21ea0b7-2449-4d16-b4db-1aa18c1993f3/353/569/90/False/JR_gAXmObD6EROWQrNPmjw.jpg,https://www.kobo.com/tw/zh/ebook/JR_gAXmObD6EROWQrNPmjw?sId=55b62b6bc5c5641c14d61f5970b62655
2025-06-07,簡媜,好一座浮島,210,9789863875666,https://cdn.kobo.com/book-images/dcfdfd36-7d3d-4201-89ab-681303731c15/353/569/90/False/tR63QOkIkjSZNYP1XN8qJQ.jpg,https://www.kobo.com/tw/zh/ebook/tR63QOkIkjSZNYP1XN8qJQ?sId=55b62b6bc5c5641c14d61f5970b62655
2025-06-07,簡媜,舊情復燃,220,9789863876380,https://cdn.kobo.com/book-images/97241a9a-8187-4195-a573-9a921c04b9cc/353/569/90/False/wieReZ4jqT2vpPAPLsLmkA.jpg,https://www.kobo.com/tw/zh/ebook/wieReZ4jqT2vpPAPLsLmkA?sId=55b62b6bc5c5641c14d61f5970b62655
2025-06-07,簡媜,密密語,,9789863876953,https://cdn.kobo.com/book-images/76e8fe19-e84d-4b62-9707-03393a023486/353/569/90/False/mMg1YwJL9TemPTAVwHZbvw.jpg,https://www.kobo.com/tw/zh/ebook/mMg1YwJL9TemPTAVwHZbvw?sId=55b62b6bc5c5641c14d61f5970b62655
2025-06-07,簡媜,月娘照眠牀,220,9789863875314,https://cdn.kobo.com/book-images/1dc984df-000f-4cfb-86bf-d71ead052b02/353/569/90/False/yifYBw_kEz-sjWx9O6wmTg.jpg,https://www.kobo.com/tw/zh/ebook/yifYBw_kEz-sjWx9O6wmTg?sId=55b62b6bc5c5641c14d61f5970b62655
2025-06-07,赫曼．赫塞,流浪者之歌／悉達多,252,9786267095010,https://cdn.kobo.com/book-images/3f321736-62ab-46cb-ae65-dabe29f7eea4/353/569/90/False/BZkTJbpWnTWsH4_ozeT9vA.jpg,https://www.kobo.com/tw/zh/ebook/BZkTJbpWnTWsH4_ozeT9vA?sId=148760ecdd73f91ea5d6a5202a3bf0c8
2025-06-07,赫曼．赫塞,徬徨少年時（德文直譯本）,196,3090000030292,https://cdn.kobo.com/book-images/0eb8b492-c683-4d13-8a2e-40fd1872ced9/353/569/90/False/p9r2phjlUzO8q-gEc3Ysmg.jpg,https://www.kobo.com/tw/zh/ebook/p9r2phjlUzO8q-gEc3Ysmg?sId=148760ecdd73f91ea5d6a5202a3bf0c8
2025-06-07,赫曼．赫塞,流浪者之歌（首度德文直譯本）,210,3090000000515,https://cdn.kobo.com/book-images/f601d38b-894e-436d-852c-e48f41d06a75/353/569/90/False/uWrynH7_LjCJaQT5rWrZjg.jpg,https://www.kobo.com/tw/zh/ebook/uWrynH7_LjCJaQT5rWrZjg?sId=148760ecdd73f91ea5d6a5202a3bf0c8
2025-06-07,赫曼．赫塞,德米安：徬徨少年時 (告別徬徨，堅定地做你自己。全新無刪減完整譯本，慕尼黑大學圖書館愛藏版),245,3069869881963,https://cdn.kobo.com/book-images/a809baf5-4e7d-43c9-96e5-7d69fa248b50/353/569/90/False/6fn5ArUqVjSw56cshygW_Q.jpg,https://www.kobo.com/tw/zh/ebook/6fn5ArUqVjSw56cshygW_Q?sId=148760ecdd73f91ea5d6a5202a3bf0c8
2025-06-07,赫曼．赫塞,悉達多：一首印度的詩（流浪者之歌）,210,7384000000026,https://cdn.kobo.com/book-images/2ebd8c79-acb7-430a-abd8-3998815f26dd/353/569/90/False/5P5w8osOvzauH183YElyCw.jpg,https://www.kobo.com/tw/zh/audiobook/5P5w8osOvzauH183YElyCw?sId=148760ecdd73f91ea5d6a5202a3bf0c8
2025-06-07,赫曼．赫塞,車輪下（首度德文直譯本）,210,3090000000590,https://cdn.kobo.com/book-images/40dde703-286a-487c-acca-3d0e177e4d0a/353/569/90/False/iRXS-e-7fzumzrZdY8d_8Q.jpg,https://www.kobo.com/tw/zh/ebook/iRXS-e-7fzumzrZdY8d_8Q?sId=148760ecdd73f91ea5d6a5202a3bf0c8
2025-06-07,赫曼．赫塞,悉達多【獨家收錄保羅．科爾賀專文導讀、林懷民繆思分享】：一首印度的詩（流浪者之歌）,196,9789864895397,https://cdn.kobo.com/book-images/827cfb45-6d4c-43cb-866a-eb45ca8c20c7/353/569/90/False/8X4BYN4ZszavG3vs7B0Jdg.jpg,https://www.kobo.com/tw/zh/ebook/8X4BYN4ZszavG3vs7B0Jdg?sId=148760ecdd73f91ea5d6a5202a3bf0c8
2025-06-07,赫曼．赫塞,德米安【獨家收錄詹姆斯・法蘭科專文導讀】：埃米爾．辛克萊年少時的故事（徬徨少年時）,210,9789864895403,https://cdn.kobo.com/book-images/ae0cd56f-8ec4-4e2d-bc97-29ea34073182/353/569/90/False/ib-jIoEV2Dqm0I1tAc6TWQ.jpg,https://www.kobo.com/tw/zh/ebook/ib-jIoEV2Dqm0I1tAc6TWQ?sId=148760ecdd73f91ea5d6a5202a3bf0c8
2025-06-07,赫曼．赫塞,在書中發現自己的靈魂：慢讀赫塞,250,3128000000104,https://cdn.kobo.com/book-images/5139dd71-3f40-4bbf-aaa6-752447892743/353/569/90/False/mj-jE6bxOTazX9ad0uwE7g.jpg,https://www.kobo.com/tw/zh/ebook/mj-jE6bxOTazX9ad0uwE7g?sId=148760ecdd73f91ea5d6a5202a3bf0c8
2025-06-07,赫曼．赫塞,荒野之狼（首度德文直譯本）,245,3090000005737,https://cdn.kobo.com/book-images/449cd682-c515-465f-b6f3-c5b59e8310e3/353/569/90/False/VFQPtyjUrTGJSlcoqoICxg.jpg,https://www.kobo.com/tw/zh/ebook/VFQPtyjUrTGJSlcoqoICxg?sId=148760ecdd73f91ea5d6a5202a3bf0c8
2025-06-07,赫曼．赫塞,赫曼赫塞童話故事集,250,3119864773930,https://cdn.kobo.com/book-images/5f4ae374-cda4-4a0c-a27f-58f4eb5939e0/353/569/90/False/fUpsq8DF8Tq5Lguv3pHWuQ.jpg,https://www.kobo.com/tw/zh/ebook/fUpsq8DF8Tq5Lguv3pHWuQ?sId=148760ecdd73f91ea5d6a5202a3bf0c8
2025-06-07,赫曼．赫塞,鄉愁（德文直譯本）,196,3090000006527,https://cdn.kobo.com/book-images/567c8c31-ebf2-4ffb-a5b1-7e294bb27479/353/569/90/False/By8ilup3JjmH2kf5ty2N8g.jpg,https://www.kobo.com/tw/zh/ebook/By8ilup3JjmH2kf5ty2N8g?sId=148760ecdd73f91ea5d6a5202a3bf0c8
2025-06-07,赫曼．赫塞,德米安：埃米爾．辛克萊年少時的故事（徬徨少年時）,210,7384000000027,https://cdn.kobo.com/book-images/e921900f-2bfe-42d8-8547-198c1b3b42b1/353/569/90/False/pO0YjhmJajyGRrdkzlKsnA.jpg,https://www.kobo.com/tw/zh/audiobook/pO0YjhmJajyGRrdkzlKsnA?sId=20a6c5074b5f19208212c4cdd9ce1e68
2025-06-07,赫曼．赫塞,德米安：彷徨少年時,228,7289867101822,https://cdn.kobo.com/book-images/897fa0c7-1c7f-4005-9de8-784febd6e287/353/569/90/False/ZNYK-tlfkD-IZy3hlnFJAw.jpg,https://www.kobo.com/tw/zh/ebook/ZNYK-tlfkD-IZy3hlnFJAw?sId=20a6c5074b5f19208212c4cdd9ce1e68
2025-06-07,赫曼．赫塞,荒野之狼（德文新譯本）,294,3119864771400,https://cdn.kobo.com/book-images/c81844a1-3034-4867-a324-b6f0bd00c252/353/569/90/False/6g6wxeuiYjuWU71oa_5Mzg.jpg,https://www.kobo.com/tw/zh/ebook/6g6wxeuiYjuWU71oa_5Mzg?sId=20a6c5074b5f19208212c4cdd9ce1e68
2025-06-07,赫曼．赫塞,流浪者之歌,245,9786263744417,https://cdn.kobo.com/book-images/dbaffb64-2df7-46df-9836-4b43eb375d74/353/569/90/False/SSmAUWRnWD-200t2EoH_qQ.jpg,https://www.kobo.com/tw/zh/ebook/SSmAUWRnWD-200t2EoH_qQ?sId=20a6c5074b5f19208212c4cdd9ce1e68
2025-06-07,赫曼．赫塞,徬徨少年時,175,3090000000352,https://cdn.kobo.com/book-images/b98f888a-ae90-4674-8796-0c691b798c30/353/569/90/False/3cIVTFd3fz6t9pp0NaJsyA.jpg,https://www.kobo.com/tw/zh/ebook/3cIVTFd3fz6t9pp0NaJsyA?sId=20a6c5074b5f19208212c4cdd9ce1e68
2025-06-07,赫曼．赫塞,中學生好享讀：諾貝爾大師短篇小說選,225,6709863201113,https://cdn.kobo.com/book-images/f48eb899-1243-4d56-a687-e9d45c5de9ef/353/569/90/False/pnJCPVTatTGHkaHGe4iYMw.jpg,https://www.kobo.com/tw/zh/ebook/pnJCPVTatTGHkaHGe4iYMw?sId=20a6c5074b5f19208212c4cdd9ce1e68
2025-06-07,赫曼．赫塞,生命之歌,210,3090000000496,https://cdn.kobo.com/book-images/cab95401-af95-4f91-9d80-41eee92dade2/353/569/90/False/kfbDCDZ4SD6jxk-LU1ireg.jpg,https://www.kobo.com/tw/zh/ebook/kfbDCDZ4SD6jxk-LU1ireg?sId=20a6c5074b5f19208212c4cdd9ce1e68
2025-06-07,赫曼．赫塞,園圃之歌：諾貝爾文學獎大師赫曼．赫塞的自然哲思與手繪詩畫,266,9786269638079,https://cdn.kobo.com/book-images/f7453d28-8edd-4d0b-87ae-3f947835f381/353/569/90/False/jHi5IlslGTmTLqpPkwxScQ.jpg,https://www.kobo.com/tw/zh/ebook/jHi5IlslGTmTLqpPkwxScQ?sId=20a6c5074b5f19208212c4cdd9ce1e68
2025-06-07,赫曼．赫塞,荒野之狼,315,9786263966987,https://cdn.kobo.com/book-images/3bb495e7-b3a7-490f-be56-c4e3d0755850/353/569/90/False/8qvh-uvBNjeQ5sV5LtVHdw.jpg,https://www.kobo.com/tw/zh/ebook/8qvh-uvBNjeQ5sV5LtVHdw?sId=20a6c5074b5f19208212c4cdd9ce1e68
2025-06-07,赫曼．赫塞,流浪者之歌【感動解讀版】,400,9786269936137,https://cdn.kobo.com/book-images/921c4663-8c49-4f8f-a61f-e24755dbae11/353/569/90/False/JNfPTDEjDz-tAMfp3Egokg.jpg,https://www.kobo.com/tw/zh/ebook/JNfPTDEjDz-tAMfp3Egokg?sId=20a6c5074b5f19208212c4cdd9ce1e68
2025-06-07,赫曼．赫塞,悠遊之歌（三版）,175,9789864023936,https://cdn.kobo.com/book-images/e52679bc-171d-45f8-bf8a-8a159a9891ed/353/569/90/False/UHZLCrSJATqst2fZDCkzBA.jpg,https://www.kobo.com/tw/zh/ebook/UHZLCrSJATqst2fZDCkzBA?sId=20a6c5074b5f19208212c4cdd9ce1e68
2025-06-08,卡繆,異鄉人（卡繆版書衣）,154,3119861735450,https://cdn.kobo.com/book-images/24099253-90bc-4d80-8825-f6300e8b806f/353/569/90/False/gb2hSkF1KDGjqz18oam2aA.jpg,https://www.kobo.com/tw/zh/ebook/gb2hSkF1KDGjqz18oam2aA?sId=37b41dc1121def6eb2d6564f18628015
2025-06-08,卡繆,薛西弗斯的神話,210,3150000000396,https://cdn.kobo.com/book-images/71d8cd60-c407-4367-bced-a36718fcf86f/353/569/90/False/t0r8j-Ym4jee3YDu96AA1w.jpg,https://www.kobo.com/tw/zh/ebook/t0r8j-Ym4jee3YDu96AA1w?sId=37b41dc1121def6eb2d6564f18628015
2025-06-08,卡繆,鼠疫,210,3119861737522,https://cdn.kobo.com/book-images/56a09ae8-dac7-4eb0-9dde-b427a5a1aacb/353/569/90/False/tGTtah0cyzKVQIXzpZ7NTQ.jpg,https://www.kobo.com/tw/zh/ebook/tGTtah0cyzKVQIXzpZ7NTQ?sId=37b41dc1121def6eb2d6564f18628015
2025-06-08,卡繆,薛西弗斯的神話：卡繆的荒謬哲學,230,3120000000285,https://cdn.kobo.com/book-images/8cfb868b-d1ce-428f-9dc1-8a7b0724f790/353/569/90/False/dz7TJXld6DK-tFChkyuNug.jpg,https://www.kobo.com/tw/zh/ebook/dz7TJXld6DK-tFChkyuNug?sId=37b41dc1121def6eb2d6564f18628015
2025-06-08,卡繆,異鄉人（卡繆經典暢銷作․中文版有聲書首度上市）,220,9789863449263,https://cdn.kobo.com/book-images/a910e55d-8df0-43d3-8ef2-df7dc21d51ba/353/569/90/False/t1OO6Q03qjuX0wfMsaUVPg.jpg,https://www.kobo.com/tw/zh/audiobook/t1OO6Q03qjuX0wfMsaUVPg?sId=37b41dc1121def6eb2d6564f18628015
2025-06-08,卡繆,卡繆反抗三部曲套書：《瘟疫》＋《反抗者》＋《正義者》【全新法文名家直譯，首次完整出版，親炙完整的卡繆反抗思想】,728,3150000000687,https://cdn.kobo.com/book-images/9f980967-d3c1-4ac0-9f8c-f8e0ccbbcc60/353/569/90/False/B1m2jKOONjKjTMVkT5k1NQ.jpg,https://www.kobo.com/tw/zh/ebook/B1m2jKOONjKjTMVkT5k1NQ?sId=37b41dc1121def6eb2d6564f18628015
2025-06-08,卡繆,瘟疫,210,9789861785516,https://cdn.kobo.com/book-images/8d4f032e-dd57-4b50-a7d8-07f8e494bce5/353/569/90/False/sQ5ce_0gtz-yiFpE7SxWag.jpg,https://www.kobo.com/tw/zh/ebook/sQ5ce_0gtz-yiFpE7SxWag?sId=37b41dc1121def6eb2d6564f18628015
2025-06-08,卡繆,正義者（首次出版，法文直譯名家譯本，卡繆展現對正義與反抗的考驗）,196,9789860777161,https://cdn.kobo.com/book-images/9291fc65-996d-4a27-83f4-a141c345d8cb/353/569/90/False/QQT3HgwFsT2xefv4IRMF9w.jpg,https://www.kobo.com/tw/zh/ebook/QQT3HgwFsT2xefv4IRMF9w?sId=37b41dc1121def6eb2d6564f18628015
2025-06-08,卡繆,卡繆荒謬與反抗系列作品全集套書：荒謬系列四部曲《異鄉人》《薛西弗斯的神話》《卡里古拉》《誤會》＋反抗系列三部曲《瘟疫》《反抗者》《正義者》【全新法文名家直譯，首次完整出版，親炙完整的卡繆荒謬哲學】,1519,3150000000694,https://cdn.kobo.com/book-images/76f16f12-492e-4435-b792-e97bba1721d5/353/569/90/False/Kx45Q5lYKTqv_nEYbdwV2A.jpg,https://www.kobo.com/tw/zh/ebook/Kx45Q5lYKTqv_nEYbdwV2A?sId=37b41dc1121def6eb2d6564f18628015
2025-06-08,卡繆,快樂的死,175,3120000000639,https://cdn.kobo.com/book-images/57e8ecec-6b0d-4586-882a-1f7699f9b494/353/569/90/False/gnS7T3tgLTS1t3eLSRBEeA.jpg,https://www.kobo.com/tw/zh/ebook/gnS7T3tgLTS1t3eLSRBEeA?sId=37b41dc1121def6eb2d6564f18628015
2025-06-08,卡繆,薛西弗斯的神話：點燃希望的哲學頌歌，法國七星文庫權威譯本【傅雷翻譯獎典藏版】,266,9786267596456,https://cdn.kobo.com/book-images/6ccfbf88-73ae-4691-b256-38387994ae56/353/569/90/False/7fFjSyTP9zKPTx3GcPFpfw.jpg,https://www.kobo.com/tw/zh/ebook/7fFjSyTP9zKPTx3GcPFpfw?sId=37b41dc1121def6eb2d6564f18628015
2025-06-08,卡繆,誤會【1957年諾貝爾文學獎得主面對自我放逐之旅的核心之作】,196,9786267118139,https://cdn.kobo.com/book-images/f35af051-fd52-4e22-a2df-d19abd3abf6e/353/569/90/False/XznH9zQdijG-RQoi9MTYng.jpg,https://www.kobo.com/tw/zh/ebook/XznH9zQdijG-RQoi9MTYng?sId=37b41dc1121def6eb2d6564f18628015
2025-06-08,卡繆,異鄉人（2020全新名家譯本，再現卡繆字句推敲的原義）,175,3150000000617,https://cdn.kobo.com/book-images/883f0dcf-e5f7-4dfe-b300-8d725a8da70d/353/569/90/False/0GQk9bH6VzyLV0Q9Faysow.jpg,https://www.kobo.com/tw/zh/ebook/0GQk9bH6VzyLV0Q9Faysow?sId=194ef046cf2a9b67ffd9a7522b3d4aa3
2025-06-08,卡繆,鼠疫【全新名家譯本】（特別收錄哲學解析〈一部存在主義小說的後現代閱讀〉）,266,9789864895434,https://cdn.kobo.com/book-images/f4d068a2-498d-4817-97dd-d7492dc32b10/353/569/90/False/K9cd87y5oDGaSXDvYBOiAg.jpg,https://www.kobo.com/tw/zh/ebook/K9cd87y5oDGaSXDvYBOiAg?sId=194ef046cf2a9b67ffd9a7522b3d4aa3
2025-06-08,卡繆,異鄉人【獨家收錄沙特評論・2022全新名家譯本】,196,9789864896073,https://cdn.kobo.com/book-images/a71e071c-2ddd-47b0-ba0d-0ad67a3261c3/353/569/90/False/VQ2InesBOjKI-Xv96viLqA.jpg,https://www.kobo.com/tw/zh/ebook/VQ2InesBOjKI-Xv96viLqA?sId=194ef046cf2a9b67ffd9a7522b3d4aa3
2025-06-08,卡繆,瘟疫（2021最新名家譯本，卡繆對疫情下被禁錮人心的鼓舞）,266,9789860777192,https://cdn.kobo.com/book-images/9618975f-d9f0-47af-bd43-571387f8a06a/353/569/90/False/wJ6ORaWSDj60GIzsDTf9Zg.jpg,https://www.kobo.com/tw/zh/ebook/wJ6ORaWSDj60GIzsDTf9Zg?sId=194ef046cf2a9b67ffd9a7522b3d4aa3
2025-06-08,卡繆,異鄉人,210,3039571384641,https://cdn.kobo.com/book-images/81e2cbee-7fb1-445c-8a9a-54f11683b376/353/569/90/False/wUn6RJK3RjCYH8YflJqYFw.jpg,https://www.kobo.com/tw/zh/ebook/wUn6RJK3RjCYH8YflJqYFw?sId=194ef046cf2a9b67ffd9a7522b3d4aa3
2025-06-08,卡繆,反抗者（新版）,266,3150000000392,https://cdn.kobo.com/book-images/0169f08d-1636-4fe9-865e-ac9323facfa7/353/569/90/False/dnhkQv1woTKBLngzg4RbMg.jpg,https://www.kobo.com/tw/zh/ebook/dnhkQv1woTKBLngzg4RbMg?sId=194ef046cf2a9b67ffd9a7522b3d4aa3
2025-06-08,卡繆,卡繆荒謬系列四部曲套書：《異鄉人》＋《薛西弗斯的神話》＋《卡里古拉》＋《誤會》【全新法文名家直譯，首次完整出版，親炙完整的卡繆荒謬哲學】,791,3150000000693,https://cdn.kobo.com/book-images/462128f0-194c-4f37-91e4-c9cdfbe0d7b2/353/569/90/False/iBMVIqmTtjmYjH2oJl_r8A.jpg,https://www.kobo.com/tw/zh/ebook/iBMVIqmTtjmYjH2oJl_r8A?sId=194ef046cf2a9b67ffd9a7522b3d4aa3
2025-06-08,卡繆,卡里古拉【1957年諾貝爾文學獎得主描摹荒謬的經典代表作,210,9786267118108,https://cdn.kobo.com/book-images/228a6362-9e74-450c-806f-26d0291b0115/353/569/90/False/bUv8_ShWSDyzoufG54r66g.jpg,https://www.kobo.com/tw/zh/ebook/bUv8_ShWSDyzoufG54r66g?sId=194ef046cf2a9b67ffd9a7522b3d4aa3
2025-06-08,卡繆,鼠疫（卡繆經典暢銷作․中文版有聲書首度上市）,300,9789863449270,https://cdn.kobo.com/book-images/ba766fe2-65df-4d69-83bc-798bf2340c10/353/569/90/False/AMe0qKS-yzinEfp_ItutUg.jpg,https://www.kobo.com/tw/zh/audiobook/AMe0qKS-yzinEfp_ItutUg?sId=194ef046cf2a9b67ffd9a7522b3d4aa3
2025-06-08,卡繆,異鄉人：最值得珍藏的名家譯本,224,3119864778287,https://cdn.kobo.com/book-images/59186bf1-d059-4aeb-afcb-36b164712ef7/353/569/90/False/XRU3eRrUUD6pvlI4liPZbg.jpg,https://www.kobo.com/tw/zh/ebook/XRU3eRrUUD6pvlI4liPZbg?sId=194ef046cf2a9b67ffd9a7522b3d4aa3
2025-06-08,卡繆,放逐與王國,210,9789863874133,https://cdn.kobo.com/book-images/5f1ba02d-68c9-4aa5-85ab-824c904439e9/353/569/90/False/RVGALpaZsjaTbCo1SdZXqw.jpg,https://www.kobo.com/tw/zh/ebook/RVGALpaZsjaTbCo1SdZXqw?sId=194ef046cf2a9b67ffd9a7522b3d4aa3
2025-06-08,卡繆,第一人：《異鄉人》存在主義大師的最後遺作！沒讀過《第一人》，就無法了解真正的卡繆！,360,7435000003050,https://cdn.kobo.com/book-images/1000dae4-0e54-4613-994a-2ca68f225aaf/353/569/90/False/mBrCwjCDbT-OmxW_MxQCPg.jpg,https://www.kobo.com/tw/zh/audiobook/mBrCwjCDbT-OmxW_MxQCPg?sId=194ef046cf2a9b67ffd9a7522b3d4aa3
2025-06-08,卡繆,墮落,182,9789861787558,https://cdn.kobo.com/book-images/023f55c5-13cf-4e65-aaa2-e1d0eebea177/353/569/90/False/ie-dvcJKuTWxECoQpt7ptg.jpg,https://www.kobo.com/tw/zh/ebook/ie-dvcJKuTWxECoQpt7ptg?sId=697388282a83fe84d032e6a14032a0d5
2025-06-08,卡繆,放逐與王國：卡繆短篇小說,260,9789865482541,https://cdn.kobo.com/book-images/033f901a-cea5-456e-9a5c-534f67c7dd33/353/569/90/False/SmaLhyIaRTOPTVVkw9jskg.jpg,https://www.kobo.com/tw/zh/ebook/SmaLhyIaRTOPTVVkw9jskg?sId=697388282a83fe84d032e6a14032a0d5
2025-06-08,卡繆,異鄉人,170,6849862272770,https://cdn.kobo.com/book-images/2f2b24f2-6a61-4ae2-a409-29c8eb0bc992/353/569/90/False/GYi3emouATurt5CEXNGY7A.jpg,https://www.kobo.com/tw/zh/ebook/GYi3emouATurt5CEXNGY7A?sId=697388282a83fe84d032e6a14032a0d5
2025-06-08,卡繆,瘟疫（名家經典新譯）,228,9789865482473,https://cdn.kobo.com/book-images/edbaf1b0-60cf-4781-90e1-dcb3d6358348/353/569/90/False/XSi3S6nkVz2SFyXwXYLq1g.jpg,https://www.kobo.com/tw/zh/ebook/XSi3S6nkVz2SFyXwXYLq1g?sId=697388282a83fe84d032e6a14032a0d5
2025-06-08,卡繆,異鄉人：荒謬三部曲，首部,210,7384000000024,https://cdn.kobo.com/book-images/12dc1249-e584-452a-a159-54be7be82c4d/353/569/90/False/MDkYBsM0cTm5Kq9j-44S0A.jpg,https://www.kobo.com/tw/zh/audiobook/MDkYBsM0cTm5Kq9j-44S0A?sId=697388282a83fe84d032e6a14032a0d5
2025-06-08,簡媜,陪我散步吧(增訂版),322,9789863878230,https://cdn.kobo.com/book-images/cbf936fb-e579-4f5e-889b-2d092f39c84e/353/569/90/False/5BeIP1SRfTC97-lqaxlVkQ.jpg,https://www.kobo.com/tw/zh/ebook/5BeIP1SRfTC97-lqaxlVkQ?sId=ae916ea25e41c95ccffe35ed6199b0d9
2025-06-08,簡媜,十種寂寞,252,7390863873877,https://cdn.kobo.com/book-images/137d5050-a414-4644-a453-8236a3c7338c/353/569/90/False/SS3f6q_OmzG6ixjEoQQSBw.jpg,https://www.kobo.com/tw/zh/ebook/SS3f6q_OmzG6ixjEoQQSBw?sId=ae916ea25e41c95ccffe35ed6199b0d9
2025-06-08,簡媜,我為你灑下月光,336,7390863872337,https://cdn.kobo.com/book-images/8d8c685d-f3c5-4e43-a07c-4a7a91f5ad22/353/569/90/False/RBqeU8INXTCG7D8npjR0bw.jpg,https://www.kobo.com/tw/zh/ebook/RBqeU8INXTCG7D8npjR0bw?sId=ae916ea25e41c95ccffe35ed6199b0d9
2025-06-08,簡媜,女兒紅,196,9789863874096,https://cdn.kobo.com/book-images/73163054-0990-4413-b92d-a3d20f20ebaa/353/569/90/False/DBqadeV-gT-bmmVuqDItJg.jpg,https://www.kobo.com/tw/zh/ebook/DBqadeV-gT-bmmVuqDItJg?sId=ae916ea25e41c95ccffe35ed6199b0d9
2025-06-08,簡媜,誰在銀閃閃的地方，等你（增訂版）,392,9789863876021,https://cdn.kobo.com/book-images/18d8f7d3-ad8d-4473-b1b7-aba2ada08383/353/569/90/False/tyYjDkeqiza61CrkeCJu7w.jpg,https://www.kobo.com/tw/zh/ebook/tyYjDkeqiza61CrkeCJu7w?sId=ae916ea25e41c95ccffe35ed6199b0d9
2025-06-08,簡媜,夢遊書,196,9789863874546,https://cdn.kobo.com/book-images/df1c79f2-8ad2-4ed8-9f37-293c81359dd8/353/569/90/False/p_nX7y-6_D6gGQiQ7O__sw.jpg,https://www.kobo.com/tw/zh/ebook/p_nX7y-6_D6gGQiQ7O__sw?sId=ae916ea25e41c95ccffe35ed6199b0d9
2025-06-08,簡媜,吃朋友,245,7390866631382,https://cdn.kobo.com/book-images/03cd221a-bef1-420d-96fa-a1ff5f2ec5f8/353/569/90/False/5xrS1tW6YT6YFfX6xajasQ.jpg,https://www.kobo.com/tw/zh/ebook/5xrS1tW6YT6YFfX6xajasQ?sId=ae916ea25e41c95ccffe35ed6199b0d9
2025-06-08,簡媜,老師的十二樣見面禮,224,7390866873232,https://cdn.kobo.com/book-images/912cffcc-12b7-4881-820d-605be5c0f456/353/569/90/False/Opeot0Gw9zeKOcdaOXIiCg.jpg,https://www.kobo.com/tw/zh/ebook/Opeot0Gw9zeKOcdaOXIiCg?sId=ae916ea25e41c95ccffe35ed6199b0d9
2025-06-08,簡媜,胭脂盆地,196,9789863874553,https://cdn.kobo.com/book-images/0ce65bd8-31e7-48ec-b6c2-f3b4da8f4cb7/353/569/90/False/_jcUd4QT3T6w0ZguwcDvlg.jpg,https://www.kobo.com/tw/zh/ebook/_jcUd4QT3T6w0ZguwcDvlg?sId=ae916ea25e41c95ccffe35ed6199b0d9
2025-06-08,簡媜,紅嬰仔：一個女人和她的育嬰史,252,7390863873068,https://cdn.kobo.com/book-images/4c769dfc-5feb-45bb-bad9-d22ff6fe4425/353/569/90/False/3-XKV53DSzqry1rJm_LJEA.jpg,https://www.kobo.com/tw/zh/ebook/3-XKV53DSzqry1rJm_LJEA?sId=ae916ea25e41c95ccffe35ed6199b0d9
2025-06-08,簡媜,天涯海角──福爾摩沙抒情誌,245,7390863873471,https://cdn.kobo.com/book-images/af00ba7f-99c1-44ae-b3d3-81c4e6e37430/353/569/90/False/y2QggT-GWz28HjuY_ABx1w.jpg,https://www.kobo.com/tw/zh/ebook/y2QggT-GWz28HjuY_ABx1w?sId=ae916ea25e41c95ccffe35ed6199b0d9
2025-06-08,簡媜,老師的十二樣見面禮（增訂版）,329,9789863876236,https://cdn.kobo.com/book-images/5ddd0b2a-a9d1-403d-92c3-60f91baba3c6/353/569/90/False/7r6In9z6kTuCg3twvvZA2g.jpg,https://www.kobo.com/tw/zh/ebook/7r6In9z6kTuCg3twvvZA2g?sId=ae916ea25e41c95ccffe35ed6199b0d9
2025-06-08,簡媜,微暈的樹林,210,9789863875857,https://cdn.kobo.com/book-images/df67a2d3-dab3-4ea6-bdd2-0f0e2b62a151/353/569/90/False/lRjcIazDljKdQZof57Hd9A.jpg,https://www.kobo.com/tw/zh/ebook/lRjcIazDljKdQZof57Hd9A?sId=b0fc61a4c889d78d9d51518825a5942a
2025-06-08,簡媜,一個人漫遊，古典森林,315,9789863877745,https://cdn.kobo.com/book-images/0c528bc8-18ea-46e3-acf0-f4c80125be95/353/569/90/False/Yyl9S4wUuDu8rltsfwH3UQ.jpg,https://www.kobo.com/tw/zh/ebook/Yyl9S4wUuDu8rltsfwH3UQ?sId=b0fc61a4c889d78d9d51518825a5942a
2025-06-08,簡媜,旅人之歌——神遊山水詩,210,9789863877516,https://cdn.kobo.com/book-images/ba7b0973-6125-415b-91a8-f4910ba8f09b/353/569/90/False/BEgyL0ETLzSJLhvVE5yKmQ.jpg,https://www.kobo.com/tw/zh/ebook/BEgyL0ETLzSJLhvVE5yKmQ?sId=b0fc61a4c889d78d9d51518825a5942a
2025-06-08,簡媜,與歲月同等心跳,210,9789863877479,https://cdn.kobo.com/book-images/5dc05880-531e-4ce8-9a89-99be05f5d02b/353/569/90/False/1Cgc_XKbQj6NkWrPuaKd2g.jpg,https://www.kobo.com/tw/zh/ebook/1Cgc_XKbQj6NkWrPuaKd2g?sId=b0fc61a4c889d78d9d51518825a5942a
2025-06-08,簡媜,下午茶,160,9789863876946,https://cdn.kobo.com/book-images/84781262-e7bd-4d10-a3c7-d19910fafa73/353/569/90/False/5iBW0pa_Wj2IztG5D0yKyw.jpg,https://www.kobo.com/tw/zh/ebook/5iBW0pa_Wj2IztG5D0yKyw?sId=b0fc61a4c889d78d9d51518825a5942a
2025-06-08,簡媜,只緣身在此山中,224,9789863874911,https://cdn.kobo.com/book-images/a21ea0b7-2449-4d16-b4db-1aa18c1993f3/353/569/90/False/JR_gAXmObD6EROWQrNPmjw.jpg,https://www.kobo.com/tw/zh/ebook/JR_gAXmObD6EROWQrNPmjw?sId=b0fc61a4c889d78d9d51518825a5942a
2025-06-08,簡媜,好一座浮島,210,9789863875666,https://cdn.kobo.com/book-images/dcfdfd36-7d3d-4201-89ab-681303731c15/353/569/90/False/tR63QOkIkjSZNYP1XN8qJQ.jpg,https://www.kobo.com/tw/zh/ebook/tR63QOkIkjSZNYP1XN8qJQ?sId=b0fc61a4c889d78d9d51518825a5942a
2025-06-08,簡媜,舊情復燃,220,9789863876380,https://cdn.kobo.com/book-images/97241a9a-8187-4195-a573-9a921c04b9cc/353/569/90/False/wieReZ4jqT2vpPAPLsLmkA.jpg,https://www.kobo.com/tw/zh/ebook/wieReZ4jqT2vpPAPLsLmkA?sId=b0fc61a4c889d78d9d51518825a5942a
2025-06-08,簡媜,密密語,280,9789863876953,https://cdn.kobo.com/book-images/76e8fe19-e84d-4b62-9707-03393a023486/353/569/90/False/mMg1YwJL9TemPTAVwHZbvw.jpg,https://www.kobo.com/tw/zh/ebook/mMg1YwJL9TemPTAVwHZbvw?sId=b0fc61a4c889d78d9d51518825a5942a
2025-06-08,簡媜,月娘照眠牀,220,9789863875314,https://cdn.kobo.com/book-images/1dc984df-000f-4cfb-86bf-d71ead052b02/353/569/90/False/yifYBw_kEz-sjWx9O6wmTg.jpg,https://www.kobo.com/tw/zh/ebook/yifYBw_kEz-sjWx9O6wmTg?sId=b0fc61a4c889d78d9d51518825a5942a
2025-06-08,赫曼．赫塞,流浪者之歌／悉達多,252,9786267095010,https://cdn.kobo.com/book-images/3f321736-62ab-46cb-ae65-dabe29f7eea4/353/569/90/False/BZkTJbpWnTWsH4_ozeT9vA.jpg,https://www.kobo.com/tw/zh/ebook/BZkTJbpWnTWsH4_ozeT9vA?sId=cb2b63a5785cd35d3aee063ae4b50b7b
2025-06-08,赫曼．赫塞,徬徨少年時（德文直譯本）,196,3090000030292,https://cdn.kobo.com/book-images/0eb8b492-c683-4d13-8a2e-40fd1872ced9/353/569/90/False/p9r2phjlUzO8q-gEc3Ysmg.jpg,https://www.kobo.com/tw/zh/ebook/p9r2phjlUzO8q-gEc3Ysmg?sId=cb2b63a5785cd35d3aee063ae4b50b7b
2025-06-08,赫曼．赫塞,流浪者之歌（首度德文直譯本）,210,3090000000515,https://cdn.kobo.com/book-images/f601d38b-894e-436d-852c-e48f41d06a75/353/569/90/False/uWrynH7_LjCJaQT5rWrZjg.jpg,https://www.kobo.com/tw/zh/ebook/uWrynH7_LjCJaQT5rWrZjg?sId=cb2b63a5785cd35d3aee063ae4b50b7b
2025-06-08,赫曼．赫塞,德米安：徬徨少年時 (告別徬徨，堅定地做你自己。全新無刪減完整譯本，慕尼黑大學圖書館愛藏版),245,3069869881963,https://cdn.kobo.com/book-images/a809baf5-4e7d-43c9-96e5-7d69fa248b50/353/569/90/False/6fn5ArUqVjSw56cshygW_Q.jpg,https://www.kobo.com/tw/zh/ebook/6fn5ArUqVjSw56cshygW_Q?sId=cb2b63a5785cd35d3aee063ae4b50b7b
2025-06-08,赫曼．赫塞,悉達多：一首印度的詩（流浪者之歌）,210,7384000000026,https://cdn.kobo.com/book-images/2ebd8c79-acb7-430a-abd8-3998815f26dd/353/569/90/False/5P5w8osOvzauH183YElyCw.jpg,https://www.kobo.com/tw/zh/audiobook/5P5w8osOvzauH183YElyCw?sId=cb2b63a5785cd35d3aee063ae4b50b7b
2025-06-08,赫曼．赫塞,車輪下（首度德文直譯本）,210,3090000000590,https://cdn.kobo.com/book-images/40dde703-286a-487c-acca-3d0e177e4d0a/353/569/90/False/iRXS-e-7fzumzrZdY8d_8Q.jpg,https://www.kobo.com/tw/zh/ebook/iRXS-e-7fzumzrZdY8d_8Q?sId=cb2b63a5785cd35d3aee063ae4b50b7b
2025-06-08,赫曼．赫塞,悉達多【獨家收錄保羅．科爾賀專文導讀、林懷民繆思分享】：一首印度的詩（流浪者之歌）,196,9789864895397,https://cdn.kobo.com/book-images/827cfb45-6d4c-43cb-866a-eb45ca8c20c7/353/569/90/False/8X4BYN4ZszavG3vs7B0Jdg.jpg,https://www.kobo.com/tw/zh/ebook/8X4BYN4ZszavG3vs7B0Jdg?sId=cb2b63a5785cd35d3aee063ae4b50b7b
2025-06-08,赫曼．赫塞,德米安【獨家收錄詹姆斯・法蘭科專文導讀】：埃米爾．辛克萊年少時的故事（徬徨少年時）,210,9789864895403,https://cdn.kobo.com/book-images/ae0cd56f-8ec4-4e2d-bc97-29ea34073182/353/569/90/False/ib-jIoEV2Dqm0I1tAc6TWQ.jpg,https://www.kobo.com/tw/zh/ebook/ib-jIoEV2Dqm0I1tAc6TWQ?sId=cb2b63a5785cd35d3aee063ae4b50b7b
2025-06-08,赫曼．赫塞,在書中發現自己的靈魂：慢讀赫塞,250,3128000000104,https://cdn.kobo.com/book-images/5139dd71-3f40-4bbf-aaa6-752447892743/353/569/90/False/mj-jE6bxOTazX9ad0uwE7g.jpg,https://www.kobo.com/tw/zh/ebook/mj-jE6bxOTazX9ad0uwE7g?sId=cb2b63a5785cd35d3aee063ae4b50b7b
2025-06-08,赫曼．赫塞,荒野之狼（首度德文直譯本）,245,3090000005737,https://cdn.kobo.com/book-images/449cd682-c515-465f-b6f3-c5b59e8310e3/353/569/90/False/VFQPtyjUrTGJSlcoqoICxg.jpg,https://www.kobo.com/tw/zh/ebook/VFQPtyjUrTGJSlcoqoICxg?sId=cb2b63a5785cd35d3aee063ae4b50b7b
2025-06-08,赫曼．赫塞,赫曼赫塞童話故事集,250,3119864773930,https://cdn.kobo.com/book-images/5f4ae374-cda4-4a0c-a27f-58f4eb5939e0/353/569/90/False/fUpsq8DF8Tq5Lguv3pHWuQ.jpg,https://www.kobo.com/tw/zh/ebook/fUpsq8DF8Tq5Lguv3pHWuQ?sId=cb2b63a5785cd35d3aee063ae4b50b7b
2025-06-08,赫曼．赫塞,鄉愁（德文直譯本）,196,3090000006527,https://cdn.kobo.com/book-images/567c8c31-ebf2-4ffb-a5b1-7e294bb27479/353/569/90/False/By8ilup3JjmH2kf5ty2N8g.jpg,https://www.kobo.com/tw/zh/ebook/By8ilup3JjmH2kf5ty2N8g?sId=cb2b63a5785cd35d3aee063ae4b50b7b
2025-06-08,赫曼．赫塞,德米安：埃米爾．辛克萊年少時的故事（徬徨少年時）,210,7384000000027,https://cdn.kobo.com/book-images/e921900f-2bfe-42d8-8547-198c1b3b42b1/353/569/90/False/pO0YjhmJajyGRrdkzlKsnA.jpg,https://www.kobo.com/tw/zh/audiobook/pO0YjhmJajyGRrdkzlKsnA?sId=44c3e422b6fdb7b16bff576c75d4eee4
2025-06-08,赫曼．赫塞,德米安：彷徨少年時,228,7289867101822,https://cdn.kobo.com/book-images/897fa0c7-1c7f-4005-9de8-784febd6e287/353/569/90/False/ZNYK-tlfkD-IZy3hlnFJAw.jpg,https://www.kobo.com/tw/zh/ebook/ZNYK-tlfkD-IZy3hlnFJAw?sId=44c3e422b6fdb7b16bff576c75d4eee4
2025-06-08,赫曼．赫塞,荒野之狼（德文新譯本）,294,3119864771400,https://cdn.kobo.com/book-images/c81844a1-3034-4867-a324-b6f0bd00c252/353/569/90/False/6g6wxeuiYjuWU71oa_5Mzg.jpg,https://www.kobo.com/tw/zh/ebook/6g6wxeuiYjuWU71oa_5Mzg?sId=44c3e422b6fdb7b16bff576c75d4eee4
2025-06-08,赫曼．赫塞,流浪者之歌,245,9786263744417,https://cdn.kobo.com/book-images/dbaffb64-2df7-46df-9836-4b43eb375d74/353/569/90/False/SSmAUWRnWD-200t2EoH_qQ.jpg,https://www.kobo.com/tw/zh/ebook/SSmAUWRnWD-200t2EoH_qQ?sId=44c3e422b6fdb7b16bff576c75d4eee4
2025-06-08,赫曼．赫塞,徬徨少年時,175,3090000000352,https://cdn.kobo.com/book-images/b98f888a-ae90-4674-8796-0c691b798c30/353/569/90/False/3cIVTFd3fz6t9pp0NaJsyA.jpg,https://www.kobo.com/tw/zh/ebook/3cIVTFd3fz6t9pp0NaJsyA?sId=44c3e422b6fdb7b16bff576c75d4eee4
2025-06-08,赫曼．赫塞,中學生好享讀：諾貝爾大師短篇小說選,225,6709863201113,https://cdn.kobo.com/book-images/f48eb899-1243-4d56-a687-e9d45c5de9ef/353/569/90/False/pnJCPVTatTGHkaHGe4iYMw.jpg,https://www.kobo.com/tw/zh/ebook/pnJCPVTatTGHkaHGe4iYMw?sId=44c3e422b6fdb7b16bff576c75d4eee4
2025-06-08,赫曼．赫塞,生命之歌,210,3090000000496,https://cdn.kobo.com/book-images/cab95401-af95-4f91-9d80-41eee92dade2/353/569/90/False/kfbDCDZ4SD6jxk-LU1ireg.jpg,https://www.kobo.com/tw/zh/ebook/kfbDCDZ4SD6jxk-LU1ireg?sId=44c3e422b6fdb7b16bff576c75d4eee4
2025-06-08,赫曼．赫塞,園圃之歌：諾貝爾文學獎大師赫曼．赫塞的自然哲思與手繪詩畫,266,9786269638079,https://cdn.kobo.com/book-images/f7453d28-8edd-4d0b-87ae-3f947835f381/353/569/90/False/jHi5IlslGTmTLqpPkwxScQ.jpg,https://www.kobo.com/tw/zh/ebook/jHi5IlslGTmTLqpPkwxScQ?sId=44c3e422b6fdb7b16bff576c75d4eee4
2025-06-08,赫曼．赫塞,荒野之狼,315,9786263966987,https://cdn.kobo.com/book-images/3bb495e7-b3a7-490f-be56-c4e3d0755850/353/569/90/False/8qvh-uvBNjeQ5sV5LtVHdw.jpg,https://www.kobo.com/tw/zh/ebook/8qvh-uvBNjeQ5sV5LtVHdw?sId=44c3e422b6fdb7b16bff576c75d4eee4
2025-06-08,赫曼．赫塞,流浪者之歌【感動解讀版】,400,9786269936137,https://cdn.kobo.com/book-images/921c4663-8c49-4f8f-a61f-e24755dbae11/353/569/90/False/JNfPTDEjDz-tAMfp3Egokg.jpg,https://www.kobo.com/tw/zh/ebook/JNfPTDEjDz-tAMfp3Egokg?sId=44c3e422b6fdb7b16bff576c75d4eee4
2025-06-08,赫曼．赫塞,悠遊之歌（三版）,175,9789864023936,https://cdn.kobo.com/book-images/e52679bc-171d-45f8-bf8a-8a159a9891ed/353/569/90/False/UHZLCrSJATqst2fZDCkzBA.jpg,https://www.kobo.com/tw/zh/ebook/UHZLCrSJATqst2fZDCkzBA?sId=44c3e422b6fdb7b16bff576c75d4eee4
2025-06-09,卡繆,瘟疫,210,9789861785516,https://cdn.kobo.com/book-images/8d4f032e-dd57-4b50-a7d8-07f8e494bce5/353/569/90/False/sQ5ce_0gtz-yiFpE7SxWag.jpg,https://www.kobo.com/tw/zh/ebook/sQ5ce_0gtz-yiFpE7SxWag?sId=a4ab6049956ad17e9322e46a0275d8a8
2025-06-09,卡繆,卡里古拉【1957年諾貝爾文學獎得主描摹荒謬的經典代表作,210,9786267118108,https://cdn.kobo.com/book-images/228a6362-9e74-450c-806f-26d0291b0115/353/569/90/False/bUv8_ShWSDyzoufG54r66g.jpg,https://www.kobo.com/tw/zh/ebook/bUv8_ShWSDyzoufG54r66g?sId=a4ab6049956ad17e9322e46a0275d8a8
2025-06-09,卡繆,異鄉人（2020全新名家譯本，再現卡繆字句推敲的原義）,175,3150000000617,https://cdn.kobo.com/book-images/883f0dcf-e5f7-4dfe-b300-8d725a8da70d/353/569/90/False/0GQk9bH6VzyLV0Q9Faysow.jpg,https://www.kobo.com/tw/zh/ebook/0GQk9bH6VzyLV0Q9Faysow?sId=a4ab6049956ad17e9322e46a0275d8a8
2025-06-09,卡繆,薛西弗斯的神話：卡繆的荒謬哲學,230,3120000000285,https://cdn.kobo.com/book-images/8cfb868b-d1ce-428f-9dc1-8a7b0724f790/353/569/90/False/dz7TJXld6DK-tFChkyuNug.jpg,https://www.kobo.com/tw/zh/ebook/dz7TJXld6DK-tFChkyuNug?sId=a4ab6049956ad17e9322e46a0275d8a8
2025-06-09,卡繆,異鄉人（卡繆版書衣）,154,3119861735450,https://cdn.kobo.com/book-images/24099253-90bc-4d80-8825-f6300e8b806f/353/569/90/False/gb2hSkF1KDGjqz18oam2aA.jpg,https://www.kobo.com/tw/zh/ebook/gb2hSkF1KDGjqz18oam2aA?sId=a4ab6049956ad17e9322e46a0275d8a8
2025-06-09,卡繆,鼠疫,210,3119861737522,https://cdn.kobo.com/book-images/56a09ae8-dac7-4eb0-9dde-b427a5a1aacb/353/569/90/False/tGTtah0cyzKVQIXzpZ7NTQ.jpg,https://www.kobo.com/tw/zh/ebook/tGTtah0cyzKVQIXzpZ7NTQ?sId=a4ab6049956ad17e9322e46a0275d8a8
2025-06-09,卡繆,薛西弗斯的神話,210,3150000000396,https://cdn.kobo.com/book-images/71d8cd60-c407-4367-bced-a36718fcf86f/353/569/90/False/t0r8j-Ym4jee3YDu96AA1w.jpg,https://www.kobo.com/tw/zh/ebook/t0r8j-Ym4jee3YDu96AA1w?sId=a4ab6049956ad17e9322e46a0275d8a8
2025-06-09,卡繆,卡繆荒謬與反抗系列作品全集套書：荒謬系列四部曲《異鄉人》《薛西弗斯的神話》《卡里古拉》《誤會》＋反抗系列三部曲《瘟疫》《反抗者》《正義者》【全新法文名家直譯，首次完整出版，親炙完整的卡繆荒謬哲學】,1519,3150000000694,https://cdn.kobo.com/book-images/76f16f12-492e-4435-b792-e97bba1721d5/353/569/90/False/Kx45Q5lYKTqv_nEYbdwV2A.jpg,https://www.kobo.com/tw/zh/ebook/Kx45Q5lYKTqv_nEYbdwV2A?sId=a4ab6049956ad17e9322e46a0275d8a8
2025-06-09,卡繆,卡繆反抗三部曲套書：《瘟疫》＋《反抗者》＋《正義者》【全新法文名家直譯，首次完整出版，親炙完整的卡繆反抗思想】,728,3150000000687,https://cdn.kobo.com/book-images/9f980967-d3c1-4ac0-9f8c-f8e0ccbbcc60/353/569/90/False/B1m2jKOONjKjTMVkT5k1NQ.jpg,https://www.kobo.com/tw/zh/ebook/B1m2jKOONjKjTMVkT5k1NQ?sId=a4ab6049956ad17e9322e46a0275d8a8
2025-06-09,卡繆,正義者（首次出版，法文直譯名家譯本，卡繆展現對正義與反抗的考驗）,196,9789860777161,https://cdn.kobo.com/book-images/9291fc65-996d-4a27-83f4-a141c345d8cb/353/569/90/False/QQT3HgwFsT2xefv4IRMF9w.jpg,https://www.kobo.com/tw/zh/ebook/QQT3HgwFsT2xefv4IRMF9w?sId=a4ab6049956ad17e9322e46a0275d8a8
2025-06-09,卡繆,薛西弗斯的神話：點燃希望的哲學頌歌，法國七星文庫權威譯本【傅雷翻譯獎典藏版】,266,9786267596456,https://cdn.kobo.com/book-images/6ccfbf88-73ae-4691-b256-38387994ae56/353/569/90/False/7fFjSyTP9zKPTx3GcPFpfw.jpg,https://www.kobo.com/tw/zh/ebook/7fFjSyTP9zKPTx3GcPFpfw?sId=a4ab6049956ad17e9322e46a0275d8a8
2025-06-09,卡繆,誤會【1957年諾貝爾文學獎得主面對自我放逐之旅的核心之作】,196,9786267118139,https://cdn.kobo.com/book-images/f35af051-fd52-4e22-a2df-d19abd3abf6e/353/569/90/False/XznH9zQdijG-RQoi9MTYng.jpg,https://www.kobo.com/tw/zh/ebook/XznH9zQdijG-RQoi9MTYng?sId=a4ab6049956ad17e9322e46a0275d8a8
2025-06-09,卡繆,鼠疫【全新名家譯本】（特別收錄哲學解析〈一部存在主義小說的後現代閱讀〉）,266,9789864895434,https://cdn.kobo.com/book-images/f4d068a2-498d-4817-97dd-d7492dc32b10/353/569/90/False/K9cd87y5oDGaSXDvYBOiAg.jpg,https://www.kobo.com/tw/zh/ebook/K9cd87y5oDGaSXDvYBOiAg?sId=46fc2524e98caa63418c03961b6840b7
2025-06-09,卡繆,異鄉人（卡繆經典暢銷作․中文版有聲書首度上市）,220,9789863449263,https://cdn.kobo.com/book-images/a910e55d-8df0-43d3-8ef2-df7dc21d51ba/353/569/90/False/t1OO6Q03qjuX0wfMsaUVPg.jpg,https://www.kobo.com/tw/zh/audiobook/t1OO6Q03qjuX0wfMsaUVPg?sId=46fc2524e98caa63418c03961b6840b7
2025-06-09,卡繆,異鄉人【獨家收錄沙特評論・2022全新名家譯本】,196,9789864896073,https://cdn.kobo.com/book-images/a71e071c-2ddd-47b0-ba0d-0ad67a3261c3/353/569/90/False/VQ2InesBOjKI-Xv96viLqA.jpg,https://www.kobo.com/tw/zh/ebook/VQ2InesBOjKI-Xv96viLqA?sId=46fc2524e98caa63418c03961b6840b7
2025-06-09,卡繆,快樂的死,175,3120000000639,https://cdn.kobo.com/book-images/57e8ecec-6b0d-4586-882a-1f7699f9b494/353/569/90/False/gnS7T3tgLTS1t3eLSRBEeA.jpg,https://www.kobo.com/tw/zh/ebook/gnS7T3tgLTS1t3eLSRBEeA?sId=46fc2524e98caa63418c03961b6840b7
2025-06-09,卡繆,瘟疫（2021最新名家譯本，卡繆對疫情下被禁錮人心的鼓舞）,266,9789860777192,https://cdn.kobo.com/book-images/9618975f-d9f0-47af-bd43-571387f8a06a/353/569/90/False/wJ6ORaWSDj60GIzsDTf9Zg.jpg,https://www.kobo.com/tw/zh/ebook/wJ6ORaWSDj60GIzsDTf9Zg?sId=46fc2524e98caa63418c03961b6840b7
2025-06-09,卡繆,異鄉人,210,3039571384641,https://cdn.kobo.com/book-images/81e2cbee-7fb1-445c-8a9a-54f11683b376/353/569/90/False/wUn6RJK3RjCYH8YflJqYFw.jpg,https://www.kobo.com/tw/zh/ebook/wUn6RJK3RjCYH8YflJqYFw?sId=46fc2524e98caa63418c03961b6840b7
2025-06-09,卡繆,反抗者（新版）,266,3150000000392,https://cdn.kobo.com/book-images/0169f08d-1636-4fe9-865e-ac9323facfa7/353/569/90/False/dnhkQv1woTKBLngzg4RbMg.jpg,https://www.kobo.com/tw/zh/ebook/dnhkQv1woTKBLngzg4RbMg?sId=46fc2524e98caa63418c03961b6840b7
2025-06-09,卡繆,卡繆荒謬系列四部曲套書：《異鄉人》＋《薛西弗斯的神話》＋《卡里古拉》＋《誤會》【全新法文名家直譯，首次完整出版，親炙完整的卡繆荒謬哲學】,791,3150000000693,https://cdn.kobo.com/book-images/462128f0-194c-4f37-91e4-c9cdfbe0d7b2/353/569/90/False/iBMVIqmTtjmYjH2oJl_r8A.jpg,https://www.kobo.com/tw/zh/ebook/iBMVIqmTtjmYjH2oJl_r8A?sId=46fc2524e98caa63418c03961b6840b7
2025-06-09,卡繆,鼠疫（卡繆經典暢銷作․中文版有聲書首度上市）,300,9789863449270,https://cdn.kobo.com/book-images/ba766fe2-65df-4d69-83bc-798bf2340c10/353/569/90/False/AMe0qKS-yzinEfp_ItutUg.jpg,https://www.kobo.com/tw/zh/audiobook/AMe0qKS-yzinEfp_ItutUg?sId=46fc2524e98caa63418c03961b6840b7
2025-06-09,卡繆,異鄉人：最值得珍藏的名家譯本,224,3119864778287,https://cdn.kobo.com/book-images/59186bf1-d059-4aeb-afcb-36b164712ef7/353/569/90/False/XRU3eRrUUD6pvlI4liPZbg.jpg,https://www.kobo.com/tw/zh/ebook/XRU3eRrUUD6pvlI4liPZbg?sId=46fc2524e98caa63418c03961b6840b7
2025-06-09,卡繆,放逐與王國,210,9789863874133,https://cdn.kobo.com/book-images/5f1ba02d-68c9-4aa5-85ab-824c904439e9/353/569/90/False/RVGALpaZsjaTbCo1SdZXqw.jpg,https://www.kobo.com/tw/zh/ebook/RVGALpaZsjaTbCo1SdZXqw?sId=46fc2524e98caa63418c03961b6840b7
2025-06-09,卡繆,第一人：《異鄉人》存在主義大師的最後遺作！沒讀過《第一人》，就無法了解真正的卡繆！,360,7435000003050,https://cdn.kobo.com/book-images/1000dae4-0e54-4613-994a-2ca68f225aaf/353/569/90/False/mBrCwjCDbT-OmxW_MxQCPg.jpg,https://www.kobo.com/tw/zh/audiobook/mBrCwjCDbT-OmxW_MxQCPg?sId=46fc2524e98caa63418c03961b6840b7
2025-06-09,卡繆,墮落,182,9789861787558,https://cdn.kobo.com/book-images/023f55c5-13cf-4e65-aaa2-e1d0eebea177/353/569/90/False/ie-dvcJKuTWxECoQpt7ptg.jpg,https://www.kobo.com/tw/zh/ebook/ie-dvcJKuTWxECoQpt7ptg?sId=9ee92e0339d4ca1496f5ba7dfa1e7404
2025-06-09,卡繆,放逐與王國：卡繆短篇小說,260,9789865482541,https://cdn.kobo.com/book-images/033f901a-cea5-456e-9a5c-534f67c7dd33/353/569/90/False/SmaLhyIaRTOPTVVkw9jskg.jpg,https://www.kobo.com/tw/zh/ebook/SmaLhyIaRTOPTVVkw9jskg?sId=9ee92e0339d4ca1496f5ba7dfa1e7404
2025-06-09,卡繆,異鄉人,170,6849862272770,https://cdn.kobo.com/book-images/2f2b24f2-6a61-4ae2-a409-29c8eb0bc992/353/569/90/False/GYi3emouATurt5CEXNGY7A.jpg,https://www.kobo.com/tw/zh/ebook/GYi3emouATurt5CEXNGY7A?sId=9ee92e0339d4ca1496f5ba7dfa1e7404
2025-06-09,卡繆,瘟疫（名家經典新譯）,228,9789865482473,https://cdn.kobo.com/book-images/edbaf1b0-60cf-4781-90e1-dcb3d6358348/353/569/90/False/XSi3S6nkVz2SFyXwXYLq1g.jpg,https://www.kobo.com/tw/zh/ebook/XSi3S6nkVz2SFyXwXYLq1g?sId=9ee92e0339d4ca1496f5ba7dfa1e7404
2025-06-09,卡繆,異鄉人：荒謬三部曲，首部,210,7384000000024,https://cdn.kobo.com/book-images/12dc1249-e584-452a-a159-54be7be82c4d/353/569/90/False/MDkYBsM0cTm5Kq9j-44S0A.jpg,https://www.kobo.com/tw/zh/audiobook/MDkYBsM0cTm5Kq9j-44S0A?sId=9ee92e0339d4ca1496f5ba7dfa1e7404
2025-06-09,簡媜,陪我散步吧(增訂版),322,9789863878230,https://cdn.kobo.com/book-images/cbf936fb-e579-4f5e-889b-2d092f39c84e/353/569/90/False/5BeIP1SRfTC97-lqaxlVkQ.jpg,https://www.kobo.com/tw/zh/ebook/5BeIP1SRfTC97-lqaxlVkQ?sId=aec9daebf8e68af7af92d3349fd57b4d
2025-06-09,簡媜,十種寂寞,252,7390863873877,https://cdn.kobo.com/book-images/137d5050-a414-4644-a453-8236a3c7338c/353/569/90/False/SS3f6q_OmzG6ixjEoQQSBw.jpg,https://www.kobo.com/tw/zh/ebook/SS3f6q_OmzG6ixjEoQQSBw?sId=aec9daebf8e68af7af92d3349fd57b4d
2025-06-09,簡媜,我為你灑下月光,336,7390863872337,https://cdn.kobo.com/book-images/8d8c685d-f3c5-4e43-a07c-4a7a91f5ad22/353/569/90/False/RBqeU8INXTCG7D8npjR0bw.jpg,https://www.kobo.com/tw/zh/ebook/RBqeU8INXTCG7D8npjR0bw?sId=aec9daebf8e68af7af92d3349fd57b4d
2025-06-09,簡媜,女兒紅,196,9789863874096,https://cdn.kobo.com/book-images/73163054-0990-4413-b92d-a3d20f20ebaa/353/569/90/False/DBqadeV-gT-bmmVuqDItJg.jpg,https://www.kobo.com/tw/zh/ebook/DBqadeV-gT-bmmVuqDItJg?sId=aec9daebf8e68af7af92d3349fd57b4d
2025-06-09,簡媜,誰在銀閃閃的地方，等你（增訂版）,392,9789863876021,https://cdn.kobo.com/book-images/18d8f7d3-ad8d-4473-b1b7-aba2ada08383/353/569/90/False/tyYjDkeqiza61CrkeCJu7w.jpg,https://www.kobo.com/tw/zh/ebook/tyYjDkeqiza61CrkeCJu7w?sId=aec9daebf8e68af7af92d3349fd57b4d
2025-06-09,簡媜,夢遊書,196,9789863874546,https://cdn.kobo.com/book-images/df1c79f2-8ad2-4ed8-9f37-293c81359dd8/353/569/90/False/p_nX7y-6_D6gGQiQ7O__sw.jpg,https://www.kobo.com/tw/zh/ebook/p_nX7y-6_D6gGQiQ7O__sw?sId=aec9daebf8e68af7af92d3349fd57b4d
2025-06-09,簡媜,吃朋友,245,7390866631382,https://cdn.kobo.com/book-images/03cd221a-bef1-420d-96fa-a1ff5f2ec5f8/353/569/90/False/5xrS1tW6YT6YFfX6xajasQ.jpg,https://www.kobo.com/tw/zh/ebook/5xrS1tW6YT6YFfX6xajasQ?sId=aec9daebf8e68af7af92d3349fd57b4d
2025-06-09,簡媜,老師的十二樣見面禮,224,7390866873232,https://cdn.kobo.com/book-images/912cffcc-12b7-4881-820d-605be5c0f456/353/569/90/False/Opeot0Gw9zeKOcdaOXIiCg.jpg,https://www.kobo.com/tw/zh/ebook/Opeot0Gw9zeKOcdaOXIiCg?sId=aec9daebf8e68af7af92d3349fd57b4d
2025-06-09,簡媜,胭脂盆地,196,9789863874553,https://cdn.kobo.com/book-images/0ce65bd8-31e7-48ec-b6c2-f3b4da8f4cb7/353/569/90/False/_jcUd4QT3T6w0ZguwcDvlg.jpg,https://www.kobo.com/tw/zh/ebook/_jcUd4QT3T6w0ZguwcDvlg?sId=aec9daebf8e68af7af92d3349fd57b4d
2025-06-09,簡媜,紅嬰仔：一個女人和她的育嬰史,252,7390863873068,https://cdn.kobo.com/book-images/4c769dfc-5feb-45bb-bad9-d22ff6fe4425/353/569/90/False/3-XKV53DSzqry1rJm_LJEA.jpg,https://www.kobo.com/tw/zh/ebook/3-XKV53DSzqry1rJm_LJEA?sId=aec9daebf8e68af7af92d3349fd57b4d
2025-06-09,簡媜,天涯海角──福爾摩沙抒情誌,245,7390863873471,https://cdn.kobo.com/book-images/af00ba7f-99c1-44ae-b3d3-81c4e6e37430/353/569/90/False/y2QggT-GWz28HjuY_ABx1w.jpg,https://www.kobo.com/tw/zh/ebook/y2QggT-GWz28HjuY_ABx1w?sId=aec9daebf8e68af7af92d3349fd57b4d
2025-06-09,簡媜,老師的十二樣見面禮（增訂版）,329,9789863876236,https://cdn.kobo.com/book-images/5ddd0b2a-a9d1-403d-92c3-60f91baba3c6/353/569/90/False/7r6In9z6kTuCg3twvvZA2g.jpg,https://www.kobo.com/tw/zh/ebook/7r6In9z6kTuCg3twvvZA2g?sId=aec9daebf8e68af7af92d3349fd57b4d
2025-06-09,簡媜,微暈的樹林,210,9789863875857,https://cdn.kobo.com/book-images/df67a2d3-dab3-4ea6-bdd2-0f0e2b62a151/353/569/90/False/lRjcIazDljKdQZof57Hd9A.jpg,https://www.kobo.com/tw/zh/ebook/lRjcIazDljKdQZof57Hd9A?sId=1817e8014e37cb0c349f48c9bcd52d0d
2025-06-09,簡媜,一個人漫遊，古典森林,315,9789863877745,https://cdn.kobo.com/book-images/0c528bc8-18ea-46e3-acf0-f4c80125be95/353/569/90/False/Yyl9S4wUuDu8rltsfwH3UQ.jpg,https://www.kobo.com/tw/zh/ebook/Yyl9S4wUuDu8rltsfwH3UQ?sId=1817e8014e37cb0c349f48c9bcd52d0d
2025-06-09,簡媜,旅人之歌——神遊山水詩,210,9789863877516,https://cdn.kobo.com/book-images/ba7b0973-6125-415b-91a8-f4910ba8f09b/353/569/90/False/BEgyL0ETLzSJLhvVE5yKmQ.jpg,https://www.kobo.com/tw/zh/ebook/BEgyL0ETLzSJLhvVE5yKmQ?sId=1817e8014e37cb0c349f48c9bcd52d0d
2025-06-09,簡媜,與歲月同等心跳,210,9789863877479,https://cdn.kobo.com/book-images/5dc05880-531e-4ce8-9a89-99be05f5d02b/353/569/90/False/1Cgc_XKbQj6NkWrPuaKd2g.jpg,https://www.kobo.com/tw/zh/ebook/1Cgc_XKbQj6NkWrPuaKd2g?sId=1817e8014e37cb0c349f48c9bcd52d0d
2025-06-09,簡媜,下午茶,160,9789863876946,https://cdn.kobo.com/book-images/84781262-e7bd-4d10-a3c7-d19910fafa73/353/569/90/False/5iBW0pa_Wj2IztG5D0yKyw.jpg,https://www.kobo.com/tw/zh/ebook/5iBW0pa_Wj2IztG5D0yKyw?sId=1817e8014e37cb0c349f48c9bcd52d0d
2025-06-09,簡媜,只緣身在此山中,224,9789863874911,https://cdn.kobo.com/book-images/a21ea0b7-2449-4d16-b4db-1aa18c1993f3/353/569/90/False/JR_gAXmObD6EROWQrNPmjw.jpg,https://www.kobo.com/tw/zh/ebook/JR_gAXmObD6EROWQrNPmjw?sId=1817e8014e37cb0c349f48c9bcd52d0d
2025-06-09,簡媜,好一座浮島,210,9789863875666,https://cdn.kobo.com/book-images/dcfdfd36-7d3d-4201-89ab-681303731c15/353/569/90/False/tR63QOkIkjSZNYP1XN8qJQ.jpg,https://www.kobo.com/tw/zh/ebook/tR63QOkIkjSZNYP1XN8qJQ?sId=1817e8014e37cb0c349f48c9bcd52d0d
2025-06-09,簡媜,舊情復燃,220,9789863876380,https://cdn.kobo.com/book-images/97241a9a-8187-4195-a573-9a921c04b9cc/353/569/90/False/wieReZ4jqT2vpPAPLsLmkA.jpg,https://www.kobo.com/tw/zh/ebook/wieReZ4jqT2vpPAPLsLmkA?sId=1817e8014e37cb0c349f48c9bcd52d0d
2025-06-09,簡媜,密密語,280,9789863876953,https://cdn.kobo.com/book-images/76e8fe19-e84d-4b62-9707-03393a023486/353/569/90/False/mMg1YwJL9TemPTAVwHZbvw.jpg,https://www.kobo.com/tw/zh/ebook/mMg1YwJL9TemPTAVwHZbvw?sId=1817e8014e37cb0c349f48c9bcd52d0d
2025-06-09,簡媜,月娘照眠牀,220,9789863875314,https://cdn.kobo.com/book-images/1dc984df-000f-4cfb-86bf-d71ead052b02/353/569/90/False/yifYBw_kEz-sjWx9O6wmTg.jpg,https://www.kobo.com/tw/zh/ebook/yifYBw_kEz-sjWx9O6wmTg?sId=1817e8014e37cb0c349f48c9bcd52d0d
2025-06-09,赫曼．赫塞,流浪者之歌／悉達多,252,9786267095010,https://cdn.kobo.com/book-images/3f321736-62ab-46cb-ae65-dabe29f7eea4/353/569/90/False/BZkTJbpWnTWsH4_ozeT9vA.jpg,https://www.kobo.com/tw/zh/ebook/BZkTJbpWnTWsH4_ozeT9vA?sId=5e898a56c84cc574b98c3bdf6b77eaa1
2025-06-09,赫曼．赫塞,德米安：徬徨少年時 (告別徬徨，堅定地做你自己。全新無刪減完整譯本，慕尼黑大學圖書館愛藏版),245,3069869881963,https://cdn.kobo.com/book-images/a809baf5-4e7d-43c9-96e5-7d69fa248b50/353/569/90/False/6fn5ArUqVjSw56cshygW_Q.jpg,https://www.kobo.com/tw/zh/ebook/6fn5ArUqVjSw56cshygW_Q?sId=5e898a56c84cc574b98c3bdf6b77eaa1
2025-06-09,赫曼．赫塞,徬徨少年時（德文直譯本）,196,3090000030292,https://cdn.kobo.com/book-images/0eb8b492-c683-4d13-8a2e-40fd1872ced9/353/569/90/False/p9r2phjlUzO8q-gEc3Ysmg.jpg,https://www.kobo.com/tw/zh/ebook/p9r2phjlUzO8q-gEc3Ysmg?sId=5e898a56c84cc574b98c3bdf6b77eaa1
2025-06-09,赫曼．赫塞,流浪者之歌（首度德文直譯本）,210,3090000000515,https://cdn.kobo.com/book-images/f601d38b-894e-436d-852c-e48f41d06a75/353/569/90/False/uWrynH7_LjCJaQT5rWrZjg.jpg,https://www.kobo.com/tw/zh/ebook/uWrynH7_LjCJaQT5rWrZjg?sId=5e898a56c84cc574b98c3bdf6b77eaa1
2025-06-09,赫曼．赫塞,悉達多【獨家收錄保羅．科爾賀專文導讀、林懷民繆思分享】：一首印度的詩（流浪者之歌）,196,9789864895397,https://cdn.kobo.com/book-images/827cfb45-6d4c-43cb-866a-eb45ca8c20c7/353/569/90/False/8X4BYN4ZszavG3vs7B0Jdg.jpg,https://www.kobo.com/tw/zh/ebook/8X4BYN4ZszavG3vs7B0Jdg?sId=5e898a56c84cc574b98c3bdf6b77eaa1
2025-06-09,赫曼．赫塞,悉達多：一首印度的詩（流浪者之歌）,210,7384000000026,https://cdn.kobo.com/book-images/2ebd8c79-acb7-430a-abd8-3998815f26dd/353/569/90/False/5P5w8osOvzauH183YElyCw.jpg,https://www.kobo.com/tw/zh/audiobook/5P5w8osOvzauH183YElyCw?sId=5e898a56c84cc574b98c3bdf6b77eaa1
2025-06-09,赫曼．赫塞,車輪下（首度德文直譯本）,210,3090000000590,https://cdn.kobo.com/book-images/40dde703-286a-487c-acca-3d0e177e4d0a/353/569/90/False/iRXS-e-7fzumzrZdY8d_8Q.jpg,https://www.kobo.com/tw/zh/ebook/iRXS-e-7fzumzrZdY8d_8Q?sId=5e898a56c84cc574b98c3bdf6b77eaa1
2025-06-09,赫曼．赫塞,在書中發現自己的靈魂：慢讀赫塞,250,3128000000104,https://cdn.kobo.com/book-images/5139dd71-3f40-4bbf-aaa6-752447892743/353/569/90/False/mj-jE6bxOTazX9ad0uwE7g.jpg,https://www.kobo.com/tw/zh/ebook/mj-jE6bxOTazX9ad0uwE7g?sId=5e898a56c84cc574b98c3bdf6b77eaa1
2025-06-09,赫曼．赫塞,德米安【獨家收錄詹姆斯・法蘭科專文導讀】：埃米爾．辛克萊年少時的故事（徬徨少年時）,210,9789864895403,https://cdn.kobo.com/book-images/ae0cd56f-8ec4-4e2d-bc97-29ea34073182/353/569/90/False/ib-jIoEV2Dqm0I1tAc6TWQ.jpg,https://www.kobo.com/tw/zh/ebook/ib-jIoEV2Dqm0I1tAc6TWQ?sId=5e898a56c84cc574b98c3bdf6b77eaa1
2025-06-09,赫曼．赫塞,荒野之狼（首度德文直譯本）,245,3090000005737,https://cdn.kobo.com/book-images/449cd682-c515-465f-b6f3-c5b59e8310e3/353/569/90/False/VFQPtyjUrTGJSlcoqoICxg.jpg,https://www.kobo.com/tw/zh/ebook/VFQPtyjUrTGJSlcoqoICxg?sId=5e898a56c84cc574b98c3bdf6b77eaa1
2025-06-09,赫曼．赫塞,赫曼赫塞童話故事集,250,3119864773930,https://cdn.kobo.com/book-images/5f4ae374-cda4-4a0c-a27f-58f4eb5939e0/353/569/90/False/fUpsq8DF8Tq5Lguv3pHWuQ.jpg,https://www.kobo.com/tw/zh/ebook/fUpsq8DF8Tq5Lguv3pHWuQ?sId=5e898a56c84cc574b98c3bdf6b77eaa1
2025-06-09,赫曼．赫塞,鄉愁（德文直譯本）,196,3090000006527,https://cdn.kobo.com/book-images/567c8c31-ebf2-4ffb-a5b1-7e294bb27479/353/569/90/False/By8ilup3JjmH2kf5ty2N8g.jpg,https://www.kobo.com/tw/zh/ebook/By8ilup3JjmH2kf5ty2N8g?sId=5e898a56c84cc574b98c3bdf6b77eaa1
2025-06-09,赫曼．赫塞,德米安：埃米爾．辛克萊年少時的故事（徬徨少年時）,210,7384000000027,https://cdn.kobo.com/book-images/e921900f-2bfe-42d8-8547-198c1b3b42b1/353/569/90/False/pO0YjhmJajyGRrdkzlKsnA.jpg,https://www.kobo.com/tw/zh/audiobook/pO0YjhmJajyGRrdkzlKsnA?sId=2fd01ba280157a8c431adaedf711e0a9
2025-06-09,赫曼．赫塞,德米安：彷徨少年時,228,7289867101822,https://cdn.kobo.com/book-images/897fa0c7-1c7f-4005-9de8-784febd6e287/353/569/90/False/ZNYK-tlfkD-IZy3hlnFJAw.jpg,https://www.kobo.com/tw/zh/ebook/ZNYK-tlfkD-IZy3hlnFJAw?sId=2fd01ba280157a8c431adaedf711e0a9
2025-06-09,赫曼．赫塞,荒野之狼（德文新譯本）,294,3119864771400,https://cdn.kobo.com/book-images/c81844a1-3034-4867-a324-b6f0bd00c252/353/569/90/False/6g6wxeuiYjuWU71oa_5Mzg.jpg,https://www.kobo.com/tw/zh/ebook/6g6wxeuiYjuWU71oa_5Mzg?sId=2fd01ba280157a8c431adaedf711e0a9
2025-06-09,赫曼．赫塞,流浪者之歌,,9786263744417,https://cdn.kobo.com/book-images/dbaffb64-2df7-46df-9836-4b43eb375d74/353/569/90/False/SSmAUWRnWD-200t2EoH_qQ.jpg,https://www.kobo.com/tw/zh/ebook/SSmAUWRnWD-200t2EoH_qQ?sId=2fd01ba280157a8c431adaedf711e0a9
2025-06-09,赫曼．赫塞,徬徨少年時,175,3090000000352,https://cdn.kobo.com/book-images/b98f888a-ae90-4674-8796-0c691b798c30/353/569/90/False/3cIVTFd3fz6t9pp0NaJsyA.jpg,https://www.kobo.com/tw/zh/ebook/3cIVTFd3fz6t9pp0NaJsyA?sId=2fd01ba280157a8c431adaedf711e0a9
2025-06-09,赫曼．赫塞,中學生好享讀：諾貝爾大師短篇小說選,225,6709863201113,https://cdn.kobo.com/book-images/f48eb899-1243-4d56-a687-e9d45c5de9ef/353/569/90/False/pnJCPVTatTGHkaHGe4iYMw.jpg,https://www.kobo.com/tw/zh/ebook/pnJCPVTatTGHkaHGe4iYMw?sId=2fd01ba280157a8c431adaedf711e0a9
2025-06-09,赫曼．赫塞,生命之歌,210,3090000000496,https://cdn.kobo.com/book-images/cab95401-af95-4f91-9d80-41eee92dade2/353/569/90/False/kfbDCDZ4SD6jxk-LU1ireg.jpg,https://www.kobo.com/tw/zh/ebook/kfbDCDZ4SD6jxk-LU1ireg?sId=2fd01ba280157a8c431adaedf711e0a9
2025-06-09,赫曼．赫塞,園圃之歌：諾貝爾文學獎大師赫曼．赫塞的自然哲思與手繪詩畫,266,9786269638079,https://cdn.kobo.com/book-images/f7453d28-8edd-4d0b-87ae-3f947835f381/353/569/90/False/jHi5IlslGTmTLqpPkwxScQ.jpg,https://www.kobo.com/tw/zh/ebook/jHi5IlslGTmTLqpPkwxScQ?sId=2fd01ba280157a8c431adaedf711e0a9
2025-06-09,赫曼．赫塞,荒野之狼,315,9786263966987,https://cdn.kobo.com/book-images/3bb495e7-b3a7-490f-be56-c4e3d0755850/353/569/90/False/8qvh-uvBNjeQ5sV5LtVHdw.jpg,https://www.kobo.com/tw/zh/ebook/8qvh-uvBNjeQ5sV5LtVHdw?sId=2fd01ba280157a8c431adaedf711e0a9
2025-06-09,赫曼．赫塞,流浪者之歌【感動解讀版】,400,9786269936137,https://cdn.kobo.com/book-images/921c4663-8c49-4f8f-a61f-e24755dbae11/353/569/90/False/JNfPTDEjDz-tAMfp3Egokg.jpg,https://www.kobo.com/tw/zh/ebook/JNfPTDEjDz-tAMfp3Egokg?sId=2fd01ba280157a8c431adaedf711e0a9
2025-06-09,赫曼．赫塞,悠遊之歌（三版）,175,9789864023936,https://cdn.kobo.com/book-images/e52679bc-171d-45f8-bf8a-8a159a9891ed/353/569/90/False/UHZLCrSJATqst2fZDCkzBA.jpg,https://www.kobo.com/tw/zh/ebook/UHZLCrSJATqst2fZDCkzBA?sId=2fd01ba280157a8c431adaedf711e0a9
2025-06-10,卡繆,異鄉人（卡繆版書衣）,154,3119861735450,https://cdn.kobo.com/book-images/24099253-90bc-4d80-8825-f6300e8b806f/353/569/90/False/gb2hSkF1KDGjqz18oam2aA.jpg,https://www.kobo.com/tw/zh/ebook/gb2hSkF1KDGjqz18oam2aA?sId=34b16fe8cf73233f429c6aa5a97b47db
2025-06-10,卡繆,瘟疫,210,9789861785516,https://cdn.kobo.com/book-images/8d4f032e-dd57-4b50-a7d8-07f8e494bce5/353/569/90/False/sQ5ce_0gtz-yiFpE7SxWag.jpg,https://www.kobo.com/tw/zh/ebook/sQ5ce_0gtz-yiFpE7SxWag?sId=34b16fe8cf73233f429c6aa5a97b47db
2025-06-10,卡繆,卡里古拉【1957年諾貝爾文學獎得主描摹荒謬的經典代表作,210,9786267118108,https://cdn.kobo.com/book-images/228a6362-9e74-450c-806f-26d0291b0115/353/569/90/False/bUv8_ShWSDyzoufG54r66g.jpg,https://www.kobo.com/tw/zh/ebook/bUv8_ShWSDyzoufG54r66g?sId=34b16fe8cf73233f429c6aa5a97b47db
2025-06-10,卡繆,異鄉人（2020全新名家譯本，再現卡繆字句推敲的原義）,175,3150000000617,https://cdn.kobo.com/book-images/883f0dcf-e5f7-4dfe-b300-8d725a8da70d/353/569/90/False/0GQk9bH6VzyLV0Q9Faysow.jpg,https://www.kobo.com/tw/zh/ebook/0GQk9bH6VzyLV0Q9Faysow?sId=34b16fe8cf73233f429c6aa5a97b47db
2025-06-10,卡繆,薛西弗斯的神話：卡繆的荒謬哲學,230,3120000000285,https://cdn.kobo.com/book-images/8cfb868b-d1ce-428f-9dc1-8a7b0724f790/353/569/90/False/dz7TJXld6DK-tFChkyuNug.jpg,https://www.kobo.com/tw/zh/ebook/dz7TJXld6DK-tFChkyuNug?sId=34b16fe8cf73233f429c6aa5a97b47db
2025-06-10,卡繆,薛西弗斯的神話,210,3150000000396,https://cdn.kobo.com/book-images/71d8cd60-c407-4367-bced-a36718fcf86f/353/569/90/False/t0r8j-Ym4jee3YDu96AA1w.jpg,https://www.kobo.com/tw/zh/ebook/t0r8j-Ym4jee3YDu96AA1w?sId=34b16fe8cf73233f429c6aa5a97b47db
2025-06-10,卡繆,鼠疫,210,3119861737522,https://cdn.kobo.com/book-images/56a09ae8-dac7-4eb0-9dde-b427a5a1aacb/353/569/90/False/tGTtah0cyzKVQIXzpZ7NTQ.jpg,https://www.kobo.com/tw/zh/ebook/tGTtah0cyzKVQIXzpZ7NTQ?sId=34b16fe8cf73233f429c6aa5a97b47db
2025-06-10,卡繆,卡繆荒謬與反抗系列作品全集套書：荒謬系列四部曲《異鄉人》《薛西弗斯的神話》《卡里古拉》《誤會》＋反抗系列三部曲《瘟疫》《反抗者》《正義者》【全新法文名家直譯，首次完整出版，親炙完整的卡繆荒謬哲學】,1519,3150000000694,https://cdn.kobo.com/book-images/76f16f12-492e-4435-b792-e97bba1721d5/353/569/90/False/Kx45Q5lYKTqv_nEYbdwV2A.jpg,https://www.kobo.com/tw/zh/ebook/Kx45Q5lYKTqv_nEYbdwV2A?sId=34b16fe8cf73233f429c6aa5a97b47db
2025-06-10,卡繆,卡繆反抗三部曲套書：《瘟疫》＋《反抗者》＋《正義者》【全新法文名家直譯，首次完整出版，親炙完整的卡繆反抗思想】,728,3150000000687,https://cdn.kobo.com/book-images/9f980967-d3c1-4ac0-9f8c-f8e0ccbbcc60/353/569/90/False/B1m2jKOONjKjTMVkT5k1NQ.jpg,https://www.kobo.com/tw/zh/ebook/B1m2jKOONjKjTMVkT5k1NQ?sId=34b16fe8cf73233f429c6aa5a97b47db
2025-06-10,卡繆,正義者（首次出版，法文直譯名家譯本，卡繆展現對正義與反抗的考驗）,196,9789860777161,https://cdn.kobo.com/book-images/9291fc65-996d-4a27-83f4-a141c345d8cb/353/569/90/False/QQT3HgwFsT2xefv4IRMF9w.jpg,https://www.kobo.com/tw/zh/ebook/QQT3HgwFsT2xefv4IRMF9w?sId=34b16fe8cf73233f429c6aa5a97b47db
2025-06-10,卡繆,薛西弗斯的神話：點燃希望的哲學頌歌，法國七星文庫權威譯本【傅雷翻譯獎典藏版】,266,9786267596456,https://cdn.kobo.com/book-images/6ccfbf88-73ae-4691-b256-38387994ae56/353/569/90/False/7fFjSyTP9zKPTx3GcPFpfw.jpg,https://www.kobo.com/tw/zh/ebook/7fFjSyTP9zKPTx3GcPFpfw?sId=34b16fe8cf73233f429c6aa5a97b47db
2025-06-10,卡繆,誤會【1957年諾貝爾文學獎得主面對自我放逐之旅的核心之作】,196,9786267118139,https://cdn.kobo.com/book-images/f35af051-fd52-4e22-a2df-d19abd3abf6e/353/569/90/False/XznH9zQdijG-RQoi9MTYng.jpg,https://www.kobo.com/tw/zh/ebook/XznH9zQdijG-RQoi9MTYng?sId=34b16fe8cf73233f429c6aa5a97b47db
2025-06-10,卡繆,鼠疫【全新名家譯本】（特別收錄哲學解析〈一部存在主義小說的後現代閱讀〉）,266,9789864895434,https://cdn.kobo.com/book-images/f4d068a2-498d-4817-97dd-d7492dc32b10/353/569/90/False/K9cd87y5oDGaSXDvYBOiAg.jpg,https://www.kobo.com/tw/zh/ebook/K9cd87y5oDGaSXDvYBOiAg?sId=2837d78071b7dc080fbb7ed34bb6aac7
2025-06-10,卡繆,異鄉人（卡繆經典暢銷作․中文版有聲書首度上市）,220,9789863449263,https://cdn.kobo.com/book-images/a910e55d-8df0-43d3-8ef2-df7dc21d51ba/353/569/90/False/t1OO6Q03qjuX0wfMsaUVPg.jpg,https://www.kobo.com/tw/zh/audiobook/t1OO6Q03qjuX0wfMsaUVPg?sId=2837d78071b7dc080fbb7ed34bb6aac7
2025-06-10,卡繆,異鄉人【獨家收錄沙特評論・2022全新名家譯本】,196,9789864896073,https://cdn.kobo.com/book-images/a71e071c-2ddd-47b0-ba0d-0ad67a3261c3/353/569/90/False/VQ2InesBOjKI-Xv96viLqA.jpg,https://www.kobo.com/tw/zh/ebook/VQ2InesBOjKI-Xv96viLqA?sId=2837d78071b7dc080fbb7ed34bb6aac7
2025-06-10,卡繆,快樂的死,175,3120000000639,https://cdn.kobo.com/book-images/57e8ecec-6b0d-4586-882a-1f7699f9b494/353/569/90/False/gnS7T3tgLTS1t3eLSRBEeA.jpg,https://www.kobo.com/tw/zh/ebook/gnS7T3tgLTS1t3eLSRBEeA?sId=2837d78071b7dc080fbb7ed34bb6aac7
2025-06-10,卡繆,瘟疫（2021最新名家譯本，卡繆對疫情下被禁錮人心的鼓舞）,266,9789860777192,https://cdn.kobo.com/book-images/9618975f-d9f0-47af-bd43-571387f8a06a/353/569/90/False/wJ6ORaWSDj60GIzsDTf9Zg.jpg,https://www.kobo.com/tw/zh/ebook/wJ6ORaWSDj60GIzsDTf9Zg?sId=2837d78071b7dc080fbb7ed34bb6aac7
2025-06-10,卡繆,異鄉人,210,3039571384641,https://cdn.kobo.com/book-images/81e2cbee-7fb1-445c-8a9a-54f11683b376/353/569/90/False/wUn6RJK3RjCYH8YflJqYFw.jpg,https://www.kobo.com/tw/zh/ebook/wUn6RJK3RjCYH8YflJqYFw?sId=2837d78071b7dc080fbb7ed34bb6aac7
2025-06-10,卡繆,反抗者（新版）,266,3150000000392,https://cdn.kobo.com/book-images/0169f08d-1636-4fe9-865e-ac9323facfa7/353/569/90/False/dnhkQv1woTKBLngzg4RbMg.jpg,https://www.kobo.com/tw/zh/ebook/dnhkQv1woTKBLngzg4RbMg?sId=2837d78071b7dc080fbb7ed34bb6aac7
2025-06-10,卡繆,卡繆荒謬系列四部曲套書：《異鄉人》＋《薛西弗斯的神話》＋《卡里古拉》＋《誤會》【全新法文名家直譯，首次完整出版，親炙完整的卡繆荒謬哲學】,791,3150000000693,https://cdn.kobo.com/book-images/462128f0-194c-4f37-91e4-c9cdfbe0d7b2/353/569/90/False/iBMVIqmTtjmYjH2oJl_r8A.jpg,https://www.kobo.com/tw/zh/ebook/iBMVIqmTtjmYjH2oJl_r8A?sId=2837d78071b7dc080fbb7ed34bb6aac7
2025-06-10,卡繆,鼠疫（卡繆經典暢銷作․中文版有聲書首度上市）,300,9789863449270,https://cdn.kobo.com/book-images/ba766fe2-65df-4d69-83bc-798bf2340c10/353/569/90/False/AMe0qKS-yzinEfp_ItutUg.jpg,https://www.kobo.com/tw/zh/audiobook/AMe0qKS-yzinEfp_ItutUg?sId=2837d78071b7dc080fbb7ed34bb6aac7
2025-06-10,卡繆,異鄉人：最值得珍藏的名家譯本,224,3119864778287,https://cdn.kobo.com/book-images/59186bf1-d059-4aeb-afcb-36b164712ef7/353/569/90/False/XRU3eRrUUD6pvlI4liPZbg.jpg,https://www.kobo.com/tw/zh/ebook/XRU3eRrUUD6pvlI4liPZbg?sId=2837d78071b7dc080fbb7ed34bb6aac7
2025-06-10,卡繆,放逐與王國,210,9789863874133,https://cdn.kobo.com/book-images/5f1ba02d-68c9-4aa5-85ab-824c904439e9/353/569/90/False/RVGALpaZsjaTbCo1SdZXqw.jpg,https://www.kobo.com/tw/zh/ebook/RVGALpaZsjaTbCo1SdZXqw?sId=2837d78071b7dc080fbb7ed34bb6aac7
2025-06-10,卡繆,第一人：《異鄉人》存在主義大師的最後遺作！沒讀過《第一人》，就無法了解真正的卡繆！,360,7435000003050,https://cdn.kobo.com/book-images/1000dae4-0e54-4613-994a-2ca68f225aaf/353/569/90/False/mBrCwjCDbT-OmxW_MxQCPg.jpg,https://www.kobo.com/tw/zh/audiobook/mBrCwjCDbT-OmxW_MxQCPg?sId=2837d78071b7dc080fbb7ed34bb6aac7
2025-06-10,卡繆,墮落,182,9789861787558,https://cdn.kobo.com/book-images/023f55c5-13cf-4e65-aaa2-e1d0eebea177/353/569/90/False/ie-dvcJKuTWxECoQpt7ptg.jpg,https://www.kobo.com/tw/zh/ebook/ie-dvcJKuTWxECoQpt7ptg?sId=767595057a87a0b343464ea317fc635f
2025-06-10,卡繆,放逐與王國：卡繆短篇小說,260,9789865482541,https://cdn.kobo.com/book-images/033f901a-cea5-456e-9a5c-534f67c7dd33/353/569/90/False/SmaLhyIaRTOPTVVkw9jskg.jpg,https://www.kobo.com/tw/zh/ebook/SmaLhyIaRTOPTVVkw9jskg?sId=767595057a87a0b343464ea317fc635f
2025-06-10,卡繆,異鄉人,170,6849862272770,https://cdn.kobo.com/book-images/2f2b24f2-6a61-4ae2-a409-29c8eb0bc992/353/569/90/False/GYi3emouATurt5CEXNGY7A.jpg,https://www.kobo.com/tw/zh/ebook/GYi3emouATurt5CEXNGY7A?sId=767595057a87a0b343464ea317fc635f
2025-06-10,卡繆,瘟疫（名家經典新譯）,228,9789865482473,https://cdn.kobo.com/book-images/edbaf1b0-60cf-4781-90e1-dcb3d6358348/353/569/90/False/XSi3S6nkVz2SFyXwXYLq1g.jpg,https://www.kobo.com/tw/zh/ebook/XSi3S6nkVz2SFyXwXYLq1g?sId=767595057a87a0b343464ea317fc635f
2025-06-10,卡繆,異鄉人：荒謬三部曲，首部,210,7384000000024,https://cdn.kobo.com/book-images/12dc1249-e584-452a-a159-54be7be82c4d/353/569/90/False/MDkYBsM0cTm5Kq9j-44S0A.jpg,https://www.kobo.com/tw/zh/audiobook/MDkYBsM0cTm5Kq9j-44S0A?sId=767595057a87a0b343464ea317fc635f
2025-06-10,簡媜,女兒紅,196,9789863874096,https://cdn.kobo.com/book-images/73163054-0990-4413-b92d-a3d20f20ebaa/353/569/90/False/DBqadeV-gT-bmmVuqDItJg.jpg,https://www.kobo.com/tw/zh/ebook/DBqadeV-gT-bmmVuqDItJg?sId=9428849c3772926f0b3a588e454592c0
2025-06-10,簡媜,陪我散步吧(增訂版),322,9789863878230,https://cdn.kobo.com/book-images/cbf936fb-e579-4f5e-889b-2d092f39c84e/353/569/90/False/5BeIP1SRfTC97-lqaxlVkQ.jpg,https://www.kobo.com/tw/zh/ebook/5BeIP1SRfTC97-lqaxlVkQ?sId=9428849c3772926f0b3a588e454592c0
2025-06-10,簡媜,十種寂寞,252,7390863873877,https://cdn.kobo.com/book-images/137d5050-a414-4644-a453-8236a3c7338c/353/569/90/False/SS3f6q_OmzG6ixjEoQQSBw.jpg,https://www.kobo.com/tw/zh/ebook/SS3f6q_OmzG6ixjEoQQSBw?sId=9428849c3772926f0b3a588e454592c0
2025-06-10,簡媜,我為你灑下月光,336,7390863872337,https://cdn.kobo.com/book-images/8d8c685d-f3c5-4e43-a07c-4a7a91f5ad22/353/569/90/False/RBqeU8INXTCG7D8npjR0bw.jpg,https://www.kobo.com/tw/zh/ebook/RBqeU8INXTCG7D8npjR0bw?sId=9428849c3772926f0b3a588e454592c0
2025-06-10,簡媜,誰在銀閃閃的地方，等你（增訂版）,392,9789863876021,https://cdn.kobo.com/book-images/18d8f7d3-ad8d-4473-b1b7-aba2ada08383/353/569/90/False/tyYjDkeqiza61CrkeCJu7w.jpg,https://www.kobo.com/tw/zh/ebook/tyYjDkeqiza61CrkeCJu7w?sId=9428849c3772926f0b3a588e454592c0
2025-06-10,簡媜,夢遊書,196,9789863874546,https://cdn.kobo.com/book-images/df1c79f2-8ad2-4ed8-9f37-293c81359dd8/353/569/90/False/p_nX7y-6_D6gGQiQ7O__sw.jpg,https://www.kobo.com/tw/zh/ebook/p_nX7y-6_D6gGQiQ7O__sw?sId=9428849c3772926f0b3a588e454592c0
2025-06-10,簡媜,吃朋友,245,7390866631382,https://cdn.kobo.com/book-images/03cd221a-bef1-420d-96fa-a1ff5f2ec5f8/353/569/90/False/5xrS1tW6YT6YFfX6xajasQ.jpg,https://www.kobo.com/tw/zh/ebook/5xrS1tW6YT6YFfX6xajasQ?sId=9428849c3772926f0b3a588e454592c0
2025-06-10,簡媜,老師的十二樣見面禮,224,7390866873232,https://cdn.kobo.com/book-images/912cffcc-12b7-4881-820d-605be5c0f456/353/569/90/False/Opeot0Gw9zeKOcdaOXIiCg.jpg,https://www.kobo.com/tw/zh/ebook/Opeot0Gw9zeKOcdaOXIiCg?sId=9428849c3772926f0b3a588e454592c0
2025-06-10,簡媜,胭脂盆地,196,9789863874553,https://cdn.kobo.com/book-images/0ce65bd8-31e7-48ec-b6c2-f3b4da8f4cb7/353/569/90/False/_jcUd4QT3T6w0ZguwcDvlg.jpg,https://www.kobo.com/tw/zh/ebook/_jcUd4QT3T6w0ZguwcDvlg?sId=9428849c3772926f0b3a588e454592c0
2025-06-10,簡媜,紅嬰仔：一個女人和她的育嬰史,252,7390863873068,https://cdn.kobo.com/book-images/4c769dfc-5feb-45bb-bad9-d22ff6fe4425/353/569/90/False/3-XKV53DSzqry1rJm_LJEA.jpg,https://www.kobo.com/tw/zh/ebook/3-XKV53DSzqry1rJm_LJEA?sId=9428849c3772926f0b3a588e454592c0
2025-06-10,簡媜,天涯海角──福爾摩沙抒情誌,245,7390863873471,https://cdn.kobo.com/book-images/af00ba7f-99c1-44ae-b3d3-81c4e6e37430/353/569/90/False/y2QggT-GWz28HjuY_ABx1w.jpg,https://www.kobo.com/tw/zh/ebook/y2QggT-GWz28HjuY_ABx1w?sId=9428849c3772926f0b3a588e454592c0
2025-06-10,簡媜,老師的十二樣見面禮（增訂版）,329,9789863876236,https://cdn.kobo.com/book-images/5ddd0b2a-a9d1-403d-92c3-60f91baba3c6/353/569/90/False/7r6In9z6kTuCg3twvvZA2g.jpg,https://www.kobo.com/tw/zh/ebook/7r6In9z6kTuCg3twvvZA2g?sId=9428849c3772926f0b3a588e454592c0
2025-06-10,簡媜,微暈的樹林,210,9789863875857,https://cdn.kobo.com/book-images/df67a2d3-dab3-4ea6-bdd2-0f0e2b62a151/353/569/90/False/lRjcIazDljKdQZof57Hd9A.jpg,https://www.kobo.com/tw/zh/ebook/lRjcIazDljKdQZof57Hd9A?sId=1d9fb5ee89096ad4d876560ae4aba32c
2025-06-10,簡媜,一個人漫遊，古典森林,315,9789863877745,https://cdn.kobo.com/book-images/0c528bc8-18ea-46e3-acf0-f4c80125be95/353/569/90/False/Yyl9S4wUuDu8rltsfwH3UQ.jpg,https://www.kobo.com/tw/zh/ebook/Yyl9S4wUuDu8rltsfwH3UQ?sId=1d9fb5ee89096ad4d876560ae4aba32c
2025-06-10,簡媜,旅人之歌——神遊山水詩,210,9789863877516,https://cdn.kobo.com/book-images/ba7b0973-6125-415b-91a8-f4910ba8f09b/353/569/90/False/BEgyL0ETLzSJLhvVE5yKmQ.jpg,https://www.kobo.com/tw/zh/ebook/BEgyL0ETLzSJLhvVE5yKmQ?sId=1d9fb5ee89096ad4d876560ae4aba32c
2025-06-10,簡媜,與歲月同等心跳,210,9789863877479,https://cdn.kobo.com/book-images/5dc05880-531e-4ce8-9a89-99be05f5d02b/353/569/90/False/1Cgc_XKbQj6NkWrPuaKd2g.jpg,https://www.kobo.com/tw/zh/ebook/1Cgc_XKbQj6NkWrPuaKd2g?sId=1d9fb5ee89096ad4d876560ae4aba32c
2025-06-10,簡媜,下午茶,160,9789863876946,https://cdn.kobo.com/book-images/84781262-e7bd-4d10-a3c7-d19910fafa73/353/569/90/False/5iBW0pa_Wj2IztG5D0yKyw.jpg,https://www.kobo.com/tw/zh/ebook/5iBW0pa_Wj2IztG5D0yKyw?sId=1d9fb5ee89096ad4d876560ae4aba32c
2025-06-10,簡媜,只緣身在此山中,224,9789863874911,https://cdn.kobo.com/book-images/a21ea0b7-2449-4d16-b4db-1aa18c1993f3/353/569/90/False/JR_gAXmObD6EROWQrNPmjw.jpg,https://www.kobo.com/tw/zh/ebook/JR_gAXmObD6EROWQrNPmjw?sId=1d9fb5ee89096ad4d876560ae4aba32c
2025-06-10,簡媜,好一座浮島,210,9789863875666,https://cdn.kobo.com/book-images/dcfdfd36-7d3d-4201-89ab-681303731c15/353/569/90/False/tR63QOkIkjSZNYP1XN8qJQ.jpg,https://www.kobo.com/tw/zh/ebook/tR63QOkIkjSZNYP1XN8qJQ?sId=1d9fb5ee89096ad4d876560ae4aba32c
2025-06-10,簡媜,舊情復燃,220,9789863876380,https://cdn.kobo.com/book-images/97241a9a-8187-4195-a573-9a921c04b9cc/353/569/90/False/wieReZ4jqT2vpPAPLsLmkA.jpg,https://www.kobo.com/tw/zh/ebook/wieReZ4jqT2vpPAPLsLmkA?sId=1d9fb5ee89096ad4d876560ae4aba32c
2025-06-10,簡媜,密密語,280,9789863876953,https://cdn.kobo.com/book-images/76e8fe19-e84d-4b62-9707-03393a023486/353/569/90/False/mMg1YwJL9TemPTAVwHZbvw.jpg,https://www.kobo.com/tw/zh/ebook/mMg1YwJL9TemPTAVwHZbvw?sId=1d9fb5ee89096ad4d876560ae4aba32c
2025-06-10,簡媜,月娘照眠牀,220,9789863875314,https://cdn.kobo.com/book-images/1dc984df-000f-4cfb-86bf-d71ead052b02/353/569/90/False/yifYBw_kEz-sjWx9O6wmTg.jpg,https://www.kobo.com/tw/zh/ebook/yifYBw_kEz-sjWx9O6wmTg?sId=1d9fb5ee89096ad4d876560ae4aba32c
2025-06-10,赫曼．赫塞,流浪者之歌／悉達多,252,9786267095010,https://cdn.kobo.com/book-images/3f321736-62ab-46cb-ae65-dabe29f7eea4/353/569/90/False/BZkTJbpWnTWsH4_ozeT9vA.jpg,https://www.kobo.com/tw/zh/ebook/BZkTJbpWnTWsH4_ozeT9vA?sId=16320375711a4982fd599efcfba80b86
2025-06-10,赫曼．赫塞,德米安：徬徨少年時 (告別徬徨，堅定地做你自己。全新無刪減完整譯本，慕尼黑大學圖書館愛藏版),245,3069869881963,https://cdn.kobo.com/book-images/a809baf5-4e7d-43c9-96e5-7d69fa248b50/353/569/90/False/6fn5ArUqVjSw56cshygW_Q.jpg,https://www.kobo.com/tw/zh/ebook/6fn5ArUqVjSw56cshygW_Q?sId=16320375711a4982fd599efcfba80b86
2025-06-10,赫曼．赫塞,德米安：埃米爾．辛克萊年少時的故事（徬徨少年時）,210,7384000000027,https://cdn.kobo.com/book-images/e921900f-2bfe-42d8-8547-198c1b3b42b1/353/569/90/False/pO0YjhmJajyGRrdkzlKsnA.jpg,https://www.kobo.com/tw/zh/audiobook/pO0YjhmJajyGRrdkzlKsnA?sId=16320375711a4982fd599efcfba80b86
2025-06-10,赫曼．赫塞,流浪者之歌（首度德文直譯本）,210,3090000000515,https://cdn.kobo.com/book-images/f601d38b-894e-436d-852c-e48f41d06a75/353/569/90/False/uWrynH7_LjCJaQT5rWrZjg.jpg,https://www.kobo.com/tw/zh/ebook/uWrynH7_LjCJaQT5rWrZjg?sId=16320375711a4982fd599efcfba80b86
2025-06-10,赫曼．赫塞,徬徨少年時（德文直譯本）,196,3090000030292,https://cdn.kobo.com/book-images/0eb8b492-c683-4d13-8a2e-40fd1872ced9/353/569/90/False/p9r2phjlUzO8q-gEc3Ysmg.jpg,https://www.kobo.com/tw/zh/ebook/p9r2phjlUzO8q-gEc3Ysmg?sId=16320375711a4982fd599efcfba80b86
2025-06-10,赫曼．赫塞,悉達多【獨家收錄保羅．科爾賀專文導讀、林懷民繆思分享】：一首印度的詩（流浪者之歌）,196,9789864895397,https://cdn.kobo.com/book-images/827cfb45-6d4c-43cb-866a-eb45ca8c20c7/353/569/90/False/8X4BYN4ZszavG3vs7B0Jdg.jpg,https://www.kobo.com/tw/zh/ebook/8X4BYN4ZszavG3vs7B0Jdg?sId=16320375711a4982fd599efcfba80b86
2025-06-10,赫曼．赫塞,在書中發現自己的靈魂：慢讀赫塞,250,3128000000104,https://cdn.kobo.com/book-images/5139dd71-3f40-4bbf-aaa6-752447892743/353/569/90/False/mj-jE6bxOTazX9ad0uwE7g.jpg,https://www.kobo.com/tw/zh/ebook/mj-jE6bxOTazX9ad0uwE7g?sId=16320375711a4982fd599efcfba80b86
2025-06-10,赫曼．赫塞,車輪下（首度德文直譯本）,210,3090000000590,https://cdn.kobo.com/book-images/40dde703-286a-487c-acca-3d0e177e4d0a/353/569/90/False/iRXS-e-7fzumzrZdY8d_8Q.jpg,https://www.kobo.com/tw/zh/ebook/iRXS-e-7fzumzrZdY8d_8Q?sId=16320375711a4982fd599efcfba80b86
2025-06-10,赫曼．赫塞,德米安【獨家收錄詹姆斯・法蘭科專文導讀】：埃米爾．辛克萊年少時的故事（徬徨少年時）,210,9789864895403,https://cdn.kobo.com/book-images/ae0cd56f-8ec4-4e2d-bc97-29ea34073182/353/569/90/False/ib-jIoEV2Dqm0I1tAc6TWQ.jpg,https://www.kobo.com/tw/zh/ebook/ib-jIoEV2Dqm0I1tAc6TWQ?sId=16320375711a4982fd599efcfba80b86
2025-06-10,赫曼．赫塞,悉達多：一首印度的詩（流浪者之歌）,210,7384000000026,https://cdn.kobo.com/book-images/2ebd8c79-acb7-430a-abd8-3998815f26dd/353/569/90/False/5P5w8osOvzauH183YElyCw.jpg,https://www.kobo.com/tw/zh/audiobook/5P5w8osOvzauH183YElyCw?sId=16320375711a4982fd599efcfba80b86
2025-06-10,赫曼．赫塞,荒野之狼（首度德文直譯本）,245,3090000005737,https://cdn.kobo.com/book-images/449cd682-c515-465f-b6f3-c5b59e8310e3/353/569/90/False/VFQPtyjUrTGJSlcoqoICxg.jpg,https://www.kobo.com/tw/zh/ebook/VFQPtyjUrTGJSlcoqoICxg?sId=16320375711a4982fd599efcfba80b86
2025-06-10,赫曼．赫塞,赫曼赫塞童話故事集,250,3119864773930,https://cdn.kobo.com/book-images/5f4ae374-cda4-4a0c-a27f-58f4eb5939e0/353/569/90/False/fUpsq8DF8Tq5Lguv3pHWuQ.jpg,https://www.kobo.com/tw/zh/ebook/fUpsq8DF8Tq5Lguv3pHWuQ?sId=16320375711a4982fd599efcfba80b86
2025-06-10,赫曼．赫塞,鄉愁（德文直譯本）,196,3090000006527,https://cdn.kobo.com/book-images/567c8c31-ebf2-4ffb-a5b1-7e294bb27479/353/569/90/False/By8ilup3JjmH2kf5ty2N8g.jpg,https://www.kobo.com/tw/zh/ebook/By8ilup3JjmH2kf5ty2N8g?sId=e6b6b70b6c267464bfafc223c462fd60
2025-06-10,赫曼．赫塞,德米安：彷徨少年時,228,7289867101822,https://cdn.kobo.com/book-images/897fa0c7-1c7f-4005-9de8-784febd6e287/353/569/90/False/ZNYK-tlfkD-IZy3hlnFJAw.jpg,https://www.kobo.com/tw/zh/ebook/ZNYK-tlfkD-IZy3hlnFJAw?sId=e6b6b70b6c267464bfafc223c462fd60
2025-06-10,赫曼．赫塞,荒野之狼（德文新譯本）,294,3119864771400,https://cdn.kobo.com/book-images/c81844a1-3034-4867-a324-b6f0bd00c252/353/569/90/False/6g6wxeuiYjuWU71oa_5Mzg.jpg,https://www.kobo.com/tw/zh/ebook/6g6wxeuiYjuWU71oa_5Mzg?sId=e6b6b70b6c267464bfafc223c462fd60
2025-06-10,赫曼．赫塞,流浪者之歌,245,9786263744417,https://cdn.kobo.com/book-images/dbaffb64-2df7-46df-9836-4b43eb375d74/353/569/90/False/SSmAUWRnWD-200t2EoH_qQ.jpg,https://www.kobo.com/tw/zh/ebook/SSmAUWRnWD-200t2EoH_qQ?sId=e6b6b70b6c267464bfafc223c462fd60
2025-06-10,赫曼．赫塞,徬徨少年時,175,3090000000352,https://cdn.kobo.com/book-images/b98f888a-ae90-4674-8796-0c691b798c30/353/569/90/False/3cIVTFd3fz6t9pp0NaJsyA.jpg,https://www.kobo.com/tw/zh/ebook/3cIVTFd3fz6t9pp0NaJsyA?sId=e6b6b70b6c267464bfafc223c462fd60
2025-06-10,赫曼．赫塞,中學生好享讀：諾貝爾大師短篇小說選,225,6709863201113,https://cdn.kobo.com/book-images/f48eb899-1243-4d56-a687-e9d45c5de9ef/353/569/90/False/pnJCPVTatTGHkaHGe4iYMw.jpg,https://www.kobo.com/tw/zh/ebook/pnJCPVTatTGHkaHGe4iYMw?sId=e6b6b70b6c267464bfafc223c462fd60
2025-06-10,赫曼．赫塞,生命之歌,210,3090000000496,https://cdn.kobo.com/book-images/cab95401-af95-4f91-9d80-41eee92dade2/353/569/90/False/kfbDCDZ4SD6jxk-LU1ireg.jpg,https://www.kobo.com/tw/zh/ebook/kfbDCDZ4SD6jxk-LU1ireg?sId=e6b6b70b6c267464bfafc223c462fd60
2025-06-10,赫曼．赫塞,園圃之歌：諾貝爾文學獎大師赫曼．赫塞的自然哲思與手繪詩畫,266,9786269638079,https://cdn.kobo.com/book-images/f7453d28-8edd-4d0b-87ae-3f947835f381/353/569/90/False/jHi5IlslGTmTLqpPkwxScQ.jpg,https://www.kobo.com/tw/zh/ebook/jHi5IlslGTmTLqpPkwxScQ?sId=e6b6b70b6c267464bfafc223c462fd60
2025-06-10,赫曼．赫塞,荒野之狼,315,9786263966987,https://cdn.kobo.com/book-images/3bb495e7-b3a7-490f-be56-c4e3d0755850/353/569/90/False/8qvh-uvBNjeQ5sV5LtVHdw.jpg,https://www.kobo.com/tw/zh/ebook/8qvh-uvBNjeQ5sV5LtVHdw?sId=e6b6b70b6c267464bfafc223c462fd60
2025-06-10,赫曼．赫塞,流浪者之歌【感動解讀版】,400,9786269936137,https://cdn.kobo.com/book-images/921c4663-8c49-4f8f-a61f-e24755dbae11/353/569/90/False/JNfPTDEjDz-tAMfp3Egokg.jpg,https://www.kobo.com/tw/zh/ebook/JNfPTDEjDz-tAMfp3Egokg?sId=e6b6b70b6c267464bfafc223c462fd60
2025-06-10,赫曼．赫塞,悠遊之歌（三版）,175,9789864023936,https://cdn.kobo.com/book-images/e52679bc-171d-45f8-bf8a-8a159a9891ed/353/569/90/False/UHZLCrSJATqst2fZDCkzBA.jpg,https://www.kobo.com/tw/zh/ebook/UHZLCrSJATqst2fZDCkzBA?sId=e6b6b70b6c267464bfafc223c462fd60
2025-06-11,卡繆,異鄉人（卡繆版書衣）,154,3119861735450,https://cdn.kobo.com/book-images/24099253-90bc-4d80-8825-f6300e8b806f/353/569/90/False/gb2hSkF1KDGjqz18oam2aA.jpg,https://www.kobo.com/tw/zh/ebook/gb2hSkF1KDGjqz18oam2aA?sId=1309a02b1a73d2eeae4fa10aec3e0f03
2025-06-11,卡繆,瘟疫,210,9789861785516,https://cdn.kobo.com/book-images/8d4f032e-dd57-4b50-a7d8-07f8e494bce5/353/569/90/False/sQ5ce_0gtz-yiFpE7SxWag.jpg,https://www.kobo.com/tw/zh/ebook/sQ5ce_0gtz-yiFpE7SxWag?sId=1309a02b1a73d2eeae4fa10aec3e0f03
2025-06-11,卡繆,卡里古拉【1957年諾貝爾文學獎得主描摹荒謬的經典代表作,210,9786267118108,https://cdn.kobo.com/book-images/228a6362-9e74-450c-806f-26d0291b0115/353/569/90/False/bUv8_ShWSDyzoufG54r66g.jpg,https://www.kobo.com/tw/zh/ebook/bUv8_ShWSDyzoufG54r66g?sId=1309a02b1a73d2eeae4fa10aec3e0f03
2025-06-11,卡繆,異鄉人（2020全新名家譯本，再現卡繆字句推敲的原義）,175,3150000000617,https://cdn.kobo.com/book-images/883f0dcf-e5f7-4dfe-b300-8d725a8da70d/353/569/90/False/0GQk9bH6VzyLV0Q9Faysow.jpg,https://www.kobo.com/tw/zh/ebook/0GQk9bH6VzyLV0Q9Faysow?sId=1309a02b1a73d2eeae4fa10aec3e0f03
2025-06-11,卡繆,薛西弗斯的神話：卡繆的荒謬哲學,230,3120000000285,https://cdn.kobo.com/book-images/8cfb868b-d1ce-428f-9dc1-8a7b0724f790/353/569/90/False/dz7TJXld6DK-tFChkyuNug.jpg,https://www.kobo.com/tw/zh/ebook/dz7TJXld6DK-tFChkyuNug?sId=1309a02b1a73d2eeae4fa10aec3e0f03
2025-06-11,卡繆,薛西弗斯的神話,210,3150000000396,https://cdn.kobo.com/book-images/71d8cd60-c407-4367-bced-a36718fcf86f/353/569/90/False/t0r8j-Ym4jee3YDu96AA1w.jpg,https://www.kobo.com/tw/zh/ebook/t0r8j-Ym4jee3YDu96AA1w?sId=1309a02b1a73d2eeae4fa10aec3e0f03
2025-06-11,卡繆,鼠疫,210,3119861737522,https://cdn.kobo.com/book-images/56a09ae8-dac7-4eb0-9dde-b427a5a1aacb/353/569/90/False/tGTtah0cyzKVQIXzpZ7NTQ.jpg,https://www.kobo.com/tw/zh/ebook/tGTtah0cyzKVQIXzpZ7NTQ?sId=1309a02b1a73d2eeae4fa10aec3e0f03
2025-06-11,卡繆,卡繆荒謬與反抗系列作品全集套書：荒謬系列四部曲《異鄉人》《薛西弗斯的神話》《卡里古拉》《誤會》＋反抗系列三部曲《瘟疫》《反抗者》《正義者》【全新法文名家直譯，首次完整出版，親炙完整的卡繆荒謬哲學】,1519,3150000000694,https://cdn.kobo.com/book-images/76f16f12-492e-4435-b792-e97bba1721d5/353/569/90/False/Kx45Q5lYKTqv_nEYbdwV2A.jpg,https://www.kobo.com/tw/zh/ebook/Kx45Q5lYKTqv_nEYbdwV2A?sId=1309a02b1a73d2eeae4fa10aec3e0f03
2025-06-11,卡繆,卡繆反抗三部曲套書：《瘟疫》＋《反抗者》＋《正義者》【全新法文名家直譯，首次完整出版，親炙完整的卡繆反抗思想】,728,3150000000687,https://cdn.kobo.com/book-images/9f980967-d3c1-4ac0-9f8c-f8e0ccbbcc60/353/569/90/False/B1m2jKOONjKjTMVkT5k1NQ.jpg,https://www.kobo.com/tw/zh/ebook/B1m2jKOONjKjTMVkT5k1NQ?sId=1309a02b1a73d2eeae4fa10aec3e0f03
2025-06-11,卡繆,正義者（首次出版，法文直譯名家譯本，卡繆展現對正義與反抗的考驗）,196,9789860777161,https://cdn.kobo.com/book-images/9291fc65-996d-4a27-83f4-a141c345d8cb/353/569/90/False/QQT3HgwFsT2xefv4IRMF9w.jpg,https://www.kobo.com/tw/zh/ebook/QQT3HgwFsT2xefv4IRMF9w?sId=1309a02b1a73d2eeae4fa10aec3e0f03
2025-06-11,卡繆,薛西弗斯的神話：點燃希望的哲學頌歌，法國七星文庫權威譯本【傅雷翻譯獎典藏版】,266,9786267596456,https://cdn.kobo.com/book-images/6ccfbf88-73ae-4691-b256-38387994ae56/353/569/90/False/7fFjSyTP9zKPTx3GcPFpfw.jpg,https://www.kobo.com/tw/zh/ebook/7fFjSyTP9zKPTx3GcPFpfw?sId=1309a02b1a73d2eeae4fa10aec3e0f03
2025-06-11,卡繆,誤會【1957年諾貝爾文學獎得主面對自我放逐之旅的核心之作】,196,9786267118139,https://cdn.kobo.com/book-images/f35af051-fd52-4e22-a2df-d19abd3abf6e/353/569/90/False/XznH9zQdijG-RQoi9MTYng.jpg,https://www.kobo.com/tw/zh/ebook/XznH9zQdijG-RQoi9MTYng?sId=1309a02b1a73d2eeae4fa10aec3e0f03
2025-06-11,卡繆,鼠疫【全新名家譯本】（特別收錄哲學解析〈一部存在主義小說的後現代閱讀〉）,266,9789864895434,https://cdn.kobo.com/book-images/f4d068a2-498d-4817-97dd-d7492dc32b10/353/569/90/False/K9cd87y5oDGaSXDvYBOiAg.jpg,https://www.kobo.com/tw/zh/ebook/K9cd87y5oDGaSXDvYBOiAg?sId=83c8da0e671821f50ed3fb1a2b958cda
2025-06-11,卡繆,異鄉人（卡繆經典暢銷作․中文版有聲書首度上市）,220,9789863449263,https://cdn.kobo.com/book-images/a910e55d-8df0-43d3-8ef2-df7dc21d51ba/353/569/90/False/t1OO6Q03qjuX0wfMsaUVPg.jpg,https://www.kobo.com/tw/zh/audiobook/t1OO6Q03qjuX0wfMsaUVPg?sId=83c8da0e671821f50ed3fb1a2b958cda
2025-06-11,卡繆,異鄉人【獨家收錄沙特評論・2022全新名家譯本】,196,9789864896073,https://cdn.kobo.com/book-images/a71e071c-2ddd-47b0-ba0d-0ad67a3261c3/353/569/90/False/VQ2InesBOjKI-Xv96viLqA.jpg,https://www.kobo.com/tw/zh/ebook/VQ2InesBOjKI-Xv96viLqA?sId=83c8da0e671821f50ed3fb1a2b958cda
2025-06-11,卡繆,快樂的死,175,3120000000639,https://cdn.kobo.com/book-images/57e8ecec-6b0d-4586-882a-1f7699f9b494/353/569/90/False/gnS7T3tgLTS1t3eLSRBEeA.jpg,https://www.kobo.com/tw/zh/ebook/gnS7T3tgLTS1t3eLSRBEeA?sId=83c8da0e671821f50ed3fb1a2b958cda
2025-06-11,卡繆,瘟疫（2021最新名家譯本，卡繆對疫情下被禁錮人心的鼓舞）,266,9789860777192,https://cdn.kobo.com/book-images/9618975f-d9f0-47af-bd43-571387f8a06a/353/569/90/False/wJ6ORaWSDj60GIzsDTf9Zg.jpg,https://www.kobo.com/tw/zh/ebook/wJ6ORaWSDj60GIzsDTf9Zg?sId=83c8da0e671821f50ed3fb1a2b958cda
2025-06-11,卡繆,異鄉人,210,3039571384641,https://cdn.kobo.com/book-images/81e2cbee-7fb1-445c-8a9a-54f11683b376/353/569/90/False/wUn6RJK3RjCYH8YflJqYFw.jpg,https://www.kobo.com/tw/zh/ebook/wUn6RJK3RjCYH8YflJqYFw?sId=83c8da0e671821f50ed3fb1a2b958cda
2025-06-11,卡繆,反抗者（新版）,266,3150000000392,https://cdn.kobo.com/book-images/0169f08d-1636-4fe9-865e-ac9323facfa7/353/569/90/False/dnhkQv1woTKBLngzg4RbMg.jpg,https://www.kobo.com/tw/zh/ebook/dnhkQv1woTKBLngzg4RbMg?sId=83c8da0e671821f50ed3fb1a2b958cda
2025-06-11,卡繆,卡繆荒謬系列四部曲套書：《異鄉人》＋《薛西弗斯的神話》＋《卡里古拉》＋《誤會》【全新法文名家直譯，首次完整出版，親炙完整的卡繆荒謬哲學】,791,3150000000693,https://cdn.kobo.com/book-images/462128f0-194c-4f37-91e4-c9cdfbe0d7b2/353/569/90/False/iBMVIqmTtjmYjH2oJl_r8A.jpg,https://www.kobo.com/tw/zh/ebook/iBMVIqmTtjmYjH2oJl_r8A?sId=83c8da0e671821f50ed3fb1a2b958cda
2025-06-11,卡繆,鼠疫（卡繆經典暢銷作․中文版有聲書首度上市）,300,9789863449270,https://cdn.kobo.com/book-images/ba766fe2-65df-4d69-83bc-798bf2340c10/353/569/90/False/AMe0qKS-yzinEfp_ItutUg.jpg,https://www.kobo.com/tw/zh/audiobook/AMe0qKS-yzinEfp_ItutUg?sId=83c8da0e671821f50ed3fb1a2b958cda
2025-06-11,卡繆,異鄉人：最值得珍藏的名家譯本,224,3119864778287,https://cdn.kobo.com/book-images/59186bf1-d059-4aeb-afcb-36b164712ef7/353/569/90/False/XRU3eRrUUD6pvlI4liPZbg.jpg,https://www.kobo.com/tw/zh/ebook/XRU3eRrUUD6pvlI4liPZbg?sId=83c8da0e671821f50ed3fb1a2b958cda
2025-06-11,卡繆,放逐與王國,210,9789863874133,https://cdn.kobo.com/book-images/5f1ba02d-68c9-4aa5-85ab-824c904439e9/353/569/90/False/RVGALpaZsjaTbCo1SdZXqw.jpg,https://www.kobo.com/tw/zh/ebook/RVGALpaZsjaTbCo1SdZXqw?sId=83c8da0e671821f50ed3fb1a2b958cda
2025-06-11,卡繆,第一人：《異鄉人》存在主義大師的最後遺作！沒讀過《第一人》，就無法了解真正的卡繆！,360,7435000003050,https://cdn.kobo.com/book-images/1000dae4-0e54-4613-994a-2ca68f225aaf/353/569/90/False/mBrCwjCDbT-OmxW_MxQCPg.jpg,https://www.kobo.com/tw/zh/audiobook/mBrCwjCDbT-OmxW_MxQCPg?sId=83c8da0e671821f50ed3fb1a2b958cda
2025-06-11,卡繆,墮落,182,9789861787558,https://cdn.kobo.com/book-images/023f55c5-13cf-4e65-aaa2-e1d0eebea177/353/569/90/False/ie-dvcJKuTWxECoQpt7ptg.jpg,https://www.kobo.com/tw/zh/ebook/ie-dvcJKuTWxECoQpt7ptg?sId=8dcb84aa63223a955f8ab7c5442c22e2
2025-06-11,卡繆,放逐與王國：卡繆短篇小說,260,9789865482541,https://cdn.kobo.com/book-images/033f901a-cea5-456e-9a5c-534f67c7dd33/353/569/90/False/SmaLhyIaRTOPTVVkw9jskg.jpg,https://www.kobo.com/tw/zh/ebook/SmaLhyIaRTOPTVVkw9jskg?sId=8dcb84aa63223a955f8ab7c5442c22e2
2025-06-11,卡繆,異鄉人,170,6849862272770,https://cdn.kobo.com/book-images/2f2b24f2-6a61-4ae2-a409-29c8eb0bc992/353/569/90/False/GYi3emouATurt5CEXNGY7A.jpg,https://www.kobo.com/tw/zh/ebook/GYi3emouATurt5CEXNGY7A?sId=8dcb84aa63223a955f8ab7c5442c22e2
2025-06-11,卡繆,瘟疫（名家經典新譯）,228,9789865482473,https://cdn.kobo.com/book-images/edbaf1b0-60cf-4781-90e1-dcb3d6358348/353/569/90/False/XSi3S6nkVz2SFyXwXYLq1g.jpg,https://www.kobo.com/tw/zh/ebook/XSi3S6nkVz2SFyXwXYLq1g?sId=8dcb84aa63223a955f8ab7c5442c22e2
2025-06-11,卡繆,異鄉人：荒謬三部曲，首部,210,7384000000024,https://cdn.kobo.com/book-images/12dc1249-e584-452a-a159-54be7be82c4d/353/569/90/False/MDkYBsM0cTm5Kq9j-44S0A.jpg,https://www.kobo.com/tw/zh/audiobook/MDkYBsM0cTm5Kq9j-44S0A?sId=8dcb84aa63223a955f8ab7c5442c22e2
2025-06-11,簡媜,女兒紅,196,9789863874096,https://cdn.kobo.com/book-images/73163054-0990-4413-b92d-a3d20f20ebaa/353/569/90/False/DBqadeV-gT-bmmVuqDItJg.jpg,https://www.kobo.com/tw/zh/ebook/DBqadeV-gT-bmmVuqDItJg?sId=b70c56fd4795bd6aa6338ff43ab81cec
2025-06-11,簡媜,十種寂寞,252,7390863873877,https://cdn.kobo.com/book-images/137d5050-a414-4644-a453-8236a3c7338c/353/569/90/False/SS3f6q_OmzG6ixjEoQQSBw.jpg,https://www.kobo.com/tw/zh/ebook/SS3f6q_OmzG6ixjEoQQSBw?sId=b70c56fd4795bd6aa6338ff43ab81cec
2025-06-11,簡媜,我為你灑下月光,336,7390863872337,https://cdn.kobo.com/book-images/8d8c685d-f3c5-4e43-a07c-4a7a91f5ad22/353/569/90/False/RBqeU8INXTCG7D8npjR0bw.jpg,https://www.kobo.com/tw/zh/ebook/RBqeU8INXTCG7D8npjR0bw?sId=b70c56fd4795bd6aa6338ff43ab81cec
2025-06-11,簡媜,陪我散步吧(增訂版),322,9789863878230,https://cdn.kobo.com/book-images/cbf936fb-e579-4f5e-889b-2d092f39c84e/353/569/90/False/5BeIP1SRfTC97-lqaxlVkQ.jpg,https://www.kobo.com/tw/zh/ebook/5BeIP1SRfTC97-lqaxlVkQ?sId=b70c56fd4795bd6aa6338ff43ab81cec
2025-06-11,簡媜,誰在銀閃閃的地方，等你（增訂版）,392,9789863876021,https://cdn.kobo.com/book-images/18d8f7d3-ad8d-4473-b1b7-aba2ada08383/353/569/90/False/tyYjDkeqiza61CrkeCJu7w.jpg,https://www.kobo.com/tw/zh/ebook/tyYjDkeqiza61CrkeCJu7w?sId=b70c56fd4795bd6aa6338ff43ab81cec
2025-06-11,簡媜,夢遊書,196,9789863874546,https://cdn.kobo.com/book-images/df1c79f2-8ad2-4ed8-9f37-293c81359dd8/353/569/90/False/p_nX7y-6_D6gGQiQ7O__sw.jpg,https://www.kobo.com/tw/zh/ebook/p_nX7y-6_D6gGQiQ7O__sw?sId=b70c56fd4795bd6aa6338ff43ab81cec
2025-06-11,簡媜,吃朋友,245,7390866631382,https://cdn.kobo.com/book-images/03cd221a-bef1-420d-96fa-a1ff5f2ec5f8/353/569/90/False/5xrS1tW6YT6YFfX6xajasQ.jpg,https://www.kobo.com/tw/zh/ebook/5xrS1tW6YT6YFfX6xajasQ?sId=b70c56fd4795bd6aa6338ff43ab81cec
2025-06-11,簡媜,老師的十二樣見面禮,224,7390866873232,https://cdn.kobo.com/book-images/912cffcc-12b7-4881-820d-605be5c0f456/353/569/90/False/Opeot0Gw9zeKOcdaOXIiCg.jpg,https://www.kobo.com/tw/zh/ebook/Opeot0Gw9zeKOcdaOXIiCg?sId=b70c56fd4795bd6aa6338ff43ab81cec
2025-06-11,簡媜,胭脂盆地,196,9789863874553,https://cdn.kobo.com/book-images/0ce65bd8-31e7-48ec-b6c2-f3b4da8f4cb7/353/569/90/False/_jcUd4QT3T6w0ZguwcDvlg.jpg,https://www.kobo.com/tw/zh/ebook/_jcUd4QT3T6w0ZguwcDvlg?sId=b70c56fd4795bd6aa6338ff43ab81cec
2025-06-11,簡媜,紅嬰仔：一個女人和她的育嬰史,252,7390863873068,https://cdn.kobo.com/book-images/4c769dfc-5feb-45bb-bad9-d22ff6fe4425/353/569/90/False/3-XKV53DSzqry1rJm_LJEA.jpg,https://www.kobo.com/tw/zh/ebook/3-XKV53DSzqry1rJm_LJEA?sId=b70c56fd4795bd6aa6338ff43ab81cec
2025-06-11,簡媜,天涯海角──福爾摩沙抒情誌,245,7390863873471,https://cdn.kobo.com/book-images/af00ba7f-99c1-44ae-b3d3-81c4e6e37430/353/569/90/False/y2QggT-GWz28HjuY_ABx1w.jpg,https://www.kobo.com/tw/zh/ebook/y2QggT-GWz28HjuY_ABx1w?sId=b70c56fd4795bd6aa6338ff43ab81cec
2025-06-11,簡媜,老師的十二樣見面禮（增訂版）,329,9789863876236,https://cdn.kobo.com/book-images/5ddd0b2a-a9d1-403d-92c3-60f91baba3c6/353/569/90/False/7r6In9z6kTuCg3twvvZA2g.jpg,https://www.kobo.com/tw/zh/ebook/7r6In9z6kTuCg3twvvZA2g?sId=b70c56fd4795bd6aa6338ff43ab81cec
2025-06-11,簡媜,微暈的樹林,210,9789863875857,https://cdn.kobo.com/book-images/df67a2d3-dab3-4ea6-bdd2-0f0e2b62a151/353/569/90/False/lRjcIazDljKdQZof57Hd9A.jpg,https://www.kobo.com/tw/zh/ebook/lRjcIazDljKdQZof57Hd9A?sId=f9ee1d6428120794bc42b40f76e0df41
2025-06-11,簡媜,一個人漫遊，古典森林,315,9789863877745,https://cdn.kobo.com/book-images/0c528bc8-18ea-46e3-acf0-f4c80125be95/353/569/90/False/Yyl9S4wUuDu8rltsfwH3UQ.jpg,https://www.kobo.com/tw/zh/ebook/Yyl9S4wUuDu8rltsfwH3UQ?sId=f9ee1d6428120794bc42b40f76e0df41
2025-06-11,簡媜,旅人之歌——神遊山水詩,210,9789863877516,https://cdn.kobo.com/book-images/ba7b0973-6125-415b-91a8-f4910ba8f09b/353/569/90/False/BEgyL0ETLzSJLhvVE5yKmQ.jpg,https://www.kobo.com/tw/zh/ebook/BEgyL0ETLzSJLhvVE5yKmQ?sId=f9ee1d6428120794bc42b40f76e0df41
2025-06-11,簡媜,與歲月同等心跳,210,9789863877479,https://cdn.kobo.com/book-images/5dc05880-531e-4ce8-9a89-99be05f5d02b/353/569/90/False/1Cgc_XKbQj6NkWrPuaKd2g.jpg,https://www.kobo.com/tw/zh/ebook/1Cgc_XKbQj6NkWrPuaKd2g?sId=f9ee1d6428120794bc42b40f76e0df41
2025-06-11,簡媜,下午茶,160,9789863876946,https://cdn.kobo.com/book-images/84781262-e7bd-4d10-a3c7-d19910fafa73/353/569/90/False/5iBW0pa_Wj2IztG5D0yKyw.jpg,https://www.kobo.com/tw/zh/ebook/5iBW0pa_Wj2IztG5D0yKyw?sId=f9ee1d6428120794bc42b40f76e0df41
2025-06-11,簡媜,只緣身在此山中,224,9789863874911,https://cdn.kobo.com/book-images/a21ea0b7-2449-4d16-b4db-1aa18c1993f3/353/569/90/False/JR_gAXmObD6EROWQrNPmjw.jpg,https://www.kobo.com/tw/zh/ebook/JR_gAXmObD6EROWQrNPmjw?sId=f9ee1d6428120794bc42b40f76e0df41
2025-06-11,簡媜,好一座浮島,210,9789863875666,https://cdn.kobo.com/book-images/dcfdfd36-7d3d-4201-89ab-681303731c15/353/569/90/False/tR63QOkIkjSZNYP1XN8qJQ.jpg,https://www.kobo.com/tw/zh/ebook/tR63QOkIkjSZNYP1XN8qJQ?sId=f9ee1d6428120794bc42b40f76e0df41
2025-06-11,簡媜,舊情復燃,220,9789863876380,https://cdn.kobo.com/book-images/97241a9a-8187-4195-a573-9a921c04b9cc/353/569/90/False/wieReZ4jqT2vpPAPLsLmkA.jpg,https://www.kobo.com/tw/zh/ebook/wieReZ4jqT2vpPAPLsLmkA?sId=f9ee1d6428120794bc42b40f76e0df41
2025-06-11,簡媜,密密語,280,9789863876953,https://cdn.kobo.com/book-images/76e8fe19-e84d-4b62-9707-03393a023486/353/569/90/False/mMg1YwJL9TemPTAVwHZbvw.jpg,https://www.kobo.com/tw/zh/ebook/mMg1YwJL9TemPTAVwHZbvw?sId=f9ee1d6428120794bc42b40f76e0df41
2025-06-11,簡媜,月娘照眠牀,220,9789863875314,https://cdn.kobo.com/book-images/1dc984df-000f-4cfb-86bf-d71ead052b02/353/569/90/False/yifYBw_kEz-sjWx9O6wmTg.jpg,https://www.kobo.com/tw/zh/ebook/yifYBw_kEz-sjWx9O6wmTg?sId=f9ee1d6428120794bc42b40f76e0df41
2025-06-11,赫曼．赫塞,流浪者之歌／悉達多,252,9786267095010,https://cdn.kobo.com/book-images/3f321736-62ab-46cb-ae65-dabe29f7eea4/353/569/90/False/BZkTJbpWnTWsH4_ozeT9vA.jpg,https://www.kobo.com/tw/zh/ebook/BZkTJbpWnTWsH4_ozeT9vA?sId=90c7ee0b347f64b07a945d2856f06fe4
2025-06-11,赫曼．赫塞,德米安：徬徨少年時 (告別徬徨，堅定地做你自己。全新無刪減完整譯本，慕尼黑大學圖書館愛藏版),245,3069869881963,https://cdn.kobo.com/book-images/a809baf5-4e7d-43c9-96e5-7d69fa248b50/353/569/90/False/6fn5ArUqVjSw56cshygW_Q.jpg,https://www.kobo.com/tw/zh/ebook/6fn5ArUqVjSw56cshygW_Q?sId=90c7ee0b347f64b07a945d2856f06fe4
2025-06-11,赫曼．赫塞,德米安：埃米爾．辛克萊年少時的故事（徬徨少年時）,210,7384000000027,https://cdn.kobo.com/book-images/e921900f-2bfe-42d8-8547-198c1b3b42b1/353/569/90/False/pO0YjhmJajyGRrdkzlKsnA.jpg,https://www.kobo.com/tw/zh/audiobook/pO0YjhmJajyGRrdkzlKsnA?sId=90c7ee0b347f64b07a945d2856f06fe4
2025-06-11,赫曼．赫塞,徬徨少年時（德文直譯本）,196,3090000030292,https://cdn.kobo.com/book-images/0eb8b492-c683-4d13-8a2e-40fd1872ced9/353/569/90/False/p9r2phjlUzO8q-gEc3Ysmg.jpg,https://www.kobo.com/tw/zh/ebook/p9r2phjlUzO8q-gEc3Ysmg?sId=90c7ee0b347f64b07a945d2856f06fe4
2025-06-11,赫曼．赫塞,流浪者之歌（首度德文直譯本）,210,3090000000515,https://cdn.kobo.com/book-images/f601d38b-894e-436d-852c-e48f41d06a75/353/569/90/False/uWrynH7_LjCJaQT5rWrZjg.jpg,https://www.kobo.com/tw/zh/ebook/uWrynH7_LjCJaQT5rWrZjg?sId=90c7ee0b347f64b07a945d2856f06fe4
2025-06-11,赫曼．赫塞,悉達多【獨家收錄保羅．科爾賀專文導讀、林懷民繆思分享】：一首印度的詩（流浪者之歌）,196,9789864895397,https://cdn.kobo.com/book-images/827cfb45-6d4c-43cb-866a-eb45ca8c20c7/353/569/90/False/8X4BYN4ZszavG3vs7B0Jdg.jpg,https://www.kobo.com/tw/zh/ebook/8X4BYN4ZszavG3vs7B0Jdg?sId=90c7ee0b347f64b07a945d2856f06fe4
2025-06-11,赫曼．赫塞,在書中發現自己的靈魂：慢讀赫塞,250,3128000000104,https://cdn.kobo.com/book-images/5139dd71-3f40-4bbf-aaa6-752447892743/353/569/90/False/mj-jE6bxOTazX9ad0uwE7g.jpg,https://www.kobo.com/tw/zh/ebook/mj-jE6bxOTazX9ad0uwE7g?sId=90c7ee0b347f64b07a945d2856f06fe4
2025-06-11,赫曼．赫塞,車輪下（首度德文直譯本）,210,3090000000590,https://cdn.kobo.com/book-images/40dde703-286a-487c-acca-3d0e177e4d0a/353/569/90/False/iRXS-e-7fzumzrZdY8d_8Q.jpg,https://www.kobo.com/tw/zh/ebook/iRXS-e-7fzumzrZdY8d_8Q?sId=90c7ee0b347f64b07a945d2856f06fe4
2025-06-11,赫曼．赫塞,悉達多：一首印度的詩（流浪者之歌）,210,7384000000026,https://cdn.kobo.com/book-images/2ebd8c79-acb7-430a-abd8-3998815f26dd/353/569/90/False/5P5w8osOvzauH183YElyCw.jpg,https://www.kobo.com/tw/zh/audiobook/5P5w8osOvzauH183YElyCw?sId=90c7ee0b347f64b07a945d2856f06fe4
2025-06-11,赫曼．赫塞,荒野之狼（首度德文直譯本）,245,3090000005737,https://cdn.kobo.com/book-images/449cd682-c515-465f-b6f3-c5b59e8310e3/353/569/90/False/VFQPtyjUrTGJSlcoqoICxg.jpg,https://www.kobo.com/tw/zh/ebook/VFQPtyjUrTGJSlcoqoICxg?sId=90c7ee0b347f64b07a945d2856f06fe4
2025-06-11,赫曼．赫塞,赫曼赫塞童話故事集,250,3119864773930,https://cdn.kobo.com/book-images/5f4ae374-cda4-4a0c-a27f-58f4eb5939e0/353/569/90/False/fUpsq8DF8Tq5Lguv3pHWuQ.jpg,https://www.kobo.com/tw/zh/ebook/fUpsq8DF8Tq5Lguv3pHWuQ?sId=90c7ee0b347f64b07a945d2856f06fe4
2025-06-11,赫曼．赫塞,鄉愁（德文直譯本）,196,3090000006527,https://cdn.kobo.com/book-images/567c8c31-ebf2-4ffb-a5b1-7e294bb27479/353/569/90/False/By8ilup3JjmH2kf5ty2N8g.jpg,https://www.kobo.com/tw/zh/ebook/By8ilup3JjmH2kf5ty2N8g?sId=90c7ee0b347f64b07a945d2856f06fe4
2025-06-11,赫曼．赫塞,德米安【獨家收錄詹姆斯・法蘭科專文導讀】：埃米爾．辛克萊年少時的故事（徬徨少年時）,210,9789864895403,https://cdn.kobo.com/book-images/ae0cd56f-8ec4-4e2d-bc97-29ea34073182/353/569/90/False/ib-jIoEV2Dqm0I1tAc6TWQ.jpg,https://www.kobo.com/tw/zh/ebook/ib-jIoEV2Dqm0I1tAc6TWQ?sId=be04ae2a8e8829c42df4ca945233228e
2025-06-11,赫曼．赫塞,德米安：彷徨少年時,228,7289867101822,https://cdn.kobo.com/book-images/897fa0c7-1c7f-4005-9de8-784febd6e287/353/569/90/False/ZNYK-tlfkD-IZy3hlnFJAw.jpg,https://www.kobo.com/tw/zh/ebook/ZNYK-tlfkD-IZy3hlnFJAw?sId=be04ae2a8e8829c42df4ca945233228e
2025-06-11,赫曼．赫塞,荒野之狼（德文新譯本）,294,3119864771400,https://cdn.kobo.com/book-images/c81844a1-3034-4867-a324-b6f0bd00c252/353/569/90/False/6g6wxeuiYjuWU71oa_5Mzg.jpg,https://www.kobo.com/tw/zh/ebook/6g6wxeuiYjuWU71oa_5Mzg?sId=be04ae2a8e8829c42df4ca945233228e
2025-06-11,赫曼．赫塞,流浪者之歌,245,9786263744417,https://cdn.kobo.com/book-images/dbaffb64-2df7-46df-9836-4b43eb375d74/353/569/90/False/SSmAUWRnWD-200t2EoH_qQ.jpg,https://www.kobo.com/tw/zh/ebook/SSmAUWRnWD-200t2EoH_qQ?sId=be04ae2a8e8829c42df4ca945233228e
2025-06-11,赫曼．赫塞,徬徨少年時,175,3090000000352,https://cdn.kobo.com/book-images/b98f888a-ae90-4674-8796-0c691b798c30/353/569/90/False/3cIVTFd3fz6t9pp0NaJsyA.jpg,https://www.kobo.com/tw/zh/ebook/3cIVTFd3fz6t9pp0NaJsyA?sId=be04ae2a8e8829c42df4ca945233228e
2025-06-11,赫曼．赫塞,中學生好享讀：諾貝爾大師短篇小說選,225,6709863201113,https://cdn.kobo.com/book-images/f48eb899-1243-4d56-a687-e9d45c5de9ef/353/569/90/False/pnJCPVTatTGHkaHGe4iYMw.jpg,https://www.kobo.com/tw/zh/ebook/pnJCPVTatTGHkaHGe4iYMw?sId=be04ae2a8e8829c42df4ca945233228e
2025-06-11,赫曼．赫塞,生命之歌,210,3090000000496,https://cdn.kobo.com/book-images/cab95401-af95-4f91-9d80-41eee92dade2/353/569/90/False/kfbDCDZ4SD6jxk-LU1ireg.jpg,https://www.kobo.com/tw/zh/ebook/kfbDCDZ4SD6jxk-LU1ireg?sId=be04ae2a8e8829c42df4ca945233228e
2025-06-11,赫曼．赫塞,園圃之歌：諾貝爾文學獎大師赫曼．赫塞的自然哲思與手繪詩畫,266,9786269638079,https://cdn.kobo.com/book-images/f7453d28-8edd-4d0b-87ae-3f947835f381/353/569/90/False/jHi5IlslGTmTLqpPkwxScQ.jpg,https://www.kobo.com/tw/zh/ebook/jHi5IlslGTmTLqpPkwxScQ?sId=be04ae2a8e8829c42df4ca945233228e
2025-06-11,赫曼．赫塞,荒野之狼,315,9786263966987,https://cdn.kobo.com/book-images/3bb495e7-b3a7-490f-be56-c4e3d0755850/353/569/90/False/8qvh-uvBNjeQ5sV5LtVHdw.jpg,https://www.kobo.com/tw/zh/ebook/8qvh-uvBNjeQ5sV5LtVHdw?sId=be04ae2a8e8829c42df4ca945233228e
2025-06-11,赫曼．赫塞,流浪者之歌【感動解讀版】,400,9786269936137,https://cdn.kobo.com/book-images/921c4663-8c49-4f8f-a61f-e24755dbae11/353/569/90/False/JNfPTDEjDz-tAMfp3Egokg.jpg,https://www.kobo.com/tw/zh/ebook/JNfPTDEjDz-tAMfp3Egokg?sId=be04ae2a8e8829c42df4ca945233228e
2025-06-11,赫曼．赫塞,悠遊之歌（三版）,175,9789864023936,https://cdn.kobo.com/book-images/e52679bc-171d-45f8-bf8a-8a159a9891ed/353/569/90/False/UHZLCrSJATqst2fZDCkzBA.jpg,https://www.kobo.com/tw/zh/ebook/UHZLCrSJATqst2fZDCkzBA?sId=be04ae2a8e8829c42df4ca945233228e
2025-06-12,卡繆,異鄉人（卡繆版書衣）,154,3119861735450,https://cdn.kobo.com/book-images/24099253-90bc-4d80-8825-f6300e8b806f/353/569/90/False/gb2hSkF1KDGjqz18oam2aA.jpg,https://www.kobo.com/tw/zh/ebook/gb2hSkF1KDGjqz18oam2aA?sId=edb79e766b92c0beeaab8db127f5a490
2025-06-12,卡繆,異鄉人（2020全新名家譯本，再現卡繆字句推敲的原義）,175,3150000000617,https://cdn.kobo.com/book-images/883f0dcf-e5f7-4dfe-b300-8d725a8da70d/353/569/90/False/0GQk9bH6VzyLV0Q9Faysow.jpg,https://www.kobo.com/tw/zh/ebook/0GQk9bH6VzyLV0Q9Faysow?sId=edb79e766b92c0beeaab8db127f5a490
2025-06-12,卡繆,瘟疫,210,9789861785516,https://cdn.kobo.com/book-images/8d4f032e-dd57-4b50-a7d8-07f8e494bce5/353/569/90/False/sQ5ce_0gtz-yiFpE7SxWag.jpg,https://www.kobo.com/tw/zh/ebook/sQ5ce_0gtz-yiFpE7SxWag?sId=edb79e766b92c0beeaab8db127f5a490
2025-06-12,卡繆,卡里古拉【1957年諾貝爾文學獎得主描摹荒謬的經典代表作,210,9786267118108,https://cdn.kobo.com/book-images/228a6362-9e74-450c-806f-26d0291b0115/353/569/90/False/bUv8_ShWSDyzoufG54r66g.jpg,https://www.kobo.com/tw/zh/ebook/bUv8_ShWSDyzoufG54r66g?sId=edb79e766b92c0beeaab8db127f5a490
2025-06-12,卡繆,異鄉人（卡繆經典暢銷作․中文版有聲書首度上市）,220,9789863449263,https://cdn.kobo.com/book-images/a910e55d-8df0-43d3-8ef2-df7dc21d51ba/353/569/90/False/t1OO6Q03qjuX0wfMsaUVPg.jpg,https://www.kobo.com/tw/zh/audiobook/t1OO6Q03qjuX0wfMsaUVPg?sId=edb79e766b92c0beeaab8db127f5a490
2025-06-12,卡繆,卡繆荒謬與反抗系列作品全集套書：荒謬系列四部曲《異鄉人》《薛西弗斯的神話》《卡里古拉》《誤會》＋反抗系列三部曲《瘟疫》《反抗者》《正義者》【全新法文名家直譯，首次完整出版，親炙完整的卡繆荒謬哲學】,1519,3150000000694,https://cdn.kobo.com/book-images/76f16f12-492e-4435-b792-e97bba1721d5/353/569/90/False/Kx45Q5lYKTqv_nEYbdwV2A.jpg,https://www.kobo.com/tw/zh/ebook/Kx45Q5lYKTqv_nEYbdwV2A?sId=edb79e766b92c0beeaab8db127f5a490
2025-06-12,卡繆,薛西弗斯的神話：卡繆的荒謬哲學,230,3120000000285,https://cdn.kobo.com/book-images/8cfb868b-d1ce-428f-9dc1-8a7b0724f790/353/569/90/False/dz7TJXld6DK-tFChkyuNug.jpg,https://www.kobo.com/tw/zh/ebook/dz7TJXld6DK-tFChkyuNug?sId=edb79e766b92c0beeaab8db127f5a490
2025-06-12,卡繆,薛西弗斯的神話,210,3150000000396,https://cdn.kobo.com/book-images/71d8cd60-c407-4367-bced-a36718fcf86f/353/569/90/False/t0r8j-Ym4jee3YDu96AA1w.jpg,https://www.kobo.com/tw/zh/ebook/t0r8j-Ym4jee3YDu96AA1w?sId=edb79e766b92c0beeaab8db127f5a490
2025-06-12,卡繆,卡繆反抗三部曲套書：《瘟疫》＋《反抗者》＋《正義者》【全新法文名家直譯，首次完整出版，親炙完整的卡繆反抗思想】,728,3150000000687,https://cdn.kobo.com/book-images/9f980967-d3c1-4ac0-9f8c-f8e0ccbbcc60/353/569/90/False/B1m2jKOONjKjTMVkT5k1NQ.jpg,https://www.kobo.com/tw/zh/ebook/B1m2jKOONjKjTMVkT5k1NQ?sId=edb79e766b92c0beeaab8db127f5a490
2025-06-12,卡繆,正義者（首次出版，法文直譯名家譯本，卡繆展現對正義與反抗的考驗）,196,9789860777161,https://cdn.kobo.com/book-images/9291fc65-996d-4a27-83f4-a141c345d8cb/353/569/90/False/QQT3HgwFsT2xefv4IRMF9w.jpg,https://www.kobo.com/tw/zh/ebook/QQT3HgwFsT2xefv4IRMF9w?sId=edb79e766b92c0beeaab8db127f5a490
2025-06-12,卡繆,快樂的死,175,3120000000639,https://cdn.kobo.com/book-images/57e8ecec-6b0d-4586-882a-1f7699f9b494/353/569/90/False/gnS7T3tgLTS1t3eLSRBEeA.jpg,https://www.kobo.com/tw/zh/ebook/gnS7T3tgLTS1t3eLSRBEeA?sId=edb79e766b92c0beeaab8db127f5a490
2025-06-12,卡繆,鼠疫,210,3119861737522,https://cdn.kobo.com/book-images/56a09ae8-dac7-4eb0-9dde-b427a5a1aacb/353/569/90/False/tGTtah0cyzKVQIXzpZ7NTQ.jpg,https://www.kobo.com/tw/zh/ebook/tGTtah0cyzKVQIXzpZ7NTQ?sId=edb79e766b92c0beeaab8db127f5a490
2025-06-12,卡繆,誤會【1957年諾貝爾文學獎得主面對自我放逐之旅的核心之作】,196,9786267118139,https://cdn.kobo.com/book-images/f35af051-fd52-4e22-a2df-d19abd3abf6e/353/569/90/False/XznH9zQdijG-RQoi9MTYng.jpg,https://www.kobo.com/tw/zh/ebook/XznH9zQdijG-RQoi9MTYng?sId=cb51d11b0e5b7b097288dab06674ae47
2025-06-12,卡繆,鼠疫【全新名家譯本】（特別收錄哲學解析〈一部存在主義小說的後現代閱讀〉）,266,9789864895434,https://cdn.kobo.com/book-images/f4d068a2-498d-4817-97dd-d7492dc32b10/353/569/90/False/K9cd87y5oDGaSXDvYBOiAg.jpg,https://www.kobo.com/tw/zh/ebook/K9cd87y5oDGaSXDvYBOiAg?sId=cb51d11b0e5b7b097288dab06674ae47
2025-06-12,卡繆,異鄉人【獨家收錄沙特評論・2022全新名家譯本】,196,9789864896073,https://cdn.kobo.com/book-images/a71e071c-2ddd-47b0-ba0d-0ad67a3261c3/353/569/90/False/VQ2InesBOjKI-Xv96viLqA.jpg,https://www.kobo.com/tw/zh/ebook/VQ2InesBOjKI-Xv96viLqA?sId=cb51d11b0e5b7b097288dab06674ae47
2025-06-12,卡繆,瘟疫（2021最新名家譯本，卡繆對疫情下被禁錮人心的鼓舞）,266,9789860777192,https://cdn.kobo.com/book-images/9618975f-d9f0-47af-bd43-571387f8a06a/353/569/90/False/wJ6ORaWSDj60GIzsDTf9Zg.jpg,https://www.kobo.com/tw/zh/ebook/wJ6ORaWSDj60GIzsDTf9Zg?sId=cb51d11b0e5b7b097288dab06674ae47
2025-06-12,卡繆,異鄉人,210,3039571384641,https://cdn.kobo.com/book-images/81e2cbee-7fb1-445c-8a9a-54f11683b376/353/569/90/False/wUn6RJK3RjCYH8YflJqYFw.jpg,https://www.kobo.com/tw/zh/ebook/wUn6RJK3RjCYH8YflJqYFw?sId=cb51d11b0e5b7b097288dab06674ae47
2025-06-12,卡繆,反抗者（新版）,266,3150000000392,https://cdn.kobo.com/book-images/0169f08d-1636-4fe9-865e-ac9323facfa7/353/569/90/False/dnhkQv1woTKBLngzg4RbMg.jpg,https://www.kobo.com/tw/zh/ebook/dnhkQv1woTKBLngzg4RbMg?sId=cb51d11b0e5b7b097288dab06674ae47
2025-06-12,卡繆,卡繆荒謬系列四部曲套書：《異鄉人》＋《薛西弗斯的神話》＋《卡里古拉》＋《誤會》【全新法文名家直譯，首次完整出版，親炙完整的卡繆荒謬哲學】,791,3150000000693,https://cdn.kobo.com/book-images/462128f0-194c-4f37-91e4-c9cdfbe0d7b2/353/569/90/False/iBMVIqmTtjmYjH2oJl_r8A.jpg,https://www.kobo.com/tw/zh/ebook/iBMVIqmTtjmYjH2oJl_r8A?sId=cb51d11b0e5b7b097288dab06674ae47
2025-06-12,卡繆,鼠疫（卡繆經典暢銷作․中文版有聲書首度上市）,300,9789863449270,https://cdn.kobo.com/book-images/ba766fe2-65df-4d69-83bc-798bf2340c10/353/569/90/False/AMe0qKS-yzinEfp_ItutUg.jpg,https://www.kobo.com/tw/zh/audiobook/AMe0qKS-yzinEfp_ItutUg?sId=cb51d11b0e5b7b097288dab06674ae47
2025-06-12,卡繆,異鄉人：最值得珍藏的名家譯本,224,3119864778287,https://cdn.kobo.com/book-images/59186bf1-d059-4aeb-afcb-36b164712ef7/353/569/90/False/XRU3eRrUUD6pvlI4liPZbg.jpg,https://www.kobo.com/tw/zh/ebook/XRU3eRrUUD6pvlI4liPZbg?sId=cb51d11b0e5b7b097288dab06674ae47
2025-06-12,卡繆,薛西弗斯的神話：點燃希望的哲學頌歌，法國七星文庫權威譯本【傅雷翻譯獎典藏版】,266,9786267596456,https://cdn.kobo.com/book-images/6ccfbf88-73ae-4691-b256-38387994ae56/353/569/90/False/7fFjSyTP9zKPTx3GcPFpfw.jpg,https://www.kobo.com/tw/zh/ebook/7fFjSyTP9zKPTx3GcPFpfw?sId=cb51d11b0e5b7b097288dab06674ae47
2025-06-12,卡繆,放逐與王國,210,9789863874133,https://cdn.kobo.com/book-images/5f1ba02d-68c9-4aa5-85ab-824c904439e9/353/569/90/False/RVGALpaZsjaTbCo1SdZXqw.jpg,https://www.kobo.com/tw/zh/ebook/RVGALpaZsjaTbCo1SdZXqw?sId=cb51d11b0e5b7b097288dab06674ae47
2025-06-12,卡繆,第一人：《異鄉人》存在主義大師的最後遺作！沒讀過《第一人》，就無法了解真正的卡繆！,360,7435000003050,https://cdn.kobo.com/book-images/1000dae4-0e54-4613-994a-2ca68f225aaf/353/569/90/False/mBrCwjCDbT-OmxW_MxQCPg.jpg,https://www.kobo.com/tw/zh/audiobook/mBrCwjCDbT-OmxW_MxQCPg?sId=cb51d11b0e5b7b097288dab06674ae47
2025-06-12,卡繆,墮落,182,9789861787558,https://cdn.kobo.com/book-images/023f55c5-13cf-4e65-aaa2-e1d0eebea177/353/569/90/False/ie-dvcJKuTWxECoQpt7ptg.jpg,https://www.kobo.com/tw/zh/ebook/ie-dvcJKuTWxECoQpt7ptg?sId=355df2318c0311f7282cd9b0ed67897a
2025-06-12,卡繆,放逐與王國：卡繆短篇小說,260,9789865482541,https://cdn.kobo.com/book-images/033f901a-cea5-456e-9a5c-534f67c7dd33/353/569/90/False/SmaLhyIaRTOPTVVkw9jskg.jpg,https://www.kobo.com/tw/zh/ebook/SmaLhyIaRTOPTVVkw9jskg?sId=355df2318c0311f7282cd9b0ed67897a
2025-06-12,卡繆,異鄉人,170,6849862272770,https://cdn.kobo.com/book-images/2f2b24f2-6a61-4ae2-a409-29c8eb0bc992/353/569/90/False/GYi3emouATurt5CEXNGY7A.jpg,https://www.kobo.com/tw/zh/ebook/GYi3emouATurt5CEXNGY7A?sId=355df2318c0311f7282cd9b0ed67897a
2025-06-12,卡繆,瘟疫（名家經典新譯）,228,9789865482473,https://cdn.kobo.com/book-images/edbaf1b0-60cf-4781-90e1-dcb3d6358348/353/569/90/False/XSi3S6nkVz2SFyXwXYLq1g.jpg,https://www.kobo.com/tw/zh/ebook/XSi3S6nkVz2SFyXwXYLq1g?sId=355df2318c0311f7282cd9b0ed67897a
2025-06-12,卡繆,異鄉人：荒謬三部曲，首部,210,7384000000024,https://cdn.kobo.com/book-images/12dc1249-e584-452a-a159-54be7be82c4d/353/569/90/False/MDkYBsM0cTm5Kq9j-44S0A.jpg,https://www.kobo.com/tw/zh/audiobook/MDkYBsM0cTm5Kq9j-44S0A?sId=355df2318c0311f7282cd9b0ed67897a
2025-06-12,簡媜,女兒紅,196,9789863874096,https://cdn.kobo.com/book-images/73163054-0990-4413-b92d-a3d20f20ebaa/353/569/90/False/DBqadeV-gT-bmmVuqDItJg.jpg,https://www.kobo.com/tw/zh/ebook/DBqadeV-gT-bmmVuqDItJg?sId=ac1bee6a0d51f8b404925bd018a31143
2025-06-12,簡媜,十種寂寞,252,7390863873877,https://cdn.kobo.com/book-images/137d5050-a414-4644-a453-8236a3c7338c/353/569/90/False/SS3f6q_OmzG6ixjEoQQSBw.jpg,https://www.kobo.com/tw/zh/ebook/SS3f6q_OmzG6ixjEoQQSBw?sId=ac1bee6a0d51f8b404925bd018a31143
2025-06-12,簡媜,我為你灑下月光,336,7390863872337,https://cdn.kobo.com/book-images/8d8c685d-f3c5-4e43-a07c-4a7a91f5ad22/353/569/90/False/RBqeU8INXTCG7D8npjR0bw.jpg,https://www.kobo.com/tw/zh/ebook/RBqeU8INXTCG7D8npjR0bw?sId=ac1bee6a0d51f8b404925bd018a31143
2025-06-12,簡媜,誰在銀閃閃的地方，等你（增訂版）,392,9789863876021,https://cdn.kobo.com/book-images/18d8f7d3-ad8d-4473-b1b7-aba2ada08383/353/569/90/False/tyYjDkeqiza61CrkeCJu7w.jpg,https://www.kobo.com/tw/zh/ebook/tyYjDkeqiza61CrkeCJu7w?sId=ac1bee6a0d51f8b404925bd018a31143
2025-06-12,簡媜,夢遊書,196,9789863874546,https://cdn.kobo.com/book-images/df1c79f2-8ad2-4ed8-9f37-293c81359dd8/353/569/90/False/p_nX7y-6_D6gGQiQ7O__sw.jpg,https://www.kobo.com/tw/zh/ebook/p_nX7y-6_D6gGQiQ7O__sw?sId=ac1bee6a0d51f8b404925bd018a31143
2025-06-12,簡媜,吃朋友,245,7390866631382,https://cdn.kobo.com/book-images/03cd221a-bef1-420d-96fa-a1ff5f2ec5f8/353/569/90/False/5xrS1tW6YT6YFfX6xajasQ.jpg,https://www.kobo.com/tw/zh/ebook/5xrS1tW6YT6YFfX6xajasQ?sId=ac1bee6a0d51f8b404925bd018a31143
2025-06-12,簡媜,老師的十二樣見面禮,224,7390866873232,https://cdn.kobo.com/book-images/912cffcc-12b7-4881-820d-605be5c0f456/353/569/90/False/Opeot0Gw9zeKOcdaOXIiCg.jpg,https://www.kobo.com/tw/zh/ebook/Opeot0Gw9zeKOcdaOXIiCg?sId=ac1bee6a0d51f8b404925bd018a31143
2025-06-12,簡媜,胭脂盆地,196,9789863874553,https://cdn.kobo.com/book-images/0ce65bd8-31e7-48ec-b6c2-f3b4da8f4cb7/353/569/90/False/_jcUd4QT3T6w0ZguwcDvlg.jpg,https://www.kobo.com/tw/zh/ebook/_jcUd4QT3T6w0ZguwcDvlg?sId=ac1bee6a0d51f8b404925bd018a31143
2025-06-12,簡媜,紅嬰仔：一個女人和她的育嬰史,252,7390863873068,https://cdn.kobo.com/book-images/4c769dfc-5feb-45bb-bad9-d22ff6fe4425/353/569/90/False/3-XKV53DSzqry1rJm_LJEA.jpg,https://www.kobo.com/tw/zh/ebook/3-XKV53DSzqry1rJm_LJEA?sId=ac1bee6a0d51f8b404925bd018a31143
2025-06-12,簡媜,天涯海角──福爾摩沙抒情誌,245,7390863873471,https://cdn.kobo.com/book-images/af00ba7f-99c1-44ae-b3d3-81c4e6e37430/353/569/90/False/y2QggT-GWz28HjuY_ABx1w.jpg,https://www.kobo.com/tw/zh/ebook/y2QggT-GWz28HjuY_ABx1w?sId=ac1bee6a0d51f8b404925bd018a31143
2025-06-12,簡媜,老師的十二樣見面禮（增訂版）,329,9789863876236,https://cdn.kobo.com/book-images/5ddd0b2a-a9d1-403d-92c3-60f91baba3c6/353/569/90/False/7r6In9z6kTuCg3twvvZA2g.jpg,https://www.kobo.com/tw/zh/ebook/7r6In9z6kTuCg3twvvZA2g?sId=ac1bee6a0d51f8b404925bd018a31143
2025-06-12,簡媜,微暈的樹林,210,9789863875857,https://cdn.kobo.com/book-images/df67a2d3-dab3-4ea6-bdd2-0f0e2b62a151/353/569/90/False/lRjcIazDljKdQZof57Hd9A.jpg,https://www.kobo.com/tw/zh/ebook/lRjcIazDljKdQZof57Hd9A?sId=ac1bee6a0d51f8b404925bd018a31143
2025-06-12,簡媜,一個人漫遊，古典森林,315,9789863877745,https://cdn.kobo.com/book-images/0c528bc8-18ea-46e3-acf0-f4c80125be95/353/569/90/False/Yyl9S4wUuDu8rltsfwH3UQ.jpg,https://www.kobo.com/tw/zh/ebook/Yyl9S4wUuDu8rltsfwH3UQ?sId=8d4566bdb59b346b67f7a19905e1155c
2025-06-12,簡媜,旅人之歌——神遊山水詩,210,9789863877516,https://cdn.kobo.com/book-images/ba7b0973-6125-415b-91a8-f4910ba8f09b/353/569/90/False/BEgyL0ETLzSJLhvVE5yKmQ.jpg,https://www.kobo.com/tw/zh/ebook/BEgyL0ETLzSJLhvVE5yKmQ?sId=8d4566bdb59b346b67f7a19905e1155c
2025-06-12,簡媜,與歲月同等心跳,210,9789863877479,https://cdn.kobo.com/book-images/5dc05880-531e-4ce8-9a89-99be05f5d02b/353/569/90/False/1Cgc_XKbQj6NkWrPuaKd2g.jpg,https://www.kobo.com/tw/zh/ebook/1Cgc_XKbQj6NkWrPuaKd2g?sId=8d4566bdb59b346b67f7a19905e1155c
2025-06-12,簡媜,下午茶,160,9789863876946,https://cdn.kobo.com/book-images/84781262-e7bd-4d10-a3c7-d19910fafa73/353/569/90/False/5iBW0pa_Wj2IztG5D0yKyw.jpg,https://www.kobo.com/tw/zh/ebook/5iBW0pa_Wj2IztG5D0yKyw?sId=8d4566bdb59b346b67f7a19905e1155c
2025-06-12,簡媜,只緣身在此山中,224,9789863874911,https://cdn.kobo.com/book-images/a21ea0b7-2449-4d16-b4db-1aa18c1993f3/353/569/90/False/JR_gAXmObD6EROWQrNPmjw.jpg,https://www.kobo.com/tw/zh/ebook/JR_gAXmObD6EROWQrNPmjw?sId=8d4566bdb59b346b67f7a19905e1155c
2025-06-12,簡媜,好一座浮島,210,9789863875666,https://cdn.kobo.com/book-images/dcfdfd36-7d3d-4201-89ab-681303731c15/353/569/90/False/tR63QOkIkjSZNYP1XN8qJQ.jpg,https://www.kobo.com/tw/zh/ebook/tR63QOkIkjSZNYP1XN8qJQ?sId=8d4566bdb59b346b67f7a19905e1155c
2025-06-12,簡媜,陪我散步吧(增訂版),322,9789863878230,https://cdn.kobo.com/book-images/cbf936fb-e579-4f5e-889b-2d092f39c84e/353/569/90/False/5BeIP1SRfTC97-lqaxlVkQ.jpg,https://www.kobo.com/tw/zh/ebook/5BeIP1SRfTC97-lqaxlVkQ?sId=8d4566bdb59b346b67f7a19905e1155c
2025-06-12,簡媜,舊情復燃,220,9789863876380,https://cdn.kobo.com/book-images/97241a9a-8187-4195-a573-9a921c04b9cc/353/569/90/False/wieReZ4jqT2vpPAPLsLmkA.jpg,https://www.kobo.com/tw/zh/ebook/wieReZ4jqT2vpPAPLsLmkA?sId=8d4566bdb59b346b67f7a19905e1155c
2025-06-12,簡媜,密密語,280,9789863876953,https://cdn.kobo.com/book-images/76e8fe19-e84d-4b62-9707-03393a023486/353/569/90/False/mMg1YwJL9TemPTAVwHZbvw.jpg,https://www.kobo.com/tw/zh/ebook/mMg1YwJL9TemPTAVwHZbvw?sId=8d4566bdb59b346b67f7a19905e1155c
2025-06-12,簡媜,月娘照眠牀,220,9789863875314,https://cdn.kobo.com/book-images/1dc984df-000f-4cfb-86bf-d71ead052b02/353/569/90/False/yifYBw_kEz-sjWx9O6wmTg.jpg,https://www.kobo.com/tw/zh/ebook/yifYBw_kEz-sjWx9O6wmTg?sId=8d4566bdb59b346b67f7a19905e1155c
2025-06-12,赫曼．赫塞,流浪者之歌（首度德文直譯本）,210,3090000000515,https://cdn.kobo.com/book-images/f601d38b-894e-436d-852c-e48f41d06a75/353/569/90/False/uWrynH7_LjCJaQT5rWrZjg.jpg,https://www.kobo.com/tw/zh/ebook/uWrynH7_LjCJaQT5rWrZjg?sId=ec05e4b2715dc79dd1b0b82800d15099
2025-06-12,赫曼．赫塞,德米安：徬徨少年時 (告別徬徨，堅定地做你自己。全新無刪減完整譯本，慕尼黑大學圖書館愛藏版),245,3069869881963,https://cdn.kobo.com/book-images/a809baf5-4e7d-43c9-96e5-7d69fa248b50/353/569/90/False/6fn5ArUqVjSw56cshygW_Q.jpg,https://www.kobo.com/tw/zh/ebook/6fn5ArUqVjSw56cshygW_Q?sId=ec05e4b2715dc79dd1b0b82800d15099
2025-06-12,赫曼．赫塞,流浪者之歌／悉達多,252,9786267095010,https://cdn.kobo.com/book-images/3f321736-62ab-46cb-ae65-dabe29f7eea4/353/569/90/False/BZkTJbpWnTWsH4_ozeT9vA.jpg,https://www.kobo.com/tw/zh/ebook/BZkTJbpWnTWsH4_ozeT9vA?sId=ec05e4b2715dc79dd1b0b82800d15099
2025-06-12,赫曼．赫塞,赫曼赫塞童話故事集,250,3119864773930,https://cdn.kobo.com/book-images/5f4ae374-cda4-4a0c-a27f-58f4eb5939e0/353/569/90/False/fUpsq8DF8Tq5Lguv3pHWuQ.jpg,https://www.kobo.com/tw/zh/ebook/fUpsq8DF8Tq5Lguv3pHWuQ?sId=ec05e4b2715dc79dd1b0b82800d15099
2025-06-12,赫曼．赫塞,鄉愁（德文直譯本）,196,3090000006527,https://cdn.kobo.com/book-images/567c8c31-ebf2-4ffb-a5b1-7e294bb27479/353/569/90/False/By8ilup3JjmH2kf5ty2N8g.jpg,https://www.kobo.com/tw/zh/ebook/By8ilup3JjmH2kf5ty2N8g?sId=ec05e4b2715dc79dd1b0b82800d15099
2025-06-12,赫曼．赫塞,悉達多【獨家收錄保羅．科爾賀專文導讀、林懷民繆思分享】：一首印度的詩（流浪者之歌）,196,9789864895397,https://cdn.kobo.com/book-images/827cfb45-6d4c-43cb-866a-eb45ca8c20c7/353/569/90/False/8X4BYN4ZszavG3vs7B0Jdg.jpg,https://www.kobo.com/tw/zh/ebook/8X4BYN4ZszavG3vs7B0Jdg?sId=ec05e4b2715dc79dd1b0b82800d15099
2025-06-12,赫曼．赫塞,德米安：埃米爾．辛克萊年少時的故事（徬徨少年時）,210,7384000000027,https://cdn.kobo.com/book-images/e921900f-2bfe-42d8-8547-198c1b3b42b1/353/569/90/False/pO0YjhmJajyGRrdkzlKsnA.jpg,https://www.kobo.com/tw/zh/audiobook/pO0YjhmJajyGRrdkzlKsnA?sId=ec05e4b2715dc79dd1b0b82800d15099
2025-06-12,赫曼．赫塞,徬徨少年時（德文直譯本）,196,3090000030292,https://cdn.kobo.com/book-images/0eb8b492-c683-4d13-8a2e-40fd1872ced9/353/569/90/False/p9r2phjlUzO8q-gEc3Ysmg.jpg,https://www.kobo.com/tw/zh/ebook/p9r2phjlUzO8q-gEc3Ysmg?sId=ec05e4b2715dc79dd1b0b82800d15099
2025-06-12,赫曼．赫塞,在書中發現自己的靈魂：慢讀赫塞,250,3128000000104,https://cdn.kobo.com/book-images/5139dd71-3f40-4bbf-aaa6-752447892743/353/569/90/False/mj-jE6bxOTazX9ad0uwE7g.jpg,https://www.kobo.com/tw/zh/ebook/mj-jE6bxOTazX9ad0uwE7g?sId=ec05e4b2715dc79dd1b0b82800d15099
2025-06-12,赫曼．赫塞,車輪下（首度德文直譯本）,210,3090000000590,https://cdn.kobo.com/book-images/40dde703-286a-487c-acca-3d0e177e4d0a/353/569/90/False/iRXS-e-7fzumzrZdY8d_8Q.jpg,https://www.kobo.com/tw/zh/ebook/iRXS-e-7fzumzrZdY8d_8Q?sId=ec05e4b2715dc79dd1b0b82800d15099
2025-06-12,赫曼．赫塞,悉達多：一首印度的詩（流浪者之歌）,210,7384000000026,https://cdn.kobo.com/book-images/2ebd8c79-acb7-430a-abd8-3998815f26dd/353/569/90/False/5P5w8osOvzauH183YElyCw.jpg,https://www.kobo.com/tw/zh/audiobook/5P5w8osOvzauH183YElyCw?sId=ec05e4b2715dc79dd1b0b82800d15099
2025-06-12,赫曼．赫塞,荒野之狼（首度德文直譯本）,245,3090000005737,https://cdn.kobo.com/book-images/449cd682-c515-465f-b6f3-c5b59e8310e3/353/569/90/False/VFQPtyjUrTGJSlcoqoICxg.jpg,https://www.kobo.com/tw/zh/ebook/VFQPtyjUrTGJSlcoqoICxg?sId=ec05e4b2715dc79dd1b0b82800d15099
2025-06-12,赫曼．赫塞,德米安【獨家收錄詹姆斯・法蘭科專文導讀】：埃米爾．辛克萊年少時的故事（徬徨少年時）,210,9789864895403,https://cdn.kobo.com/book-images/ae0cd56f-8ec4-4e2d-bc97-29ea34073182/353/569/90/False/ib-jIoEV2Dqm0I1tAc6TWQ.jpg,https://www.kobo.com/tw/zh/ebook/ib-jIoEV2Dqm0I1tAc6TWQ?sId=005784f2589eb1854c2c38feb0886626
2025-06-12,赫曼．赫塞,德米安：彷徨少年時,228,7289867101822,https://cdn.kobo.com/book-images/897fa0c7-1c7f-4005-9de8-784febd6e287/353/569/90/False/ZNYK-tlfkD-IZy3hlnFJAw.jpg,https://www.kobo.com/tw/zh/ebook/ZNYK-tlfkD-IZy3hlnFJAw?sId=005784f2589eb1854c2c38feb0886626
2025-06-12,赫曼．赫塞,荒野之狼（德文新譯本）,294,3119864771400,https://cdn.kobo.com/book-images/c81844a1-3034-4867-a324-b6f0bd00c252/353/569/90/False/6g6wxeuiYjuWU71oa_5Mzg.jpg,https://www.kobo.com/tw/zh/ebook/6g6wxeuiYjuWU71oa_5Mzg?sId=005784f2589eb1854c2c38feb0886626
2025-06-12,赫曼．赫塞,流浪者之歌,245,9786263744417,https://cdn.kobo.com/book-images/dbaffb64-2df7-46df-9836-4b43eb375d74/353/569/90/False/SSmAUWRnWD-200t2EoH_qQ.jpg,https://www.kobo.com/tw/zh/ebook/SSmAUWRnWD-200t2EoH_qQ?sId=005784f2589eb1854c2c38feb0886626
2025-06-12,赫曼．赫塞,徬徨少年時,175,3090000000352,https://cdn.kobo.com/book-images/b98f888a-ae90-4674-8796-0c691b798c30/353/569/90/False/3cIVTFd3fz6t9pp0NaJsyA.jpg,https://www.kobo.com/tw/zh/ebook/3cIVTFd3fz6t9pp0NaJsyA?sId=005784f2589eb1854c2c38feb0886626
2025-06-12,赫曼．赫塞,中學生好享讀：諾貝爾大師短篇小說選,225,6709863201113,https://cdn.kobo.com/book-images/f48eb899-1243-4d56-a687-e9d45c5de9ef/353/569/90/False/pnJCPVTatTGHkaHGe4iYMw.jpg,https://www.kobo.com/tw/zh/ebook/pnJCPVTatTGHkaHGe4iYMw?sId=005784f2589eb1854c2c38feb0886626
2025-06-12,赫曼．赫塞,生命之歌,210,3090000000496,https://cdn.kobo.com/book-images/cab95401-af95-4f91-9d80-41eee92dade2/353/569/90/False/kfbDCDZ4SD6jxk-LU1ireg.jpg,https://www.kobo.com/tw/zh/ebook/kfbDCDZ4SD6jxk-LU1ireg?sId=005784f2589eb1854c2c38feb0886626
2025-06-12,赫曼．赫塞,園圃之歌：諾貝爾文學獎大師赫曼．赫塞的自然哲思與手繪詩畫,266,9786269638079,https://cdn.kobo.com/book-images/f7453d28-8edd-4d0b-87ae-3f947835f381/353/569/90/False/jHi5IlslGTmTLqpPkwxScQ.jpg,https://www.kobo.com/tw/zh/ebook/jHi5IlslGTmTLqpPkwxScQ?sId=005784f2589eb1854c2c38feb0886626
2025-06-12,赫曼．赫塞,荒野之狼,315,9786263966987,https://cdn.kobo.com/book-images/3bb495e7-b3a7-490f-be56-c4e3d0755850/353/569/90/False/8qvh-uvBNjeQ5sV5LtVHdw.jpg,https://www.kobo.com/tw/zh/ebook/8qvh-uvBNjeQ5sV5LtVHdw?sId=005784f2589eb1854c2c38feb0886626
2025-06-12,赫曼．赫塞,流浪者之歌【感動解讀版】,400,9786269936137,https://cdn.kobo.com/book-images/921c4663-8c49-4f8f-a61f-e24755dbae11/353/569/90/False/JNfPTDEjDz-tAMfp3Egokg.jpg,https://www.kobo.com/tw/zh/ebook/JNfPTDEjDz-tAMfp3Egokg?sId=005784f2589eb1854c2c38feb0886626
2025-06-12,赫曼．赫塞,悠遊之歌（三版）,175,9789864023936,https://cdn.kobo.com/book-images/e52679bc-171d-45f8-bf8a-8a159a9891ed/353/569/90/False/UHZLCrSJATqst2fZDCkzBA.jpg,https://www.kobo.com/tw/zh/ebook/UHZLCrSJATqst2fZDCkzBA?sId=005784f2589eb1854c2c38feb0886626
2025-06-13,卡繆,薛西弗斯的神話：點燃希望的哲學頌歌，法國七星文庫權威譯本【傅雷翻譯獎典藏版】,266,9786267596456,https://cdn.kobo.com/book-images/6ccfbf88-73ae-4691-b256-38387994ae56/353/569/90/False/7fFjSyTP9zKPTx3GcPFpfw.jpg,https://www.kobo.com/tw/zh/ebook/7fFjSyTP9zKPTx3GcPFpfw?sId=8318dd581dfea3673d9e9a1236cb0a14
2025-06-13,卡繆,異鄉人（2020全新名家譯本，再現卡繆字句推敲的原義）,175,3150000000617,https://cdn.kobo.com/book-images/883f0dcf-e5f7-4dfe-b300-8d725a8da70d/353/569/90/False/0GQk9bH6VzyLV0Q9Faysow.jpg,https://www.kobo.com/tw/zh/ebook/0GQk9bH6VzyLV0Q9Faysow?sId=8318dd581dfea3673d9e9a1236cb0a14
2025-06-13,卡繆,異鄉人（卡繆版書衣）,154,3119861735450,https://cdn.kobo.com/book-images/24099253-90bc-4d80-8825-f6300e8b806f/353/569/90/False/gb2hSkF1KDGjqz18oam2aA.jpg,https://www.kobo.com/tw/zh/ebook/gb2hSkF1KDGjqz18oam2aA?sId=8318dd581dfea3673d9e9a1236cb0a14
2025-06-13,卡繆,瘟疫,210,9789861785516,https://cdn.kobo.com/book-images/8d4f032e-dd57-4b50-a7d8-07f8e494bce5/353/569/90/False/sQ5ce_0gtz-yiFpE7SxWag.jpg,https://www.kobo.com/tw/zh/ebook/sQ5ce_0gtz-yiFpE7SxWag?sId=8318dd581dfea3673d9e9a1236cb0a14
2025-06-13,卡繆,卡繆荒謬與反抗系列作品全集套書：荒謬系列四部曲《異鄉人》《薛西弗斯的神話》《卡里古拉》《誤會》＋反抗系列三部曲《瘟疫》《反抗者》《正義者》【全新法文名家直譯，首次完整出版，親炙完整的卡繆荒謬哲學】,1519,3150000000694,https://cdn.kobo.com/book-images/76f16f12-492e-4435-b792-e97bba1721d5/353/569/90/False/Kx45Q5lYKTqv_nEYbdwV2A.jpg,https://www.kobo.com/tw/zh/ebook/Kx45Q5lYKTqv_nEYbdwV2A?sId=8318dd581dfea3673d9e9a1236cb0a14
2025-06-13,卡繆,快樂的死,175,3120000000639,https://cdn.kobo.com/book-images/57e8ecec-6b0d-4586-882a-1f7699f9b494/353/569/90/False/gnS7T3tgLTS1t3eLSRBEeA.jpg,https://www.kobo.com/tw/zh/ebook/gnS7T3tgLTS1t3eLSRBEeA?sId=8318dd581dfea3673d9e9a1236cb0a14
2025-06-13,卡繆,異鄉人（卡繆經典暢銷作․中文版有聲書首度上市）,220,9789863449263,https://cdn.kobo.com/book-images/a910e55d-8df0-43d3-8ef2-df7dc21d51ba/353/569/90/False/t1OO6Q03qjuX0wfMsaUVPg.jpg,https://www.kobo.com/tw/zh/audiobook/t1OO6Q03qjuX0wfMsaUVPg?sId=8318dd581dfea3673d9e9a1236cb0a14
2025-06-13,卡繆,卡里古拉【1957年諾貝爾文學獎得主描摹荒謬的經典代表作,210,9786267118108,https://cdn.kobo.com/book-images/228a6362-9e74-450c-806f-26d0291b0115/353/569/90/False/bUv8_ShWSDyzoufG54r66g.jpg,https://www.kobo.com/tw/zh/ebook/bUv8_ShWSDyzoufG54r66g?sId=8318dd581dfea3673d9e9a1236cb0a14
2025-06-13,卡繆,卡繆反抗三部曲套書：《瘟疫》＋《反抗者》＋《正義者》【全新法文名家直譯，首次完整出版，親炙完整的卡繆反抗思想】,728,3150000000687,https://cdn.kobo.com/book-images/9f980967-d3c1-4ac0-9f8c-f8e0ccbbcc60/353/569/90/False/B1m2jKOONjKjTMVkT5k1NQ.jpg,https://www.kobo.com/tw/zh/ebook/B1m2jKOONjKjTMVkT5k1NQ?sId=8318dd581dfea3673d9e9a1236cb0a14
2025-06-13,卡繆,正義者（首次出版，法文直譯名家譯本，卡繆展現對正義與反抗的考驗）,196,9789860777161,https://cdn.kobo.com/book-images/9291fc65-996d-4a27-83f4-a141c345d8cb/353/569/90/False/QQT3HgwFsT2xefv4IRMF9w.jpg,https://www.kobo.com/tw/zh/ebook/QQT3HgwFsT2xefv4IRMF9w?sId=8318dd581dfea3673d9e9a1236cb0a14
2025-06-13,卡繆,薛西弗斯的神話：卡繆的荒謬哲學,230,3120000000285,https://cdn.kobo.com/book-images/8cfb868b-d1ce-428f-9dc1-8a7b0724f790/353/569/90/False/dz7TJXld6DK-tFChkyuNug.jpg,https://www.kobo.com/tw/zh/ebook/dz7TJXld6DK-tFChkyuNug?sId=8318dd581dfea3673d9e9a1236cb0a14
2025-06-13,卡繆,薛西弗斯的神話,210,3150000000396,https://cdn.kobo.com/book-images/71d8cd60-c407-4367-bced-a36718fcf86f/353/569/90/False/t0r8j-Ym4jee3YDu96AA1w.jpg,https://www.kobo.com/tw/zh/ebook/t0r8j-Ym4jee3YDu96AA1w?sId=8318dd581dfea3673d9e9a1236cb0a14
2025-06-13,卡繆,誤會【1957年諾貝爾文學獎得主面對自我放逐之旅的核心之作】,196,9786267118139,https://cdn.kobo.com/book-images/f35af051-fd52-4e22-a2df-d19abd3abf6e/353/569/90/False/XznH9zQdijG-RQoi9MTYng.jpg,https://www.kobo.com/tw/zh/ebook/XznH9zQdijG-RQoi9MTYng?sId=743c6af3a787c66423932bf0cf5bac0d
2025-06-13,卡繆,鼠疫【全新名家譯本】（特別收錄哲學解析〈一部存在主義小說的後現代閱讀〉）,266,9789864895434,https://cdn.kobo.com/book-images/f4d068a2-498d-4817-97dd-d7492dc32b10/353/569/90/False/K9cd87y5oDGaSXDvYBOiAg.jpg,https://www.kobo.com/tw/zh/ebook/K9cd87y5oDGaSXDvYBOiAg?sId=743c6af3a787c66423932bf0cf5bac0d
2025-06-13,卡繆,異鄉人【獨家收錄沙特評論・2022全新名家譯本】,196,9789864896073,https://cdn.kobo.com/book-images/a71e071c-2ddd-47b0-ba0d-0ad67a3261c3/353/569/90/False/VQ2InesBOjKI-Xv96viLqA.jpg,https://www.kobo.com/tw/zh/ebook/VQ2InesBOjKI-Xv96viLqA?sId=743c6af3a787c66423932bf0cf5bac0d
2025-06-13,卡繆,鼠疫,210,3119861737522,https://cdn.kobo.com/book-images/56a09ae8-dac7-4eb0-9dde-b427a5a1aacb/353/569/90/False/tGTtah0cyzKVQIXzpZ7NTQ.jpg,https://www.kobo.com/tw/zh/ebook/tGTtah0cyzKVQIXzpZ7NTQ?sId=743c6af3a787c66423932bf0cf5bac0d
2025-06-13,卡繆,瘟疫（2021最新名家譯本，卡繆對疫情下被禁錮人心的鼓舞）,266,9789860777192,https://cdn.kobo.com/book-images/9618975f-d9f0-47af-bd43-571387f8a06a/353/569/90/False/wJ6ORaWSDj60GIzsDTf9Zg.jpg,https://www.kobo.com/tw/zh/ebook/wJ6ORaWSDj60GIzsDTf9Zg?sId=743c6af3a787c66423932bf0cf5bac0d
2025-06-13,卡繆,異鄉人,210,3039571384641,https://cdn.kobo.com/book-images/81e2cbee-7fb1-445c-8a9a-54f11683b376/353/569/90/False/wUn6RJK3RjCYH8YflJqYFw.jpg,https://www.kobo.com/tw/zh/ebook/wUn6RJK3RjCYH8YflJqYFw?sId=743c6af3a787c66423932bf0cf5bac0d
2025-06-13,卡繆,反抗者（新版）,266,3150000000392,https://cdn.kobo.com/book-images/0169f08d-1636-4fe9-865e-ac9323facfa7/353/569/90/False/dnhkQv1woTKBLngzg4RbMg.jpg,https://www.kobo.com/tw/zh/ebook/dnhkQv1woTKBLngzg4RbMg?sId=743c6af3a787c66423932bf0cf5bac0d
2025-06-13,卡繆,卡繆荒謬系列四部曲套書：《異鄉人》＋《薛西弗斯的神話》＋《卡里古拉》＋《誤會》【全新法文名家直譯，首次完整出版，親炙完整的卡繆荒謬哲學】,791,3150000000693,https://cdn.kobo.com/book-images/462128f0-194c-4f37-91e4-c9cdfbe0d7b2/353/569/90/False/iBMVIqmTtjmYjH2oJl_r8A.jpg,https://www.kobo.com/tw/zh/ebook/iBMVIqmTtjmYjH2oJl_r8A?sId=743c6af3a787c66423932bf0cf5bac0d
2025-06-13,卡繆,鼠疫（卡繆經典暢銷作․中文版有聲書首度上市）,300,9789863449270,https://cdn.kobo.com/book-images/ba766fe2-65df-4d69-83bc-798bf2340c10/353/569/90/False/AMe0qKS-yzinEfp_ItutUg.jpg,https://www.kobo.com/tw/zh/audiobook/AMe0qKS-yzinEfp_ItutUg?sId=743c6af3a787c66423932bf0cf5bac0d
2025-06-13,卡繆,異鄉人：最值得珍藏的名家譯本,224,3119864778287,https://cdn.kobo.com/book-images/59186bf1-d059-4aeb-afcb-36b164712ef7/353/569/90/False/XRU3eRrUUD6pvlI4liPZbg.jpg,https://www.kobo.com/tw/zh/ebook/XRU3eRrUUD6pvlI4liPZbg?sId=743c6af3a787c66423932bf0cf5bac0d
2025-06-13,卡繆,放逐與王國,210,9789863874133,https://cdn.kobo.com/book-images/5f1ba02d-68c9-4aa5-85ab-824c904439e9/353/569/90/False/RVGALpaZsjaTbCo1SdZXqw.jpg,https://www.kobo.com/tw/zh/ebook/RVGALpaZsjaTbCo1SdZXqw?sId=743c6af3a787c66423932bf0cf5bac0d
2025-06-13,卡繆,第一人：《異鄉人》存在主義大師的最後遺作！沒讀過《第一人》，就無法了解真正的卡繆！,360,7435000003050,https://cdn.kobo.com/book-images/1000dae4-0e54-4613-994a-2ca68f225aaf/353/569/90/False/mBrCwjCDbT-OmxW_MxQCPg.jpg,https://www.kobo.com/tw/zh/audiobook/mBrCwjCDbT-OmxW_MxQCPg?sId=743c6af3a787c66423932bf0cf5bac0d
2025-06-13,卡繆,墮落,182,9789861787558,https://cdn.kobo.com/book-images/023f55c5-13cf-4e65-aaa2-e1d0eebea177/353/569/90/False/ie-dvcJKuTWxECoQpt7ptg.jpg,https://www.kobo.com/tw/zh/ebook/ie-dvcJKuTWxECoQpt7ptg?sId=c5335a3c9596edc6eade93f81ba35473
2025-06-13,卡繆,放逐與王國：卡繆短篇小說,260,9789865482541,https://cdn.kobo.com/book-images/033f901a-cea5-456e-9a5c-534f67c7dd33/353/569/90/False/SmaLhyIaRTOPTVVkw9jskg.jpg,https://www.kobo.com/tw/zh/ebook/SmaLhyIaRTOPTVVkw9jskg?sId=c5335a3c9596edc6eade93f81ba35473
2025-06-13,卡繆,異鄉人,170,6849862272770,https://cdn.kobo.com/book-images/2f2b24f2-6a61-4ae2-a409-29c8eb0bc992/353/569/90/False/GYi3emouATurt5CEXNGY7A.jpg,https://www.kobo.com/tw/zh/ebook/GYi3emouATurt5CEXNGY7A?sId=c5335a3c9596edc6eade93f81ba35473
2025-06-13,卡繆,瘟疫（名家經典新譯）,228,9789865482473,https://cdn.kobo.com/book-images/edbaf1b0-60cf-4781-90e1-dcb3d6358348/353/569/90/False/XSi3S6nkVz2SFyXwXYLq1g.jpg,https://www.kobo.com/tw/zh/ebook/XSi3S6nkVz2SFyXwXYLq1g?sId=c5335a3c9596edc6eade93f81ba35473
2025-06-13,卡繆,異鄉人：荒謬三部曲，首部,210,7384000000024,https://cdn.kobo.com/book-images/12dc1249-e584-452a-a159-54be7be82c4d/353/569/90/False/MDkYBsM0cTm5Kq9j-44S0A.jpg,https://www.kobo.com/tw/zh/audiobook/MDkYBsM0cTm5Kq9j-44S0A?sId=c5335a3c9596edc6eade93f81ba35473
2025-06-13,簡媜,女兒紅,196,9789863874096,https://cdn.kobo.com/book-images/73163054-0990-4413-b92d-a3d20f20ebaa/353/569/90/False/DBqadeV-gT-bmmVuqDItJg.jpg,https://www.kobo.com/tw/zh/ebook/DBqadeV-gT-bmmVuqDItJg?sId=07350fd417bf656b2088acec882cb56b
2025-06-13,簡媜,十種寂寞,252,7390863873877,https://cdn.kobo.com/book-images/137d5050-a414-4644-a453-8236a3c7338c/353/569/90/False/SS3f6q_OmzG6ixjEoQQSBw.jpg,https://www.kobo.com/tw/zh/ebook/SS3f6q_OmzG6ixjEoQQSBw?sId=07350fd417bf656b2088acec882cb56b
2025-06-13,簡媜,我為你灑下月光,336,7390863872337,https://cdn.kobo.com/book-images/8d8c685d-f3c5-4e43-a07c-4a7a91f5ad22/353/569/90/False/RBqeU8INXTCG7D8npjR0bw.jpg,https://www.kobo.com/tw/zh/ebook/RBqeU8INXTCG7D8npjR0bw?sId=07350fd417bf656b2088acec882cb56b
2025-06-13,簡媜,誰在銀閃閃的地方，等你（增訂版）,392,9789863876021,https://cdn.kobo.com/book-images/18d8f7d3-ad8d-4473-b1b7-aba2ada08383/353/569/90/False/tyYjDkeqiza61CrkeCJu7w.jpg,https://www.kobo.com/tw/zh/ebook/tyYjDkeqiza61CrkeCJu7w?sId=07350fd417bf656b2088acec882cb56b
2025-06-13,簡媜,夢遊書,196,9789863874546,https://cdn.kobo.com/book-images/df1c79f2-8ad2-4ed8-9f37-293c81359dd8/353/569/90/False/p_nX7y-6_D6gGQiQ7O__sw.jpg,https://www.kobo.com/tw/zh/ebook/p_nX7y-6_D6gGQiQ7O__sw?sId=07350fd417bf656b2088acec882cb56b
2025-06-13,簡媜,吃朋友,245,7390866631382,https://cdn.kobo.com/book-images/03cd221a-bef1-420d-96fa-a1ff5f2ec5f8/353/569/90/False/5xrS1tW6YT6YFfX6xajasQ.jpg,https://www.kobo.com/tw/zh/ebook/5xrS1tW6YT6YFfX6xajasQ?sId=07350fd417bf656b2088acec882cb56b
2025-06-13,簡媜,老師的十二樣見面禮,224,7390866873232,https://cdn.kobo.com/book-images/912cffcc-12b7-4881-820d-605be5c0f456/353/569/90/False/Opeot0Gw9zeKOcdaOXIiCg.jpg,https://www.kobo.com/tw/zh/ebook/Opeot0Gw9zeKOcdaOXIiCg?sId=07350fd417bf656b2088acec882cb56b
2025-06-13,簡媜,胭脂盆地,196,9789863874553,https://cdn.kobo.com/book-images/0ce65bd8-31e7-48ec-b6c2-f3b4da8f4cb7/353/569/90/False/_jcUd4QT3T6w0ZguwcDvlg.jpg,https://www.kobo.com/tw/zh/ebook/_jcUd4QT3T6w0ZguwcDvlg?sId=07350fd417bf656b2088acec882cb56b
2025-06-13,簡媜,紅嬰仔：一個女人和她的育嬰史,252,7390863873068,https://cdn.kobo.com/book-images/4c769dfc-5feb-45bb-bad9-d22ff6fe4425/353/569/90/False/3-XKV53DSzqry1rJm_LJEA.jpg,https://www.kobo.com/tw/zh/ebook/3-XKV53DSzqry1rJm_LJEA?sId=07350fd417bf656b2088acec882cb56b
2025-06-13,簡媜,天涯海角──福爾摩沙抒情誌,245,7390863873471,https://cdn.kobo.com/book-images/af00ba7f-99c1-44ae-b3d3-81c4e6e37430/353/569/90/False/y2QggT-GWz28HjuY_ABx1w.jpg,https://www.kobo.com/tw/zh/ebook/y2QggT-GWz28HjuY_ABx1w?sId=07350fd417bf656b2088acec882cb56b
2025-06-13,簡媜,老師的十二樣見面禮（增訂版）,329,9789863876236,https://cdn.kobo.com/book-images/5ddd0b2a-a9d1-403d-92c3-60f91baba3c6/353/569/90/False/7r6In9z6kTuCg3twvvZA2g.jpg,https://www.kobo.com/tw/zh/ebook/7r6In9z6kTuCg3twvvZA2g?sId=07350fd417bf656b2088acec882cb56b
2025-06-13,簡媜,微暈的樹林,210,9789863875857,https://cdn.kobo.com/book-images/df67a2d3-dab3-4ea6-bdd2-0f0e2b62a151/353/569/90/False/lRjcIazDljKdQZof57Hd9A.jpg,https://www.kobo.com/tw/zh/ebook/lRjcIazDljKdQZof57Hd9A?sId=07350fd417bf656b2088acec882cb56b
2025-06-13,簡媜,一個人漫遊，古典森林,315,9789863877745,https://cdn.kobo.com/book-images/0c528bc8-18ea-46e3-acf0-f4c80125be95/353/569/90/False/Yyl9S4wUuDu8rltsfwH3UQ.jpg,https://www.kobo.com/tw/zh/ebook/Yyl9S4wUuDu8rltsfwH3UQ?sId=37dd6bf55ed91b4f2640c3fbca400729
2025-06-13,簡媜,旅人之歌——神遊山水詩,210,9789863877516,https://cdn.kobo.com/book-images/ba7b0973-6125-415b-91a8-f4910ba8f09b/353/569/90/False/BEgyL0ETLzSJLhvVE5yKmQ.jpg,https://www.kobo.com/tw/zh/ebook/BEgyL0ETLzSJLhvVE5yKmQ?sId=37dd6bf55ed91b4f2640c3fbca400729
2025-06-13,簡媜,與歲月同等心跳,210,9789863877479,https://cdn.kobo.com/book-images/5dc05880-531e-4ce8-9a89-99be05f5d02b/353/569/90/False/1Cgc_XKbQj6NkWrPuaKd2g.jpg,https://www.kobo.com/tw/zh/ebook/1Cgc_XKbQj6NkWrPuaKd2g?sId=37dd6bf55ed91b4f2640c3fbca400729
2025-06-13,簡媜,下午茶,160,9789863876946,https://cdn.kobo.com/book-images/84781262-e7bd-4d10-a3c7-d19910fafa73/353/569/90/False/5iBW0pa_Wj2IztG5D0yKyw.jpg,https://www.kobo.com/tw/zh/ebook/5iBW0pa_Wj2IztG5D0yKyw?sId=37dd6bf55ed91b4f2640c3fbca400729
2025-06-13,簡媜,只緣身在此山中,224,9789863874911,https://cdn.kobo.com/book-images/a21ea0b7-2449-4d16-b4db-1aa18c1993f3/353/569/90/False/JR_gAXmObD6EROWQrNPmjw.jpg,https://www.kobo.com/tw/zh/ebook/JR_gAXmObD6EROWQrNPmjw?sId=37dd6bf55ed91b4f2640c3fbca400729
2025-06-13,簡媜,好一座浮島,210,9789863875666,https://cdn.kobo.com/book-images/dcfdfd36-7d3d-4201-89ab-681303731c15/353/569/90/False/tR63QOkIkjSZNYP1XN8qJQ.jpg,https://www.kobo.com/tw/zh/ebook/tR63QOkIkjSZNYP1XN8qJQ?sId=37dd6bf55ed91b4f2640c3fbca400729
2025-06-13,簡媜,陪我散步吧(增訂版),322,9789863878230,https://cdn.kobo.com/book-images/cbf936fb-e579-4f5e-889b-2d092f39c84e/353/569/90/False/5BeIP1SRfTC97-lqaxlVkQ.jpg,https://www.kobo.com/tw/zh/ebook/5BeIP1SRfTC97-lqaxlVkQ?sId=37dd6bf55ed91b4f2640c3fbca400729
2025-06-13,簡媜,舊情復燃,220,9789863876380,https://cdn.kobo.com/book-images/97241a9a-8187-4195-a573-9a921c04b9cc/353/569/90/False/wieReZ4jqT2vpPAPLsLmkA.jpg,https://www.kobo.com/tw/zh/ebook/wieReZ4jqT2vpPAPLsLmkA?sId=37dd6bf55ed91b4f2640c3fbca400729
2025-06-13,簡媜,密密語,280,9789863876953,https://cdn.kobo.com/book-images/76e8fe19-e84d-4b62-9707-03393a023486/353/569/90/False/mMg1YwJL9TemPTAVwHZbvw.jpg,https://www.kobo.com/tw/zh/ebook/mMg1YwJL9TemPTAVwHZbvw?sId=37dd6bf55ed91b4f2640c3fbca400729
2025-06-13,簡媜,月娘照眠牀,220,9789863875314,https://cdn.kobo.com/book-images/1dc984df-000f-4cfb-86bf-d71ead052b02/353/569/90/False/yifYBw_kEz-sjWx9O6wmTg.jpg,https://www.kobo.com/tw/zh/ebook/yifYBw_kEz-sjWx9O6wmTg?sId=37dd6bf55ed91b4f2640c3fbca400729
2025-06-13,赫曼．赫塞,流浪者之歌／悉達多,252,9786267095010,https://cdn.kobo.com/book-images/3f321736-62ab-46cb-ae65-dabe29f7eea4/353/569/90/False/BZkTJbpWnTWsH4_ozeT9vA.jpg,https://www.kobo.com/tw/zh/ebook/BZkTJbpWnTWsH4_ozeT9vA?sId=98abbb5c93cbd949547300b338602373
2025-06-13,赫曼．赫塞,德米安：徬徨少年時 (告別徬徨，堅定地做你自己。全新無刪減完整譯本，慕尼黑大學圖書館愛藏版),245,3069869881963,https://cdn.kobo.com/book-images/a809baf5-4e7d-43c9-96e5-7d69fa248b50/353/569/90/False/6fn5ArUqVjSw56cshygW_Q.jpg,https://www.kobo.com/tw/zh/ebook/6fn5ArUqVjSw56cshygW_Q?sId=98abbb5c93cbd949547300b338602373
2025-06-13,赫曼．赫塞,流浪者之歌（首度德文直譯本）,210,3090000000515,https://cdn.kobo.com/book-images/f601d38b-894e-436d-852c-e48f41d06a75/353/569/90/False/uWrynH7_LjCJaQT5rWrZjg.jpg,https://www.kobo.com/tw/zh/ebook/uWrynH7_LjCJaQT5rWrZjg?sId=98abbb5c93cbd949547300b338602373
2025-06-13,赫曼．赫塞,赫曼赫塞童話故事集,250,3119864773930,https://cdn.kobo.com/book-images/5f4ae374-cda4-4a0c-a27f-58f4eb5939e0/353/569/90/False/fUpsq8DF8Tq5Lguv3pHWuQ.jpg,https://www.kobo.com/tw/zh/ebook/fUpsq8DF8Tq5Lguv3pHWuQ?sId=98abbb5c93cbd949547300b338602373
2025-06-13,赫曼．赫塞,鄉愁（德文直譯本）,196,3090000006527,https://cdn.kobo.com/book-images/567c8c31-ebf2-4ffb-a5b1-7e294bb27479/353/569/90/False/By8ilup3JjmH2kf5ty2N8g.jpg,https://www.kobo.com/tw/zh/ebook/By8ilup3JjmH2kf5ty2N8g?sId=98abbb5c93cbd949547300b338602373
2025-06-13,赫曼．赫塞,悉達多【獨家收錄保羅．科爾賀專文導讀、林懷民繆思分享】：一首印度的詩（流浪者之歌）,196,9789864895397,https://cdn.kobo.com/book-images/827cfb45-6d4c-43cb-866a-eb45ca8c20c7/353/569/90/False/8X4BYN4ZszavG3vs7B0Jdg.jpg,https://www.kobo.com/tw/zh/ebook/8X4BYN4ZszavG3vs7B0Jdg?sId=98abbb5c93cbd949547300b338602373
2025-06-13,赫曼．赫塞,德米安：埃米爾．辛克萊年少時的故事（徬徨少年時）,210,7384000000027,https://cdn.kobo.com/book-images/e921900f-2bfe-42d8-8547-198c1b3b42b1/353/569/90/False/pO0YjhmJajyGRrdkzlKsnA.jpg,https://www.kobo.com/tw/zh/audiobook/pO0YjhmJajyGRrdkzlKsnA?sId=98abbb5c93cbd949547300b338602373
2025-06-13,赫曼．赫塞,徬徨少年時（德文直譯本）,196,3090000030292,https://cdn.kobo.com/book-images/0eb8b492-c683-4d13-8a2e-40fd1872ced9/353/569/90/False/p9r2phjlUzO8q-gEc3Ysmg.jpg,https://www.kobo.com/tw/zh/ebook/p9r2phjlUzO8q-gEc3Ysmg?sId=98abbb5c93cbd949547300b338602373
2025-06-13,赫曼．赫塞,在書中發現自己的靈魂：慢讀赫塞,250,3128000000104,https://cdn.kobo.com/book-images/5139dd71-3f40-4bbf-aaa6-752447892743/353/569/90/False/mj-jE6bxOTazX9ad0uwE7g.jpg,https://www.kobo.com/tw/zh/ebook/mj-jE6bxOTazX9ad0uwE7g?sId=98abbb5c93cbd949547300b338602373
2025-06-13,赫曼．赫塞,車輪下（首度德文直譯本）,210,3090000000590,https://cdn.kobo.com/book-images/40dde703-286a-487c-acca-3d0e177e4d0a/353/569/90/False/iRXS-e-7fzumzrZdY8d_8Q.jpg,https://www.kobo.com/tw/zh/ebook/iRXS-e-7fzumzrZdY8d_8Q?sId=98abbb5c93cbd949547300b338602373
2025-06-13,赫曼．赫塞,悉達多：一首印度的詩（流浪者之歌）,210,7384000000026,https://cdn.kobo.com/book-images/2ebd8c79-acb7-430a-abd8-3998815f26dd/353/569/90/False/5P5w8osOvzauH183YElyCw.jpg,https://www.kobo.com/tw/zh/audiobook/5P5w8osOvzauH183YElyCw?sId=98abbb5c93cbd949547300b338602373
2025-06-13,赫曼．赫塞,荒野之狼（首度德文直譯本）,245,3090000005737,https://cdn.kobo.com/book-images/449cd682-c515-465f-b6f3-c5b59e8310e3/353/569/90/False/VFQPtyjUrTGJSlcoqoICxg.jpg,https://www.kobo.com/tw/zh/ebook/VFQPtyjUrTGJSlcoqoICxg?sId=98abbb5c93cbd949547300b338602373
2025-06-13,赫曼．赫塞,德米安【獨家收錄詹姆斯・法蘭科專文導讀】：埃米爾．辛克萊年少時的故事（徬徨少年時）,210,9789864895403,https://cdn.kobo.com/book-images/ae0cd56f-8ec4-4e2d-bc97-29ea34073182/353/569/90/False/ib-jIoEV2Dqm0I1tAc6TWQ.jpg,https://www.kobo.com/tw/zh/ebook/ib-jIoEV2Dqm0I1tAc6TWQ?sId=8684d8bc873fa23253b49270e38b3bcd
2025-06-13,赫曼．赫塞,德米安：彷徨少年時,228,7289867101822,https://cdn.kobo.com/book-images/897fa0c7-1c7f-4005-9de8-784febd6e287/353/569/90/False/ZNYK-tlfkD-IZy3hlnFJAw.jpg,https://www.kobo.com/tw/zh/ebook/ZNYK-tlfkD-IZy3hlnFJAw?sId=8684d8bc873fa23253b49270e38b3bcd
2025-06-13,赫曼．赫塞,荒野之狼（德文新譯本）,294,3119864771400,https://cdn.kobo.com/book-images/c81844a1-3034-4867-a324-b6f0bd00c252/353/569/90/False/6g6wxeuiYjuWU71oa_5Mzg.jpg,https://www.kobo.com/tw/zh/ebook/6g6wxeuiYjuWU71oa_5Mzg?sId=8684d8bc873fa23253b49270e38b3bcd
2025-06-13,赫曼．赫塞,流浪者之歌,245,9786263744417,https://cdn.kobo.com/book-images/dbaffb64-2df7-46df-9836-4b43eb375d74/353/569/90/False/SSmAUWRnWD-200t2EoH_qQ.jpg,https://www.kobo.com/tw/zh/ebook/SSmAUWRnWD-200t2EoH_qQ?sId=8684d8bc873fa23253b49270e38b3bcd
2025-06-13,赫曼．赫塞,徬徨少年時,175,3090000000352,https://cdn.kobo.com/book-images/b98f888a-ae90-4674-8796-0c691b798c30/353/569/90/False/3cIVTFd3fz6t9pp0NaJsyA.jpg,https://www.kobo.com/tw/zh/ebook/3cIVTFd3fz6t9pp0NaJsyA?sId=8684d8bc873fa23253b49270e38b3bcd
2025-06-13,赫曼．赫塞,中學生好享讀：諾貝爾大師短篇小說選,225,6709863201113,https://cdn.kobo.com/book-images/f48eb899-1243-4d56-a687-e9d45c5de9ef/353/569/90/False/pnJCPVTatTGHkaHGe4iYMw.jpg,https://www.kobo.com/tw/zh/ebook/pnJCPVTatTGHkaHGe4iYMw?sId=8684d8bc873fa23253b49270e38b3bcd
2025-06-13,赫曼．赫塞,生命之歌,210,3090000000496,https://cdn.kobo.com/book-images/cab95401-af95-4f91-9d80-41eee92dade2/353/569/90/False/kfbDCDZ4SD6jxk-LU1ireg.jpg,https://www.kobo.com/tw/zh/ebook/kfbDCDZ4SD6jxk-LU1ireg?sId=8684d8bc873fa23253b49270e38b3bcd
2025-06-13,赫曼．赫塞,園圃之歌：諾貝爾文學獎大師赫曼．赫塞的自然哲思與手繪詩畫,266,9786269638079,https://cdn.kobo.com/book-images/f7453d28-8edd-4d0b-87ae-3f947835f381/353/569/90/False/jHi5IlslGTmTLqpPkwxScQ.jpg,https://www.kobo.com/tw/zh/ebook/jHi5IlslGTmTLqpPkwxScQ?sId=8684d8bc873fa23253b49270e38b3bcd
2025-06-13,赫曼．赫塞,荒野之狼,315,9786263966987,https://cdn.kobo.com/book-images/3bb495e7-b3a7-490f-be56-c4e3d0755850/353/569/90/False/8qvh-uvBNjeQ5sV5LtVHdw.jpg,https://www.kobo.com/tw/zh/ebook/8qvh-uvBNjeQ5sV5LtVHdw?sId=8684d8bc873fa23253b49270e38b3bcd
2025-06-13,赫曼．赫塞,流浪者之歌【感動解讀版】,400,9786269936137,https://cdn.kobo.com/book-images/921c4663-8c49-4f8f-a61f-e24755dbae11/353/569/90/False/JNfPTDEjDz-tAMfp3Egokg.jpg,https://www.kobo.com/tw/zh/ebook/JNfPTDEjDz-tAMfp3Egokg?sId=8684d8bc873fa23253b49270e38b3bcd
2025-06-13,赫曼．赫塞,悠遊之歌（三版）,175,9789864023936,https://cdn.kobo.com/book-images/e52679bc-171d-45f8-bf8a-8a159a9891ed/353/569/90/False/UHZLCrSJATqst2fZDCkzBA.jpg,https://www.kobo.com/tw/zh/ebook/UHZLCrSJATqst2fZDCkzBA?sId=8684d8bc873fa23253b49270e38b3bcd
2025-06-14,卡繆,薛西弗斯的神話：點燃希望的哲學頌歌，法國七星文庫權威譯本【傅雷翻譯獎典藏版】,266,9786267596456,https://cdn.kobo.com/book-images/6ccfbf88-73ae-4691-b256-38387994ae56/353/569/90/False/7fFjSyTP9zKPTx3GcPFpfw.jpg,https://www.kobo.com/tw/zh/ebook/7fFjSyTP9zKPTx3GcPFpfw?sId=fcca1ca40c83fd7f7170c06bdee17cd8
2025-06-14,卡繆,異鄉人（卡繆版書衣）,154,3119861735450,https://cdn.kobo.com/book-images/24099253-90bc-4d80-8825-f6300e8b806f/353/569/90/False/gb2hSkF1KDGjqz18oam2aA.jpg,https://www.kobo.com/tw/zh/ebook/gb2hSkF1KDGjqz18oam2aA?sId=fcca1ca40c83fd7f7170c06bdee17cd8
2025-06-14,卡繆,異鄉人（2020全新名家譯本，再現卡繆字句推敲的原義）,175,3150000000617,https://cdn.kobo.com/book-images/883f0dcf-e5f7-4dfe-b300-8d725a8da70d/353/569/90/False/0GQk9bH6VzyLV0Q9Faysow.jpg,https://www.kobo.com/tw/zh/ebook/0GQk9bH6VzyLV0Q9Faysow?sId=fcca1ca40c83fd7f7170c06bdee17cd8
2025-06-14,卡繆,卡繆荒謬與反抗系列作品全集套書：荒謬系列四部曲《異鄉人》《薛西弗斯的神話》《卡里古拉》《誤會》＋反抗系列三部曲《瘟疫》《反抗者》《正義者》【全新法文名家直譯，首次完整出版，親炙完整的卡繆荒謬哲學】,1519,3150000000694,https://cdn.kobo.com/book-images/76f16f12-492e-4435-b792-e97bba1721d5/353/569/90/False/Kx45Q5lYKTqv_nEYbdwV2A.jpg,https://www.kobo.com/tw/zh/ebook/Kx45Q5lYKTqv_nEYbdwV2A?sId=fcca1ca40c83fd7f7170c06bdee17cd8
2025-06-14,卡繆,快樂的死,175,3120000000639,https://cdn.kobo.com/book-images/57e8ecec-6b0d-4586-882a-1f7699f9b494/353/569/90/False/gnS7T3tgLTS1t3eLSRBEeA.jpg,https://www.kobo.com/tw/zh/ebook/gnS7T3tgLTS1t3eLSRBEeA?sId=fcca1ca40c83fd7f7170c06bdee17cd8
2025-06-14,卡繆,鼠疫,210,3119861737522,https://cdn.kobo.com/book-images/56a09ae8-dac7-4eb0-9dde-b427a5a1aacb/353/569/90/False/tGTtah0cyzKVQIXzpZ7NTQ.jpg,https://www.kobo.com/tw/zh/ebook/tGTtah0cyzKVQIXzpZ7NTQ?sId=fcca1ca40c83fd7f7170c06bdee17cd8
2025-06-14,卡繆,卡繆反抗三部曲套書：《瘟疫》＋《反抗者》＋《正義者》【全新法文名家直譯，首次完整出版，親炙完整的卡繆反抗思想】,728,3150000000687,https://cdn.kobo.com/book-images/9f980967-d3c1-4ac0-9f8c-f8e0ccbbcc60/353/569/90/False/B1m2jKOONjKjTMVkT5k1NQ.jpg,https://www.kobo.com/tw/zh/ebook/B1m2jKOONjKjTMVkT5k1NQ?sId=fcca1ca40c83fd7f7170c06bdee17cd8
2025-06-14,卡繆,瘟疫,210,9789861785516,https://cdn.kobo.com/book-images/8d4f032e-dd57-4b50-a7d8-07f8e494bce5/353/569/90/False/sQ5ce_0gtz-yiFpE7SxWag.jpg,https://www.kobo.com/tw/zh/ebook/sQ5ce_0gtz-yiFpE7SxWag?sId=fcca1ca40c83fd7f7170c06bdee17cd8
2025-06-14,卡繆,正義者（首次出版，法文直譯名家譯本，卡繆展現對正義與反抗的考驗）,196,9789860777161,https://cdn.kobo.com/book-images/9291fc65-996d-4a27-83f4-a141c345d8cb/353/569/90/False/QQT3HgwFsT2xefv4IRMF9w.jpg,https://www.kobo.com/tw/zh/ebook/QQT3HgwFsT2xefv4IRMF9w?sId=fcca1ca40c83fd7f7170c06bdee17cd8
2025-06-14,卡繆,異鄉人（卡繆經典暢銷作․中文版有聲書首度上市）,220,9789863449263,https://cdn.kobo.com/book-images/a910e55d-8df0-43d3-8ef2-df7dc21d51ba/353/569/90/False/t1OO6Q03qjuX0wfMsaUVPg.jpg,https://www.kobo.com/tw/zh/audiobook/t1OO6Q03qjuX0wfMsaUVPg?sId=fcca1ca40c83fd7f7170c06bdee17cd8
2025-06-14,卡繆,卡里古拉【1957年諾貝爾文學獎得主描摹荒謬的經典代表作,210,9786267118108,https://cdn.kobo.com/book-images/228a6362-9e74-450c-806f-26d0291b0115/353/569/90/False/bUv8_ShWSDyzoufG54r66g.jpg,https://www.kobo.com/tw/zh/ebook/bUv8_ShWSDyzoufG54r66g?sId=fcca1ca40c83fd7f7170c06bdee17cd8
2025-06-14,卡繆,誤會【1957年諾貝爾文學獎得主面對自我放逐之旅的核心之作】,196,9786267118139,https://cdn.kobo.com/book-images/f35af051-fd52-4e22-a2df-d19abd3abf6e/353/569/90/False/XznH9zQdijG-RQoi9MTYng.jpg,https://www.kobo.com/tw/zh/ebook/XznH9zQdijG-RQoi9MTYng?sId=fcca1ca40c83fd7f7170c06bdee17cd8
2025-06-14,卡繆,鼠疫【全新名家譯本】（特別收錄哲學解析〈一部存在主義小說的後現代閱讀〉）,266,9789864895434,https://cdn.kobo.com/book-images/f4d068a2-498d-4817-97dd-d7492dc32b10/353/569/90/False/K9cd87y5oDGaSXDvYBOiAg.jpg,https://www.kobo.com/tw/zh/ebook/K9cd87y5oDGaSXDvYBOiAg?sId=af3b86090a078e6fb436e491b91decfa
2025-06-14,卡繆,異鄉人【獨家收錄沙特評論・2022全新名家譯本】,196,9789864896073,https://cdn.kobo.com/book-images/a71e071c-2ddd-47b0-ba0d-0ad67a3261c3/353/569/90/False/VQ2InesBOjKI-Xv96viLqA.jpg,https://www.kobo.com/tw/zh/ebook/VQ2InesBOjKI-Xv96viLqA?sId=af3b86090a078e6fb436e491b91decfa
2025-06-14,卡繆,薛西弗斯的神話,210,3150000000396,https://cdn.kobo.com/book-images/71d8cd60-c407-4367-bced-a36718fcf86f/353/569/90/False/t0r8j-Ym4jee3YDu96AA1w.jpg,https://www.kobo.com/tw/zh/ebook/t0r8j-Ym4jee3YDu96AA1w?sId=af3b86090a078e6fb436e491b91decfa
2025-06-14,卡繆,瘟疫（2021最新名家譯本，卡繆對疫情下被禁錮人心的鼓舞）,266,9789860777192,https://cdn.kobo.com/book-images/9618975f-d9f0-47af-bd43-571387f8a06a/353/569/90/False/wJ6ORaWSDj60GIzsDTf9Zg.jpg,https://www.kobo.com/tw/zh/ebook/wJ6ORaWSDj60GIzsDTf9Zg?sId=af3b86090a078e6fb436e491b91decfa
2025-06-14,卡繆,異鄉人,210,3039571384641,https://cdn.kobo.com/book-images/81e2cbee-7fb1-445c-8a9a-54f11683b376/353/569/90/False/wUn6RJK3RjCYH8YflJqYFw.jpg,https://www.kobo.com/tw/zh/ebook/wUn6RJK3RjCYH8YflJqYFw?sId=af3b86090a078e6fb436e491b91decfa
2025-06-14,卡繆,反抗者（新版）,266,3150000000392,https://cdn.kobo.com/book-images/0169f08d-1636-4fe9-865e-ac9323facfa7/353/569/90/False/dnhkQv1woTKBLngzg4RbMg.jpg,https://www.kobo.com/tw/zh/ebook/dnhkQv1woTKBLngzg4RbMg?sId=af3b86090a078e6fb436e491b91decfa
2025-06-14,卡繆,薛西弗斯的神話：卡繆的荒謬哲學,230,3120000000285,https://cdn.kobo.com/book-images/8cfb868b-d1ce-428f-9dc1-8a7b0724f790/353/569/90/False/dz7TJXld6DK-tFChkyuNug.jpg,https://www.kobo.com/tw/zh/ebook/dz7TJXld6DK-tFChkyuNug?sId=af3b86090a078e6fb436e491b91decfa
2025-06-14,卡繆,卡繆荒謬系列四部曲套書：《異鄉人》＋《薛西弗斯的神話》＋《卡里古拉》＋《誤會》【全新法文名家直譯，首次完整出版，親炙完整的卡繆荒謬哲學】,791,3150000000693,https://cdn.kobo.com/book-images/462128f0-194c-4f37-91e4-c9cdfbe0d7b2/353/569/90/False/iBMVIqmTtjmYjH2oJl_r8A.jpg,https://www.kobo.com/tw/zh/ebook/iBMVIqmTtjmYjH2oJl_r8A?sId=af3b86090a078e6fb436e491b91decfa
2025-06-14,卡繆,鼠疫（卡繆經典暢銷作․中文版有聲書首度上市）,300,9789863449270,https://cdn.kobo.com/book-images/ba766fe2-65df-4d69-83bc-798bf2340c10/353/569/90/False/AMe0qKS-yzinEfp_ItutUg.jpg,https://www.kobo.com/tw/zh/audiobook/AMe0qKS-yzinEfp_ItutUg?sId=af3b86090a078e6fb436e491b91decfa
2025-06-14,卡繆,異鄉人：最值得珍藏的名家譯本,224,3119864778287,https://cdn.kobo.com/book-images/59186bf1-d059-4aeb-afcb-36b164712ef7/353/569/90/False/XRU3eRrUUD6pvlI4liPZbg.jpg,https://www.kobo.com/tw/zh/ebook/XRU3eRrUUD6pvlI4liPZbg?sId=af3b86090a078e6fb436e491b91decfa
2025-06-14,卡繆,放逐與王國,210,9789863874133,https://cdn.kobo.com/book-images/5f1ba02d-68c9-4aa5-85ab-824c904439e9/353/569/90/False/RVGALpaZsjaTbCo1SdZXqw.jpg,https://www.kobo.com/tw/zh/ebook/RVGALpaZsjaTbCo1SdZXqw?sId=af3b86090a078e6fb436e491b91decfa
2025-06-14,卡繆,第一人：《異鄉人》存在主義大師的最後遺作！沒讀過《第一人》，就無法了解真正的卡繆！,360,7435000003050,https://cdn.kobo.com/book-images/1000dae4-0e54-4613-994a-2ca68f225aaf/353/569/90/False/mBrCwjCDbT-OmxW_MxQCPg.jpg,https://www.kobo.com/tw/zh/audiobook/mBrCwjCDbT-OmxW_MxQCPg?sId=af3b86090a078e6fb436e491b91decfa
2025-06-14,卡繆,墮落,182,9789861787558,https://cdn.kobo.com/book-images/023f55c5-13cf-4e65-aaa2-e1d0eebea177/353/569/90/False/ie-dvcJKuTWxECoQpt7ptg.jpg,https://www.kobo.com/tw/zh/ebook/ie-dvcJKuTWxECoQpt7ptg?sId=aecb4d39af781f4d277caa2a629cf2cf
2025-06-14,卡繆,放逐與王國：卡繆短篇小說,260,9789865482541,https://cdn.kobo.com/book-images/033f901a-cea5-456e-9a5c-534f67c7dd33/353/569/90/False/SmaLhyIaRTOPTVVkw9jskg.jpg,https://www.kobo.com/tw/zh/ebook/SmaLhyIaRTOPTVVkw9jskg?sId=aecb4d39af781f4d277caa2a629cf2cf
2025-06-14,卡繆,異鄉人,170,6849862272770,https://cdn.kobo.com/book-images/2f2b24f2-6a61-4ae2-a409-29c8eb0bc992/353/569/90/False/GYi3emouATurt5CEXNGY7A.jpg,https://www.kobo.com/tw/zh/ebook/GYi3emouATurt5CEXNGY7A?sId=aecb4d39af781f4d277caa2a629cf2cf
2025-06-14,卡繆,瘟疫（名家經典新譯）,228,9789865482473,https://cdn.kobo.com/book-images/edbaf1b0-60cf-4781-90e1-dcb3d6358348/353/569/90/False/XSi3S6nkVz2SFyXwXYLq1g.jpg,https://www.kobo.com/tw/zh/ebook/XSi3S6nkVz2SFyXwXYLq1g?sId=aecb4d39af781f4d277caa2a629cf2cf
2025-06-14,卡繆,異鄉人：荒謬三部曲，首部,210,7384000000024,https://cdn.kobo.com/book-images/12dc1249-e584-452a-a159-54be7be82c4d/353/569/90/False/MDkYBsM0cTm5Kq9j-44S0A.jpg,https://www.kobo.com/tw/zh/audiobook/MDkYBsM0cTm5Kq9j-44S0A?sId=aecb4d39af781f4d277caa2a629cf2cf
2025-06-14,簡媜,女兒紅,196,9789863874096,https://cdn.kobo.com/book-images/73163054-0990-4413-b92d-a3d20f20ebaa/353/569/90/False/DBqadeV-gT-bmmVuqDItJg.jpg,https://www.kobo.com/tw/zh/ebook/DBqadeV-gT-bmmVuqDItJg?sId=615fc560e29dd5a3b10e20649c589916
2025-06-14,簡媜,十種寂寞,252,7390863873877,https://cdn.kobo.com/book-images/137d5050-a414-4644-a453-8236a3c7338c/353/569/90/False/SS3f6q_OmzG6ixjEoQQSBw.jpg,https://www.kobo.com/tw/zh/ebook/SS3f6q_OmzG6ixjEoQQSBw?sId=615fc560e29dd5a3b10e20649c589916
2025-06-14,簡媜,我為你灑下月光,336,7390863872337,https://cdn.kobo.com/book-images/8d8c685d-f3c5-4e43-a07c-4a7a91f5ad22/353/569/90/False/RBqeU8INXTCG7D8npjR0bw.jpg,https://www.kobo.com/tw/zh/ebook/RBqeU8INXTCG7D8npjR0bw?sId=615fc560e29dd5a3b10e20649c589916
2025-06-14,簡媜,誰在銀閃閃的地方，等你（增訂版）,392,9789863876021,https://cdn.kobo.com/book-images/18d8f7d3-ad8d-4473-b1b7-aba2ada08383/353/569/90/False/tyYjDkeqiza61CrkeCJu7w.jpg,https://www.kobo.com/tw/zh/ebook/tyYjDkeqiza61CrkeCJu7w?sId=615fc560e29dd5a3b10e20649c589916
2025-06-14,簡媜,夢遊書,196,9789863874546,https://cdn.kobo.com/book-images/df1c79f2-8ad2-4ed8-9f37-293c81359dd8/353/569/90/False/p_nX7y-6_D6gGQiQ7O__sw.jpg,https://www.kobo.com/tw/zh/ebook/p_nX7y-6_D6gGQiQ7O__sw?sId=615fc560e29dd5a3b10e20649c589916
2025-06-14,簡媜,吃朋友,245,7390866631382,https://cdn.kobo.com/book-images/03cd221a-bef1-420d-96fa-a1ff5f2ec5f8/353/569/90/False/5xrS1tW6YT6YFfX6xajasQ.jpg,https://www.kobo.com/tw/zh/ebook/5xrS1tW6YT6YFfX6xajasQ?sId=615fc560e29dd5a3b10e20649c589916
2025-06-14,簡媜,老師的十二樣見面禮,224,7390866873232,https://cdn.kobo.com/book-images/912cffcc-12b7-4881-820d-605be5c0f456/353/569/90/False/Opeot0Gw9zeKOcdaOXIiCg.jpg,https://www.kobo.com/tw/zh/ebook/Opeot0Gw9zeKOcdaOXIiCg?sId=615fc560e29dd5a3b10e20649c589916
2025-06-14,簡媜,胭脂盆地,196,9789863874553,https://cdn.kobo.com/book-images/0ce65bd8-31e7-48ec-b6c2-f3b4da8f4cb7/353/569/90/False/_jcUd4QT3T6w0ZguwcDvlg.jpg,https://www.kobo.com/tw/zh/ebook/_jcUd4QT3T6w0ZguwcDvlg?sId=615fc560e29dd5a3b10e20649c589916
2025-06-14,簡媜,紅嬰仔：一個女人和她的育嬰史,252,7390863873068,https://cdn.kobo.com/book-images/4c769dfc-5feb-45bb-bad9-d22ff6fe4425/353/569/90/False/3-XKV53DSzqry1rJm_LJEA.jpg,https://www.kobo.com/tw/zh/ebook/3-XKV53DSzqry1rJm_LJEA?sId=615fc560e29dd5a3b10e20649c589916
2025-06-14,簡媜,天涯海角──福爾摩沙抒情誌,245,7390863873471,https://cdn.kobo.com/book-images/af00ba7f-99c1-44ae-b3d3-81c4e6e37430/353/569/90/False/y2QggT-GWz28HjuY_ABx1w.jpg,https://www.kobo.com/tw/zh/ebook/y2QggT-GWz28HjuY_ABx1w?sId=615fc560e29dd5a3b10e20649c589916
2025-06-14,簡媜,老師的十二樣見面禮（增訂版）,329,9789863876236,https://cdn.kobo.com/book-images/5ddd0b2a-a9d1-403d-92c3-60f91baba3c6/353/569/90/False/7r6In9z6kTuCg3twvvZA2g.jpg,https://www.kobo.com/tw/zh/ebook/7r6In9z6kTuCg3twvvZA2g?sId=615fc560e29dd5a3b10e20649c589916
2025-06-14,簡媜,微暈的樹林,210,9789863875857,https://cdn.kobo.com/book-images/df67a2d3-dab3-4ea6-bdd2-0f0e2b62a151/353/569/90/False/lRjcIazDljKdQZof57Hd9A.jpg,https://www.kobo.com/tw/zh/ebook/lRjcIazDljKdQZof57Hd9A?sId=615fc560e29dd5a3b10e20649c589916
2025-06-14,簡媜,一個人漫遊，古典森林,315,9789863877745,https://cdn.kobo.com/book-images/0c528bc8-18ea-46e3-acf0-f4c80125be95/353/569/90/False/Yyl9S4wUuDu8rltsfwH3UQ.jpg,https://www.kobo.com/tw/zh/ebook/Yyl9S4wUuDu8rltsfwH3UQ?sId=ebf07048e2592f28f4a41b6bf18c79ee
2025-06-14,簡媜,旅人之歌——神遊山水詩,210,9789863877516,https://cdn.kobo.com/book-images/ba7b0973-6125-415b-91a8-f4910ba8f09b/353/569/90/False/BEgyL0ETLzSJLhvVE5yKmQ.jpg,https://www.kobo.com/tw/zh/ebook/BEgyL0ETLzSJLhvVE5yKmQ?sId=ebf07048e2592f28f4a41b6bf18c79ee
2025-06-14,簡媜,與歲月同等心跳,210,9789863877479,https://cdn.kobo.com/book-images/5dc05880-531e-4ce8-9a89-99be05f5d02b/353/569/90/False/1Cgc_XKbQj6NkWrPuaKd2g.jpg,https://www.kobo.com/tw/zh/ebook/1Cgc_XKbQj6NkWrPuaKd2g?sId=ebf07048e2592f28f4a41b6bf18c79ee
2025-06-14,簡媜,下午茶,160,9789863876946,https://cdn.kobo.com/book-images/84781262-e7bd-4d10-a3c7-d19910fafa73/353/569/90/False/5iBW0pa_Wj2IztG5D0yKyw.jpg,https://www.kobo.com/tw/zh/ebook/5iBW0pa_Wj2IztG5D0yKyw?sId=ebf07048e2592f28f4a41b6bf18c79ee
2025-06-14,簡媜,只緣身在此山中,224,9789863874911,https://cdn.kobo.com/book-images/a21ea0b7-2449-4d16-b4db-1aa18c1993f3/353/569/90/False/JR_gAXmObD6EROWQrNPmjw.jpg,https://www.kobo.com/tw/zh/ebook/JR_gAXmObD6EROWQrNPmjw?sId=ebf07048e2592f28f4a41b6bf18c79ee
2025-06-14,簡媜,好一座浮島,210,9789863875666,https://cdn.kobo.com/book-images/dcfdfd36-7d3d-4201-89ab-681303731c15/353/569/90/False/tR63QOkIkjSZNYP1XN8qJQ.jpg,https://www.kobo.com/tw/zh/ebook/tR63QOkIkjSZNYP1XN8qJQ?sId=ebf07048e2592f28f4a41b6bf18c79ee
2025-06-14,簡媜,陪我散步吧(增訂版),322,9789863878230,https://cdn.kobo.com/book-images/cbf936fb-e579-4f5e-889b-2d092f39c84e/353/569/90/False/5BeIP1SRfTC97-lqaxlVkQ.jpg,https://www.kobo.com/tw/zh/ebook/5BeIP1SRfTC97-lqaxlVkQ?sId=ebf07048e2592f28f4a41b6bf18c79ee
2025-06-14,簡媜,舊情復燃,220,9789863876380,https://cdn.kobo.com/book-images/97241a9a-8187-4195-a573-9a921c04b9cc/353/569/90/False/wieReZ4jqT2vpPAPLsLmkA.jpg,https://www.kobo.com/tw/zh/ebook/wieReZ4jqT2vpPAPLsLmkA?sId=ebf07048e2592f28f4a41b6bf18c79ee
2025-06-14,簡媜,密密語,280,9789863876953,https://cdn.kobo.com/book-images/76e8fe19-e84d-4b62-9707-03393a023486/353/569/90/False/mMg1YwJL9TemPTAVwHZbvw.jpg,https://www.kobo.com/tw/zh/ebook/mMg1YwJL9TemPTAVwHZbvw?sId=ebf07048e2592f28f4a41b6bf18c79ee
2025-06-14,簡媜,月娘照眠牀,220,9789863875314,https://cdn.kobo.com/book-images/1dc984df-000f-4cfb-86bf-d71ead052b02/353/569/90/False/yifYBw_kEz-sjWx9O6wmTg.jpg,https://www.kobo.com/tw/zh/ebook/yifYBw_kEz-sjWx9O6wmTg?sId=ebf07048e2592f28f4a41b6bf18c79ee
2025-06-14,赫曼．赫塞,德米安：徬徨少年時 (告別徬徨，堅定地做你自己。全新無刪減完整譯本，慕尼黑大學圖書館愛藏版),245,3069869881963,https://cdn.kobo.com/book-images/a809baf5-4e7d-43c9-96e5-7d69fa248b50/353/569/90/False/6fn5ArUqVjSw56cshygW_Q.jpg,https://www.kobo.com/tw/zh/ebook/6fn5ArUqVjSw56cshygW_Q?sId=8981c96ed0121905bd7a90e10a43751c
2025-06-14,赫曼．赫塞,流浪者之歌／悉達多,252,9786267095010,https://cdn.kobo.com/book-images/3f321736-62ab-46cb-ae65-dabe29f7eea4/353/569/90/False/BZkTJbpWnTWsH4_ozeT9vA.jpg,https://www.kobo.com/tw/zh/ebook/BZkTJbpWnTWsH4_ozeT9vA?sId=8981c96ed0121905bd7a90e10a43751c
2025-06-14,赫曼．赫塞,悉達多：一首印度的詩（流浪者之歌）,210,7384000000026,https://cdn.kobo.com/book-images/2ebd8c79-acb7-430a-abd8-3998815f26dd/353/569/90/False/5P5w8osOvzauH183YElyCw.jpg,https://www.kobo.com/tw/zh/audiobook/5P5w8osOvzauH183YElyCw?sId=8981c96ed0121905bd7a90e10a43751c
2025-06-14,赫曼．赫塞,流浪者之歌（首度德文直譯本）,210,3090000000515,https://cdn.kobo.com/book-images/f601d38b-894e-436d-852c-e48f41d06a75/353/569/90/False/uWrynH7_LjCJaQT5rWrZjg.jpg,https://www.kobo.com/tw/zh/ebook/uWrynH7_LjCJaQT5rWrZjg?sId=8981c96ed0121905bd7a90e10a43751c
2025-06-14,赫曼．赫塞,悉達多【獨家收錄保羅．科爾賀專文導讀、林懷民繆思分享】：一首印度的詩（流浪者之歌）,196,9789864895397,https://cdn.kobo.com/book-images/827cfb45-6d4c-43cb-866a-eb45ca8c20c7/353/569/90/False/8X4BYN4ZszavG3vs7B0Jdg.jpg,https://www.kobo.com/tw/zh/ebook/8X4BYN4ZszavG3vs7B0Jdg?sId=8981c96ed0121905bd7a90e10a43751c
2025-06-14,赫曼．赫塞,鄉愁（德文直譯本）,196,3090000006527,https://cdn.kobo.com/book-images/567c8c31-ebf2-4ffb-a5b1-7e294bb27479/353/569/90/False/By8ilup3JjmH2kf5ty2N8g.jpg,https://www.kobo.com/tw/zh/ebook/By8ilup3JjmH2kf5ty2N8g?sId=8981c96ed0121905bd7a90e10a43751c
2025-06-14,赫曼．赫塞,赫曼赫塞童話故事集,250,3119864773930,https://cdn.kobo.com/book-images/5f4ae374-cda4-4a0c-a27f-58f4eb5939e0/353/569/90/False/fUpsq8DF8Tq5Lguv3pHWuQ.jpg,https://www.kobo.com/tw/zh/ebook/fUpsq8DF8Tq5Lguv3pHWuQ?sId=8981c96ed0121905bd7a90e10a43751c
2025-06-14,赫曼．赫塞,德米安：埃米爾．辛克萊年少時的故事（徬徨少年時）,210,7384000000027,https://cdn.kobo.com/book-images/e921900f-2bfe-42d8-8547-198c1b3b42b1/353/569/90/False/pO0YjhmJajyGRrdkzlKsnA.jpg,https://www.kobo.com/tw/zh/audiobook/pO0YjhmJajyGRrdkzlKsnA?sId=8981c96ed0121905bd7a90e10a43751c
2025-06-14,赫曼．赫塞,徬徨少年時（德文直譯本）,196,3090000030292,https://cdn.kobo.com/book-images/0eb8b492-c683-4d13-8a2e-40fd1872ced9/353/569/90/False/p9r2phjlUzO8q-gEc3Ysmg.jpg,https://www.kobo.com/tw/zh/ebook/p9r2phjlUzO8q-gEc3Ysmg?sId=8981c96ed0121905bd7a90e10a43751c
2025-06-14,赫曼．赫塞,在書中發現自己的靈魂：慢讀赫塞,250,3128000000104,https://cdn.kobo.com/book-images/5139dd71-3f40-4bbf-aaa6-752447892743/353/569/90/False/mj-jE6bxOTazX9ad0uwE7g.jpg,https://www.kobo.com/tw/zh/ebook/mj-jE6bxOTazX9ad0uwE7g?sId=8981c96ed0121905bd7a90e10a43751c
2025-06-14,赫曼．赫塞,車輪下（首度德文直譯本）,210,3090000000590,https://cdn.kobo.com/book-images/40dde703-286a-487c-acca-3d0e177e4d0a/353/569/90/False/iRXS-e-7fzumzrZdY8d_8Q.jpg,https://www.kobo.com/tw/zh/ebook/iRXS-e-7fzumzrZdY8d_8Q?sId=8981c96ed0121905bd7a90e10a43751c
2025-06-14,赫曼．赫塞,荒野之狼（首度德文直譯本）,245,3090000005737,https://cdn.kobo.com/book-images/449cd682-c515-465f-b6f3-c5b59e8310e3/353/569/90/False/VFQPtyjUrTGJSlcoqoICxg.jpg,https://www.kobo.com/tw/zh/ebook/VFQPtyjUrTGJSlcoqoICxg?sId=8981c96ed0121905bd7a90e10a43751c
2025-06-14,赫曼．赫塞,德米安【獨家收錄詹姆斯・法蘭科專文導讀】：埃米爾．辛克萊年少時的故事（徬徨少年時）,210,9789864895403,https://cdn.kobo.com/book-images/ae0cd56f-8ec4-4e2d-bc97-29ea34073182/353/569/90/False/ib-jIoEV2Dqm0I1tAc6TWQ.jpg,https://www.kobo.com/tw/zh/ebook/ib-jIoEV2Dqm0I1tAc6TWQ?sId=b41d0a57cff0f5f2381b711dbc612db1
2025-06-14,赫曼．赫塞,德米安：彷徨少年時,228,7289867101822,https://cdn.kobo.com/book-images/897fa0c7-1c7f-4005-9de8-784febd6e287/353/569/90/False/ZNYK-tlfkD-IZy3hlnFJAw.jpg,https://www.kobo.com/tw/zh/ebook/ZNYK-tlfkD-IZy3hlnFJAw?sId=b41d0a57cff0f5f2381b711dbc612db1
2025-06-14,赫曼．赫塞,荒野之狼（德文新譯本）,294,3119864771400,https://cdn.kobo.com/book-images/c81844a1-3034-4867-a324-b6f0bd00c252/353/569/90/False/6g6wxeuiYjuWU71oa_5Mzg.jpg,https://www.kobo.com/tw/zh/ebook/6g6wxeuiYjuWU71oa_5Mzg?sId=b41d0a57cff0f5f2381b711dbc612db1
2025-06-14,赫曼．赫塞,流浪者之歌,245,9786263744417,https://cdn.kobo.com/book-images/dbaffb64-2df7-46df-9836-4b43eb375d74/353/569/90/False/SSmAUWRnWD-200t2EoH_qQ.jpg,https://www.kobo.com/tw/zh/ebook/SSmAUWRnWD-200t2EoH_qQ?sId=b41d0a57cff0f5f2381b711dbc612db1
2025-06-14,赫曼．赫塞,徬徨少年時,175,3090000000352,https://cdn.kobo.com/book-images/b98f888a-ae90-4674-8796-0c691b798c30/353/569/90/False/3cIVTFd3fz6t9pp0NaJsyA.jpg,https://www.kobo.com/tw/zh/ebook/3cIVTFd3fz6t9pp0NaJsyA?sId=b41d0a57cff0f5f2381b711dbc612db1
2025-06-14,赫曼．赫塞,中學生好享讀：諾貝爾大師短篇小說選,225,6709863201113,https://cdn.kobo.com/book-images/f48eb899-1243-4d56-a687-e9d45c5de9ef/353/569/90/False/pnJCPVTatTGHkaHGe4iYMw.jpg,https://www.kobo.com/tw/zh/ebook/pnJCPVTatTGHkaHGe4iYMw?sId=b41d0a57cff0f5f2381b711dbc612db1
2025-06-14,赫曼．赫塞,生命之歌,210,3090000000496,https://cdn.kobo.com/book-images/cab95401-af95-4f91-9d80-41eee92dade2/353/569/90/False/kfbDCDZ4SD6jxk-LU1ireg.jpg,https://www.kobo.com/tw/zh/ebook/kfbDCDZ4SD6jxk-LU1ireg?sId=b41d0a57cff0f5f2381b711dbc612db1
2025-06-14,赫曼．赫塞,園圃之歌：諾貝爾文學獎大師赫曼．赫塞的自然哲思與手繪詩畫,266,9786269638079,https://cdn.kobo.com/book-images/f7453d28-8edd-4d0b-87ae-3f947835f381/353/569/90/False/jHi5IlslGTmTLqpPkwxScQ.jpg,https://www.kobo.com/tw/zh/ebook/jHi5IlslGTmTLqpPkwxScQ?sId=b41d0a57cff0f5f2381b711dbc612db1
2025-06-14,赫曼．赫塞,荒野之狼,315,9786263966987,https://cdn.kobo.com/book-images/3bb495e7-b3a7-490f-be56-c4e3d0755850/353/569/90/False/8qvh-uvBNjeQ5sV5LtVHdw.jpg,https://www.kobo.com/tw/zh/ebook/8qvh-uvBNjeQ5sV5LtVHdw?sId=b41d0a57cff0f5f2381b711dbc612db1
2025-06-14,赫曼．赫塞,流浪者之歌【感動解讀版】,400,9786269936137,https://cdn.kobo.com/book-images/921c4663-8c49-4f8f-a61f-e24755dbae11/353/569/90/False/JNfPTDEjDz-tAMfp3Egokg.jpg,https://www.kobo.com/tw/zh/ebook/JNfPTDEjDz-tAMfp3Egokg?sId=b41d0a57cff0f5f2381b711dbc612db1
2025-06-14,赫曼．赫塞,悠遊之歌（三版）,175,9789864023936,https://cdn.kobo.com/book-images/e52679bc-171d-45f8-bf8a-8a159a9891ed/353/569/90/False/UHZLCrSJATqst2fZDCkzBA.jpg,https://www.kobo.com/tw/zh/ebook/UHZLCrSJATqst2fZDCkzBA?sId=b41d0a57cff0f5f2381b711dbc612db1
2025-06-15,卡繆,薛西弗斯的神話：點燃希望的哲學頌歌，法國七星文庫權威譯本【傅雷翻譯獎典藏版】,266,9786267596456,https://cdn.kobo.com/book-images/6ccfbf88-73ae-4691-b256-38387994ae56/353/569/90/False/7fFjSyTP9zKPTx3GcPFpfw.jpg,https://www.kobo.com/tw/zh/ebook/7fFjSyTP9zKPTx3GcPFpfw?sId=e9e1cefb7eb78e5cc23a0a604f8db4ed
2025-06-15,卡繆,異鄉人（2020全新名家譯本，再現卡繆字句推敲的原義）,175,3150000000617,https://cdn.kobo.com/book-images/883f0dcf-e5f7-4dfe-b300-8d725a8da70d/353/569/90/False/0GQk9bH6VzyLV0Q9Faysow.jpg,https://www.kobo.com/tw/zh/ebook/0GQk9bH6VzyLV0Q9Faysow?sId=e9e1cefb7eb78e5cc23a0a604f8db4ed
2025-06-15,卡繆,鼠疫,210,3119861737522,https://cdn.kobo.com/book-images/56a09ae8-dac7-4eb0-9dde-b427a5a1aacb/353/569/90/False/tGTtah0cyzKVQIXzpZ7NTQ.jpg,https://www.kobo.com/tw/zh/ebook/tGTtah0cyzKVQIXzpZ7NTQ?sId=e9e1cefb7eb78e5cc23a0a604f8db4ed
2025-06-15,卡繆,卡繆荒謬與反抗系列作品全集套書：荒謬系列四部曲《異鄉人》《薛西弗斯的神話》《卡里古拉》《誤會》＋反抗系列三部曲《瘟疫》《反抗者》《正義者》【全新法文名家直譯，首次完整出版，親炙完整的卡繆荒謬哲學】,1519,3150000000694,https://cdn.kobo.com/book-images/76f16f12-492e-4435-b792-e97bba1721d5/353/569/90/False/Kx45Q5lYKTqv_nEYbdwV2A.jpg,https://www.kobo.com/tw/zh/ebook/Kx45Q5lYKTqv_nEYbdwV2A?sId=e9e1cefb7eb78e5cc23a0a604f8db4ed
2025-06-15,卡繆,快樂的死,175,3120000000639,https://cdn.kobo.com/book-images/57e8ecec-6b0d-4586-882a-1f7699f9b494/353/569/90/False/gnS7T3tgLTS1t3eLSRBEeA.jpg,https://www.kobo.com/tw/zh/ebook/gnS7T3tgLTS1t3eLSRBEeA?sId=e9e1cefb7eb78e5cc23a0a604f8db4ed
2025-06-15,卡繆,異鄉人（卡繆版書衣）,154,3119861735450,https://cdn.kobo.com/book-images/24099253-90bc-4d80-8825-f6300e8b806f/353/569/90/False/gb2hSkF1KDGjqz18oam2aA.jpg,https://www.kobo.com/tw/zh/ebook/gb2hSkF1KDGjqz18oam2aA?sId=e9e1cefb7eb78e5cc23a0a604f8db4ed
2025-06-15,卡繆,卡繆反抗三部曲套書：《瘟疫》＋《反抗者》＋《正義者》【全新法文名家直譯，首次完整出版，親炙完整的卡繆反抗思想】,728,3150000000687,https://cdn.kobo.com/book-images/9f980967-d3c1-4ac0-9f8c-f8e0ccbbcc60/353/569/90/False/B1m2jKOONjKjTMVkT5k1NQ.jpg,https://www.kobo.com/tw/zh/ebook/B1m2jKOONjKjTMVkT5k1NQ?sId=e9e1cefb7eb78e5cc23a0a604f8db4ed
2025-06-15,卡繆,瘟疫,210,9789861785516,https://cdn.kobo.com/book-images/8d4f032e-dd57-4b50-a7d8-07f8e494bce5/353/569/90/False/sQ5ce_0gtz-yiFpE7SxWag.jpg,https://www.kobo.com/tw/zh/ebook/sQ5ce_0gtz-yiFpE7SxWag?sId=e9e1cefb7eb78e5cc23a0a604f8db4ed
2025-06-15,卡繆,正義者（首次出版，法文直譯名家譯本，卡繆展現對正義與反抗的考驗）,196,9789860777161,https://cdn.kobo.com/book-images/9291fc65-996d-4a27-83f4-a141c345d8cb/353/569/90/False/QQT3HgwFsT2xefv4IRMF9w.jpg,https://www.kobo.com/tw/zh/ebook/QQT3HgwFsT2xefv4IRMF9w?sId=e9e1cefb7eb78e5cc23a0a604f8db4ed
2025-06-15,卡繆,異鄉人（卡繆經典暢銷作․中文版有聲書首度上市）,220,9789863449263,https://cdn.kobo.com/book-images/a910e55d-8df0-43d3-8ef2-df7dc21d51ba/353/569/90/False/t1OO6Q03qjuX0wfMsaUVPg.jpg,https://www.kobo.com/tw/zh/audiobook/t1OO6Q03qjuX0wfMsaUVPg?sId=e9e1cefb7eb78e5cc23a0a604f8db4ed
2025-06-15,卡繆,卡里古拉【1957年諾貝爾文學獎得主描摹荒謬的經典代表作,210,9786267118108,https://cdn.kobo.com/book-images/228a6362-9e74-450c-806f-26d0291b0115/353/569/90/False/bUv8_ShWSDyzoufG54r66g.jpg,https://www.kobo.com/tw/zh/ebook/bUv8_ShWSDyzoufG54r66g?sId=e9e1cefb7eb78e5cc23a0a604f8db4ed
2025-06-15,卡繆,誤會【1957年諾貝爾文學獎得主面對自我放逐之旅的核心之作】,196,9786267118139,https://cdn.kobo.com/book-images/f35af051-fd52-4e22-a2df-d19abd3abf6e/353/569/90/False/XznH9zQdijG-RQoi9MTYng.jpg,https://www.kobo.com/tw/zh/ebook/XznH9zQdijG-RQoi9MTYng?sId=e9e1cefb7eb78e5cc23a0a604f8db4ed
2025-06-15,卡繆,鼠疫【全新名家譯本】（特別收錄哲學解析〈一部存在主義小說的後現代閱讀〉）,266,9789864895434,https://cdn.kobo.com/book-images/f4d068a2-498d-4817-97dd-d7492dc32b10/353/569/90/False/K9cd87y5oDGaSXDvYBOiAg.jpg,https://www.kobo.com/tw/zh/ebook/K9cd87y5oDGaSXDvYBOiAg?sId=7212ca99d06b75cec844c201978893fb
2025-06-15,卡繆,異鄉人【獨家收錄沙特評論・2022全新名家譯本】,196,9789864896073,https://cdn.kobo.com/book-images/a71e071c-2ddd-47b0-ba0d-0ad67a3261c3/353/569/90/False/VQ2InesBOjKI-Xv96viLqA.jpg,https://www.kobo.com/tw/zh/ebook/VQ2InesBOjKI-Xv96viLqA?sId=7212ca99d06b75cec844c201978893fb
2025-06-15,卡繆,薛西弗斯的神話,210,3150000000396,https://cdn.kobo.com/book-images/71d8cd60-c407-4367-bced-a36718fcf86f/353/569/90/False/t0r8j-Ym4jee3YDu96AA1w.jpg,https://www.kobo.com/tw/zh/ebook/t0r8j-Ym4jee3YDu96AA1w?sId=7212ca99d06b75cec844c201978893fb
2025-06-15,卡繆,瘟疫（2021最新名家譯本，卡繆對疫情下被禁錮人心的鼓舞）,266,9789860777192,https://cdn.kobo.com/book-images/9618975f-d9f0-47af-bd43-571387f8a06a/353/569/90/False/wJ6ORaWSDj60GIzsDTf9Zg.jpg,https://www.kobo.com/tw/zh/ebook/wJ6ORaWSDj60GIzsDTf9Zg?sId=7212ca99d06b75cec844c201978893fb
2025-06-15,卡繆,異鄉人,210,3039571384641,https://cdn.kobo.com/book-images/81e2cbee-7fb1-445c-8a9a-54f11683b376/353/569/90/False/wUn6RJK3RjCYH8YflJqYFw.jpg,https://www.kobo.com/tw/zh/ebook/wUn6RJK3RjCYH8YflJqYFw?sId=7212ca99d06b75cec844c201978893fb
2025-06-15,卡繆,反抗者（新版）,266,3150000000392,https://cdn.kobo.com/book-images/0169f08d-1636-4fe9-865e-ac9323facfa7/353/569/90/False/dnhkQv1woTKBLngzg4RbMg.jpg,https://www.kobo.com/tw/zh/ebook/dnhkQv1woTKBLngzg4RbMg?sId=7212ca99d06b75cec844c201978893fb
2025-06-15,卡繆,薛西弗斯的神話：卡繆的荒謬哲學,230,3120000000285,https://cdn.kobo.com/book-images/8cfb868b-d1ce-428f-9dc1-8a7b0724f790/353/569/90/False/dz7TJXld6DK-tFChkyuNug.jpg,https://www.kobo.com/tw/zh/ebook/dz7TJXld6DK-tFChkyuNug?sId=7212ca99d06b75cec844c201978893fb
2025-06-15,卡繆,卡繆荒謬系列四部曲套書：《異鄉人》＋《薛西弗斯的神話》＋《卡里古拉》＋《誤會》【全新法文名家直譯，首次完整出版，親炙完整的卡繆荒謬哲學】,791,3150000000693,https://cdn.kobo.com/book-images/462128f0-194c-4f37-91e4-c9cdfbe0d7b2/353/569/90/False/iBMVIqmTtjmYjH2oJl_r8A.jpg,https://www.kobo.com/tw/zh/ebook/iBMVIqmTtjmYjH2oJl_r8A?sId=7212ca99d06b75cec844c201978893fb
2025-06-15,卡繆,鼠疫（卡繆經典暢銷作․中文版有聲書首度上市）,300,9789863449270,https://cdn.kobo.com/book-images/ba766fe2-65df-4d69-83bc-798bf2340c10/353/569/90/False/AMe0qKS-yzinEfp_ItutUg.jpg,https://www.kobo.com/tw/zh/audiobook/AMe0qKS-yzinEfp_ItutUg?sId=7212ca99d06b75cec844c201978893fb
2025-06-15,卡繆,異鄉人：最值得珍藏的名家譯本,224,3119864778287,https://cdn.kobo.com/book-images/59186bf1-d059-4aeb-afcb-36b164712ef7/353/569/90/False/XRU3eRrUUD6pvlI4liPZbg.jpg,https://www.kobo.com/tw/zh/ebook/XRU3eRrUUD6pvlI4liPZbg?sId=7212ca99d06b75cec844c201978893fb
2025-06-15,卡繆,放逐與王國,210,9789863874133,https://cdn.kobo.com/book-images/5f1ba02d-68c9-4aa5-85ab-824c904439e9/353/569/90/False/RVGALpaZsjaTbCo1SdZXqw.jpg,https://www.kobo.com/tw/zh/ebook/RVGALpaZsjaTbCo1SdZXqw?sId=7212ca99d06b75cec844c201978893fb
2025-06-15,卡繆,第一人：《異鄉人》存在主義大師的最後遺作！沒讀過《第一人》，就無法了解真正的卡繆！,360,7435000003050,https://cdn.kobo.com/book-images/1000dae4-0e54-4613-994a-2ca68f225aaf/353/569/90/False/mBrCwjCDbT-OmxW_MxQCPg.jpg,https://www.kobo.com/tw/zh/audiobook/mBrCwjCDbT-OmxW_MxQCPg?sId=7212ca99d06b75cec844c201978893fb
2025-06-15,卡繆,墮落,182,9789861787558,https://cdn.kobo.com/book-images/023f55c5-13cf-4e65-aaa2-e1d0eebea177/353/569/90/False/ie-dvcJKuTWxECoQpt7ptg.jpg,https://www.kobo.com/tw/zh/ebook/ie-dvcJKuTWxECoQpt7ptg?sId=cb66c70e2645c3f5ac39e73c7690865d
2025-06-15,卡繆,放逐與王國：卡繆短篇小說,260,9789865482541,https://cdn.kobo.com/book-images/033f901a-cea5-456e-9a5c-534f67c7dd33/353/569/90/False/SmaLhyIaRTOPTVVkw9jskg.jpg,https://www.kobo.com/tw/zh/ebook/SmaLhyIaRTOPTVVkw9jskg?sId=cb66c70e2645c3f5ac39e73c7690865d
2025-06-15,卡繆,異鄉人,170,6849862272770,https://cdn.kobo.com/book-images/2f2b24f2-6a61-4ae2-a409-29c8eb0bc992/353/569/90/False/GYi3emouATurt5CEXNGY7A.jpg,https://www.kobo.com/tw/zh/ebook/GYi3emouATurt5CEXNGY7A?sId=cb66c70e2645c3f5ac39e73c7690865d
2025-06-15,卡繆,瘟疫（名家經典新譯）,228,9789865482473,https://cdn.kobo.com/book-images/edbaf1b0-60cf-4781-90e1-dcb3d6358348/353/569/90/False/XSi3S6nkVz2SFyXwXYLq1g.jpg,https://www.kobo.com/tw/zh/ebook/XSi3S6nkVz2SFyXwXYLq1g?sId=cb66c70e2645c3f5ac39e73c7690865d
2025-06-15,卡繆,異鄉人：荒謬三部曲，首部,210,7384000000024,https://cdn.kobo.com/book-images/12dc1249-e584-452a-a159-54be7be82c4d/353/569/90/False/MDkYBsM0cTm5Kq9j-44S0A.jpg,https://www.kobo.com/tw/zh/audiobook/MDkYBsM0cTm5Kq9j-44S0A?sId=cb66c70e2645c3f5ac39e73c7690865d
2025-06-15,簡媜,十種寂寞,252,7390863873877,https://cdn.kobo.com/book-images/137d5050-a414-4644-a453-8236a3c7338c/353/569/90/False/SS3f6q_OmzG6ixjEoQQSBw.jpg,https://www.kobo.com/tw/zh/ebook/SS3f6q_OmzG6ixjEoQQSBw?sId=a1bc1d550a1de2164ebf25b6a03bcdd3
2025-06-15,簡媜,我為你灑下月光,336,7390863872337,https://cdn.kobo.com/book-images/8d8c685d-f3c5-4e43-a07c-4a7a91f5ad22/353/569/90/False/RBqeU8INXTCG7D8npjR0bw.jpg,https://www.kobo.com/tw/zh/ebook/RBqeU8INXTCG7D8npjR0bw?sId=a1bc1d550a1de2164ebf25b6a03bcdd3
2025-06-15,簡媜,女兒紅,196,9789863874096,https://cdn.kobo.com/book-images/73163054-0990-4413-b92d-a3d20f20ebaa/353/569/90/False/DBqadeV-gT-bmmVuqDItJg.jpg,https://www.kobo.com/tw/zh/ebook/DBqadeV-gT-bmmVuqDItJg?sId=a1bc1d550a1de2164ebf25b6a03bcdd3
2025-06-15,簡媜,誰在銀閃閃的地方，等你（增訂版）,392,9789863876021,https://cdn.kobo.com/book-images/18d8f7d3-ad8d-4473-b1b7-aba2ada08383/353/569/90/False/tyYjDkeqiza61CrkeCJu7w.jpg,https://www.kobo.com/tw/zh/ebook/tyYjDkeqiza61CrkeCJu7w?sId=a1bc1d550a1de2164ebf25b6a03bcdd3
2025-06-15,簡媜,夢遊書,196,9789863874546,https://cdn.kobo.com/book-images/df1c79f2-8ad2-4ed8-9f37-293c81359dd8/353/569/90/False/p_nX7y-6_D6gGQiQ7O__sw.jpg,https://www.kobo.com/tw/zh/ebook/p_nX7y-6_D6gGQiQ7O__sw?sId=a1bc1d550a1de2164ebf25b6a03bcdd3
2025-06-15,簡媜,吃朋友,245,7390866631382,https://cdn.kobo.com/book-images/03cd221a-bef1-420d-96fa-a1ff5f2ec5f8/353/569/90/False/5xrS1tW6YT6YFfX6xajasQ.jpg,https://www.kobo.com/tw/zh/ebook/5xrS1tW6YT6YFfX6xajasQ?sId=a1bc1d550a1de2164ebf25b6a03bcdd3
2025-06-15,簡媜,老師的十二樣見面禮,224,7390866873232,https://cdn.kobo.com/book-images/912cffcc-12b7-4881-820d-605be5c0f456/353/569/90/False/Opeot0Gw9zeKOcdaOXIiCg.jpg,https://www.kobo.com/tw/zh/ebook/Opeot0Gw9zeKOcdaOXIiCg?sId=a1bc1d550a1de2164ebf25b6a03bcdd3
2025-06-15,簡媜,胭脂盆地,196,9789863874553,https://cdn.kobo.com/book-images/0ce65bd8-31e7-48ec-b6c2-f3b4da8f4cb7/353/569/90/False/_jcUd4QT3T6w0ZguwcDvlg.jpg,https://www.kobo.com/tw/zh/ebook/_jcUd4QT3T6w0ZguwcDvlg?sId=a1bc1d550a1de2164ebf25b6a03bcdd3
2025-06-15,簡媜,紅嬰仔：一個女人和她的育嬰史,252,7390863873068,https://cdn.kobo.com/book-images/4c769dfc-5feb-45bb-bad9-d22ff6fe4425/353/569/90/False/3-XKV53DSzqry1rJm_LJEA.jpg,https://www.kobo.com/tw/zh/ebook/3-XKV53DSzqry1rJm_LJEA?sId=a1bc1d550a1de2164ebf25b6a03bcdd3
2025-06-15,簡媜,天涯海角──福爾摩沙抒情誌,245,7390863873471,https://cdn.kobo.com/book-images/af00ba7f-99c1-44ae-b3d3-81c4e6e37430/353/569/90/False/y2QggT-GWz28HjuY_ABx1w.jpg,https://www.kobo.com/tw/zh/ebook/y2QggT-GWz28HjuY_ABx1w?sId=a1bc1d550a1de2164ebf25b6a03bcdd3
2025-06-15,簡媜,老師的十二樣見面禮（增訂版）,329,9789863876236,https://cdn.kobo.com/book-images/5ddd0b2a-a9d1-403d-92c3-60f91baba3c6/353/569/90/False/7r6In9z6kTuCg3twvvZA2g.jpg,https://www.kobo.com/tw/zh/ebook/7r6In9z6kTuCg3twvvZA2g?sId=a1bc1d550a1de2164ebf25b6a03bcdd3
2025-06-15,簡媜,微暈的樹林,210,9789863875857,https://cdn.kobo.com/book-images/df67a2d3-dab3-4ea6-bdd2-0f0e2b62a151/353/569/90/False/lRjcIazDljKdQZof57Hd9A.jpg,https://www.kobo.com/tw/zh/ebook/lRjcIazDljKdQZof57Hd9A?sId=a1bc1d550a1de2164ebf25b6a03bcdd3
2025-06-15,簡媜,一個人漫遊，古典森林,315,9789863877745,https://cdn.kobo.com/book-images/0c528bc8-18ea-46e3-acf0-f4c80125be95/353/569/90/False/Yyl9S4wUuDu8rltsfwH3UQ.jpg,https://www.kobo.com/tw/zh/ebook/Yyl9S4wUuDu8rltsfwH3UQ?sId=06164b0cb5fc2245dc2cdb71bb675164
2025-06-15,簡媜,旅人之歌——神遊山水詩,210,9789863877516,https://cdn.kobo.com/book-images/ba7b0973-6125-415b-91a8-f4910ba8f09b/353/569/90/False/BEgyL0ETLzSJLhvVE5yKmQ.jpg,https://www.kobo.com/tw/zh/ebook/BEgyL0ETLzSJLhvVE5yKmQ?sId=06164b0cb5fc2245dc2cdb71bb675164
2025-06-15,簡媜,與歲月同等心跳,210,9789863877479,https://cdn.kobo.com/book-images/5dc05880-531e-4ce8-9a89-99be05f5d02b/353/569/90/False/1Cgc_XKbQj6NkWrPuaKd2g.jpg,https://www.kobo.com/tw/zh/ebook/1Cgc_XKbQj6NkWrPuaKd2g?sId=06164b0cb5fc2245dc2cdb71bb675164
2025-06-15,簡媜,下午茶,160,9789863876946,https://cdn.kobo.com/book-images/84781262-e7bd-4d10-a3c7-d19910fafa73/353/569/90/False/5iBW0pa_Wj2IztG5D0yKyw.jpg,https://www.kobo.com/tw/zh/ebook/5iBW0pa_Wj2IztG5D0yKyw?sId=06164b0cb5fc2245dc2cdb71bb675164
2025-06-15,簡媜,只緣身在此山中,224,9789863874911,https://cdn.kobo.com/book-images/a21ea0b7-2449-4d16-b4db-1aa18c1993f3/353/569/90/False/JR_gAXmObD6EROWQrNPmjw.jpg,https://www.kobo.com/tw/zh/ebook/JR_gAXmObD6EROWQrNPmjw?sId=06164b0cb5fc2245dc2cdb71bb675164
2025-06-15,簡媜,好一座浮島,210,9789863875666,https://cdn.kobo.com/book-images/dcfdfd36-7d3d-4201-89ab-681303731c15/353/569/90/False/tR63QOkIkjSZNYP1XN8qJQ.jpg,https://www.kobo.com/tw/zh/ebook/tR63QOkIkjSZNYP1XN8qJQ?sId=06164b0cb5fc2245dc2cdb71bb675164
2025-06-15,簡媜,陪我散步吧(增訂版),322,9789863878230,https://cdn.kobo.com/book-images/cbf936fb-e579-4f5e-889b-2d092f39c84e/353/569/90/False/5BeIP1SRfTC97-lqaxlVkQ.jpg,https://www.kobo.com/tw/zh/ebook/5BeIP1SRfTC97-lqaxlVkQ?sId=06164b0cb5fc2245dc2cdb71bb675164
2025-06-15,簡媜,舊情復燃,220,9789863876380,https://cdn.kobo.com/book-images/97241a9a-8187-4195-a573-9a921c04b9cc/353/569/90/False/wieReZ4jqT2vpPAPLsLmkA.jpg,https://www.kobo.com/tw/zh/ebook/wieReZ4jqT2vpPAPLsLmkA?sId=06164b0cb5fc2245dc2cdb71bb675164
2025-06-15,簡媜,密密語,280,9789863876953,https://cdn.kobo.com/book-images/76e8fe19-e84d-4b62-9707-03393a023486/353/569/90/False/mMg1YwJL9TemPTAVwHZbvw.jpg,https://www.kobo.com/tw/zh/ebook/mMg1YwJL9TemPTAVwHZbvw?sId=06164b0cb5fc2245dc2cdb71bb675164
2025-06-15,簡媜,月娘照眠牀,220,9789863875314,https://cdn.kobo.com/book-images/1dc984df-000f-4cfb-86bf-d71ead052b02/353/569/90/False/yifYBw_kEz-sjWx9O6wmTg.jpg,https://www.kobo.com/tw/zh/ebook/yifYBw_kEz-sjWx9O6wmTg?sId=06164b0cb5fc2245dc2cdb71bb675164
2025-06-15,赫曼．赫塞,德米安：徬徨少年時 (告別徬徨，堅定地做你自己。全新無刪減完整譯本，慕尼黑大學圖書館愛藏版),245,3069869881963,https://cdn.kobo.com/book-images/a809baf5-4e7d-43c9-96e5-7d69fa248b50/353/569/90/False/6fn5ArUqVjSw56cshygW_Q.jpg,https://www.kobo.com/tw/zh/ebook/6fn5ArUqVjSw56cshygW_Q?sId=787b2f22eac4c33a7adbe576e8ad287a
2025-06-15,赫曼．赫塞,流浪者之歌／悉達多,252,9786267095010,https://cdn.kobo.com/book-images/3f321736-62ab-46cb-ae65-dabe29f7eea4/353/569/90/False/BZkTJbpWnTWsH4_ozeT9vA.jpg,https://www.kobo.com/tw/zh/ebook/BZkTJbpWnTWsH4_ozeT9vA?sId=787b2f22eac4c33a7adbe576e8ad287a
2025-06-15,赫曼．赫塞,德米安【獨家收錄詹姆斯・法蘭科專文導讀】：埃米爾．辛克萊年少時的故事（徬徨少年時）,210,9789864895403,https://cdn.kobo.com/book-images/ae0cd56f-8ec4-4e2d-bc97-29ea34073182/353/569/90/False/ib-jIoEV2Dqm0I1tAc6TWQ.jpg,https://www.kobo.com/tw/zh/ebook/ib-jIoEV2Dqm0I1tAc6TWQ?sId=787b2f22eac4c33a7adbe576e8ad287a
2025-06-15,赫曼．赫塞,悉達多：一首印度的詩（流浪者之歌）,210,7384000000026,https://cdn.kobo.com/book-images/2ebd8c79-acb7-430a-abd8-3998815f26dd/353/569/90/False/5P5w8osOvzauH183YElyCw.jpg,https://www.kobo.com/tw/zh/audiobook/5P5w8osOvzauH183YElyCw?sId=787b2f22eac4c33a7adbe576e8ad287a
2025-06-15,赫曼．赫塞,悉達多【獨家收錄保羅．科爾賀專文導讀、林懷民繆思分享】：一首印度的詩（流浪者之歌）,196,9789864895397,https://cdn.kobo.com/book-images/827cfb45-6d4c-43cb-866a-eb45ca8c20c7/353/569/90/False/8X4BYN4ZszavG3vs7B0Jdg.jpg,https://www.kobo.com/tw/zh/ebook/8X4BYN4ZszavG3vs7B0Jdg?sId=787b2f22eac4c33a7adbe576e8ad287a
2025-06-15,赫曼．赫塞,流浪者之歌（首度德文直譯本）,210,3090000000515,https://cdn.kobo.com/book-images/f601d38b-894e-436d-852c-e48f41d06a75/353/569/90/False/uWrynH7_LjCJaQT5rWrZjg.jpg,https://www.kobo.com/tw/zh/ebook/uWrynH7_LjCJaQT5rWrZjg?sId=787b2f22eac4c33a7adbe576e8ad287a
2025-06-15,赫曼．赫塞,赫曼赫塞童話故事集,250,3119864773930,https://cdn.kobo.com/book-images/5f4ae374-cda4-4a0c-a27f-58f4eb5939e0/353/569/90/False/fUpsq8DF8Tq5Lguv3pHWuQ.jpg,https://www.kobo.com/tw/zh/ebook/fUpsq8DF8Tq5Lguv3pHWuQ?sId=787b2f22eac4c33a7adbe576e8ad287a
2025-06-15,赫曼．赫塞,鄉愁（德文直譯本）,196,3090000006527,https://cdn.kobo.com/book-images/567c8c31-ebf2-4ffb-a5b1-7e294bb27479/353/569/90/False/By8ilup3JjmH2kf5ty2N8g.jpg,https://www.kobo.com/tw/zh/ebook/By8ilup3JjmH2kf5ty2N8g?sId=787b2f22eac4c33a7adbe576e8ad287a
2025-06-15,赫曼．赫塞,徬徨少年時（德文直譯本）,196,3090000030292,https://cdn.kobo.com/book-images/0eb8b492-c683-4d13-8a2e-40fd1872ced9/353/569/90/False/p9r2phjlUzO8q-gEc3Ysmg.jpg,https://www.kobo.com/tw/zh/ebook/p9r2phjlUzO8q-gEc3Ysmg?sId=787b2f22eac4c33a7adbe576e8ad287a
2025-06-15,赫曼．赫塞,德米安：埃米爾．辛克萊年少時的故事（徬徨少年時）,210,7384000000027,https://cdn.kobo.com/book-images/e921900f-2bfe-42d8-8547-198c1b3b42b1/353/569/90/False/pO0YjhmJajyGRrdkzlKsnA.jpg,https://www.kobo.com/tw/zh/audiobook/pO0YjhmJajyGRrdkzlKsnA?sId=787b2f22eac4c33a7adbe576e8ad287a
2025-06-15,赫曼．赫塞,在書中發現自己的靈魂：慢讀赫塞,250,3128000000104,https://cdn.kobo.com/book-images/5139dd71-3f40-4bbf-aaa6-752447892743/353/569/90/False/mj-jE6bxOTazX9ad0uwE7g.jpg,https://www.kobo.com/tw/zh/ebook/mj-jE6bxOTazX9ad0uwE7g?sId=787b2f22eac4c33a7adbe576e8ad287a
2025-06-15,赫曼．赫塞,車輪下（首度德文直譯本）,210,3090000000590,https://cdn.kobo.com/book-images/40dde703-286a-487c-acca-3d0e177e4d0a/353/569/90/False/iRXS-e-7fzumzrZdY8d_8Q.jpg,https://www.kobo.com/tw/zh/ebook/iRXS-e-7fzumzrZdY8d_8Q?sId=787b2f22eac4c33a7adbe576e8ad287a
2025-06-15,赫曼．赫塞,荒野之狼（首度德文直譯本）,245,3090000005737,https://cdn.kobo.com/book-images/449cd682-c515-465f-b6f3-c5b59e8310e3/353/569/90/False/VFQPtyjUrTGJSlcoqoICxg.jpg,https://www.kobo.com/tw/zh/ebook/VFQPtyjUrTGJSlcoqoICxg?sId=117e35c92098304eadc89d3361ad6d15
2025-06-15,赫曼．赫塞,德米安：彷徨少年時,228,7289867101822,https://cdn.kobo.com/book-images/897fa0c7-1c7f-4005-9de8-784febd6e287/353/569/90/False/ZNYK-tlfkD-IZy3hlnFJAw.jpg,https://www.kobo.com/tw/zh/ebook/ZNYK-tlfkD-IZy3hlnFJAw?sId=117e35c92098304eadc89d3361ad6d15
2025-06-15,赫曼．赫塞,荒野之狼（德文新譯本）,294,3119864771400,https://cdn.kobo.com/book-images/c81844a1-3034-4867-a324-b6f0bd00c252/353/569/90/False/6g6wxeuiYjuWU71oa_5Mzg.jpg,https://www.kobo.com/tw/zh/ebook/6g6wxeuiYjuWU71oa_5Mzg?sId=117e35c92098304eadc89d3361ad6d15
2025-06-15,赫曼．赫塞,流浪者之歌,245,9786263744417,https://cdn.kobo.com/book-images/dbaffb64-2df7-46df-9836-4b43eb375d74/353/569/90/False/SSmAUWRnWD-200t2EoH_qQ.jpg,https://www.kobo.com/tw/zh/ebook/SSmAUWRnWD-200t2EoH_qQ?sId=117e35c92098304eadc89d3361ad6d15
2025-06-15,赫曼．赫塞,徬徨少年時,175,3090000000352,https://cdn.kobo.com/book-images/b98f888a-ae90-4674-8796-0c691b798c30/353/569/90/False/3cIVTFd3fz6t9pp0NaJsyA.jpg,https://www.kobo.com/tw/zh/ebook/3cIVTFd3fz6t9pp0NaJsyA?sId=117e35c92098304eadc89d3361ad6d15
2025-06-15,赫曼．赫塞,中學生好享讀：諾貝爾大師短篇小說選,225,6709863201113,https://cdn.kobo.com/book-images/f48eb899-1243-4d56-a687-e9d45c5de9ef/353/569/90/False/pnJCPVTatTGHkaHGe4iYMw.jpg,https://www.kobo.com/tw/zh/ebook/pnJCPVTatTGHkaHGe4iYMw?sId=117e35c92098304eadc89d3361ad6d15
2025-06-15,赫曼．赫塞,生命之歌,210,3090000000496,https://cdn.kobo.com/book-images/cab95401-af95-4f91-9d80-41eee92dade2/353/569/90/False/kfbDCDZ4SD6jxk-LU1ireg.jpg,https://www.kobo.com/tw/zh/ebook/kfbDCDZ4SD6jxk-LU1ireg?sId=117e35c92098304eadc89d3361ad6d15
2025-06-15,赫曼．赫塞,園圃之歌：諾貝爾文學獎大師赫曼．赫塞的自然哲思與手繪詩畫,266,9786269638079,https://cdn.kobo.com/book-images/f7453d28-8edd-4d0b-87ae-3f947835f381/353/569/90/False/jHi5IlslGTmTLqpPkwxScQ.jpg,https://www.kobo.com/tw/zh/ebook/jHi5IlslGTmTLqpPkwxScQ?sId=117e35c92098304eadc89d3361ad6d15
2025-06-15,赫曼．赫塞,荒野之狼,315,9786263966987,https://cdn.kobo.com/book-images/3bb495e7-b3a7-490f-be56-c4e3d0755850/353/569/90/False/8qvh-uvBNjeQ5sV5LtVHdw.jpg,https://www.kobo.com/tw/zh/ebook/8qvh-uvBNjeQ5sV5LtVHdw?sId=117e35c92098304eadc89d3361ad6d15
2025-06-15,赫曼．赫塞,流浪者之歌【感動解讀版】,400,9786269936137,https://cdn.kobo.com/book-images/921c4663-8c49-4f8f-a61f-e24755dbae11/353/569/90/False/JNfPTDEjDz-tAMfp3Egokg.jpg,https://www.kobo.com/tw/zh/ebook/JNfPTDEjDz-tAMfp3Egokg?sId=117e35c92098304eadc89d3361ad6d15
2025-06-15,赫曼．赫塞,悠遊之歌（三版）,175,9789864023936,https://cdn.kobo.com/book-images/e52679bc-171d-45f8-bf8a-8a159a9891ed/353/569/90/False/UHZLCrSJATqst2fZDCkzBA.jpg,https://www.kobo.com/tw/zh/ebook/UHZLCrSJATqst2fZDCkzBA?sId=117e35c92098304eadc89d3361ad6d15
2025-06-16,卡繆,異鄉人（卡繆版書衣）,154,3119861735450,https://cdn.kobo.com/book-images/24099253-90bc-4d80-8825-f6300e8b806f/353/569/90/False/gb2hSkF1KDGjqz18oam2aA.jpg,https://www.kobo.com/tw/zh/ebook/gb2hSkF1KDGjqz18oam2aA?sId=cca7481754a37c23c018d2b799f2ee48
2025-06-16,卡繆,薛西弗斯的神話：點燃希望的哲學頌歌，法國七星文庫權威譯本【傅雷翻譯獎典藏版】,266,9786267596456,https://cdn.kobo.com/book-images/6ccfbf88-73ae-4691-b256-38387994ae56/353/569/90/False/7fFjSyTP9zKPTx3GcPFpfw.jpg,https://www.kobo.com/tw/zh/ebook/7fFjSyTP9zKPTx3GcPFpfw?sId=cca7481754a37c23c018d2b799f2ee48
2025-06-16,卡繆,異鄉人（卡繆經典暢銷作․中文版有聲書首度上市）,220,9789863449263,https://cdn.kobo.com/book-images/a910e55d-8df0-43d3-8ef2-df7dc21d51ba/353/569/90/False/t1OO6Q03qjuX0wfMsaUVPg.jpg,https://www.kobo.com/tw/zh/audiobook/t1OO6Q03qjuX0wfMsaUVPg?sId=cca7481754a37c23c018d2b799f2ee48
2025-06-16,卡繆,異鄉人（2020全新名家譯本，再現卡繆字句推敲的原義）,175,3150000000617,https://cdn.kobo.com/book-images/883f0dcf-e5f7-4dfe-b300-8d725a8da70d/353/569/90/False/0GQk9bH6VzyLV0Q9Faysow.jpg,https://www.kobo.com/tw/zh/ebook/0GQk9bH6VzyLV0Q9Faysow?sId=cca7481754a37c23c018d2b799f2ee48
2025-06-16,卡繆,卡繆荒謬與反抗系列作品全集套書：荒謬系列四部曲《異鄉人》《薛西弗斯的神話》《卡里古拉》《誤會》＋反抗系列三部曲《瘟疫》《反抗者》《正義者》【全新法文名家直譯，首次完整出版，親炙完整的卡繆荒謬哲學】,1519,3150000000694,https://cdn.kobo.com/book-images/76f16f12-492e-4435-b792-e97bba1721d5/353/569/90/False/Kx45Q5lYKTqv_nEYbdwV2A.jpg,https://www.kobo.com/tw/zh/ebook/Kx45Q5lYKTqv_nEYbdwV2A?sId=cca7481754a37c23c018d2b799f2ee48
2025-06-16,卡繆,快樂的死,175,3120000000639,https://cdn.kobo.com/book-images/57e8ecec-6b0d-4586-882a-1f7699f9b494/353/569/90/False/gnS7T3tgLTS1t3eLSRBEeA.jpg,https://www.kobo.com/tw/zh/ebook/gnS7T3tgLTS1t3eLSRBEeA?sId=cca7481754a37c23c018d2b799f2ee48
2025-06-16,卡繆,鼠疫,210,3119861737522,https://cdn.kobo.com/book-images/56a09ae8-dac7-4eb0-9dde-b427a5a1aacb/353/569/90/False/tGTtah0cyzKVQIXzpZ7NTQ.jpg,https://www.kobo.com/tw/zh/ebook/tGTtah0cyzKVQIXzpZ7NTQ?sId=cca7481754a37c23c018d2b799f2ee48
2025-06-16,卡繆,薛西弗斯的神話,210,3150000000396,https://cdn.kobo.com/book-images/71d8cd60-c407-4367-bced-a36718fcf86f/353/569/90/False/t0r8j-Ym4jee3YDu96AA1w.jpg,https://www.kobo.com/tw/zh/ebook/t0r8j-Ym4jee3YDu96AA1w?sId=cca7481754a37c23c018d2b799f2ee48
2025-06-16,卡繆,卡繆反抗三部曲套書：《瘟疫》＋《反抗者》＋《正義者》【全新法文名家直譯，首次完整出版，親炙完整的卡繆反抗思想】,728,3150000000687,https://cdn.kobo.com/book-images/9f980967-d3c1-4ac0-9f8c-f8e0ccbbcc60/353/569/90/False/B1m2jKOONjKjTMVkT5k1NQ.jpg,https://www.kobo.com/tw/zh/ebook/B1m2jKOONjKjTMVkT5k1NQ?sId=cca7481754a37c23c018d2b799f2ee48
2025-06-16,卡繆,瘟疫,210,9789861785516,https://cdn.kobo.com/book-images/8d4f032e-dd57-4b50-a7d8-07f8e494bce5/353/569/90/False/sQ5ce_0gtz-yiFpE7SxWag.jpg,https://www.kobo.com/tw/zh/ebook/sQ5ce_0gtz-yiFpE7SxWag?sId=cca7481754a37c23c018d2b799f2ee48
2025-06-16,卡繆,正義者（首次出版，法文直譯名家譯本，卡繆展現對正義與反抗的考驗）,196,9789860777161,https://cdn.kobo.com/book-images/9291fc65-996d-4a27-83f4-a141c345d8cb/353/569/90/False/QQT3HgwFsT2xefv4IRMF9w.jpg,https://www.kobo.com/tw/zh/ebook/QQT3HgwFsT2xefv4IRMF9w?sId=cca7481754a37c23c018d2b799f2ee48
2025-06-16,卡繆,鼠疫（卡繆經典暢銷作․中文版有聲書首度上市）,300,9789863449270,https://cdn.kobo.com/book-images/ba766fe2-65df-4d69-83bc-798bf2340c10/353/569/90/False/AMe0qKS-yzinEfp_ItutUg.jpg,https://www.kobo.com/tw/zh/audiobook/AMe0qKS-yzinEfp_ItutUg?sId=cca7481754a37c23c018d2b799f2ee48
2025-06-16,卡繆,卡里古拉【1957年諾貝爾文學獎得主描摹荒謬的經典代表作,210,9786267118108,https://cdn.kobo.com/book-images/228a6362-9e74-450c-806f-26d0291b0115/353/569/90/False/bUv8_ShWSDyzoufG54r66g.jpg,https://www.kobo.com/tw/zh/ebook/bUv8_ShWSDyzoufG54r66g?sId=27ecf239c9a1cea35fb393f2b2564b64
2025-06-16,卡繆,誤會【1957年諾貝爾文學獎得主面對自我放逐之旅的核心之作】,196,9786267118139,https://cdn.kobo.com/book-images/f35af051-fd52-4e22-a2df-d19abd3abf6e/353/569/90/False/XznH9zQdijG-RQoi9MTYng.jpg,https://www.kobo.com/tw/zh/ebook/XznH9zQdijG-RQoi9MTYng?sId=27ecf239c9a1cea35fb393f2b2564b64
2025-06-16,卡繆,鼠疫【全新名家譯本】（特別收錄哲學解析〈一部存在主義小說的後現代閱讀〉）,266,9789864895434,https://cdn.kobo.com/book-images/f4d068a2-498d-4817-97dd-d7492dc32b10/353/569/90/False/K9cd87y5oDGaSXDvYBOiAg.jpg,https://www.kobo.com/tw/zh/ebook/K9cd87y5oDGaSXDvYBOiAg?sId=27ecf239c9a1cea35fb393f2b2564b64
2025-06-16,卡繆,異鄉人【獨家收錄沙特評論・2022全新名家譯本】,196,9789864896073,https://cdn.kobo.com/book-images/a71e071c-2ddd-47b0-ba0d-0ad67a3261c3/353/569/90/False/VQ2InesBOjKI-Xv96viLqA.jpg,https://www.kobo.com/tw/zh/ebook/VQ2InesBOjKI-Xv96viLqA?sId=27ecf239c9a1cea35fb393f2b2564b64
2025-06-16,卡繆,瘟疫（2021最新名家譯本，卡繆對疫情下被禁錮人心的鼓舞）,266,9789860777192,https://cdn.kobo.com/book-images/9618975f-d9f0-47af-bd43-571387f8a06a/353/569/90/False/wJ6ORaWSDj60GIzsDTf9Zg.jpg,https://www.kobo.com/tw/zh/ebook/wJ6ORaWSDj60GIzsDTf9Zg?sId=27ecf239c9a1cea35fb393f2b2564b64
2025-06-16,卡繆,異鄉人,210,3039571384641,https://cdn.kobo.com/book-images/81e2cbee-7fb1-445c-8a9a-54f11683b376/353/569/90/False/wUn6RJK3RjCYH8YflJqYFw.jpg,https://www.kobo.com/tw/zh/ebook/wUn6RJK3RjCYH8YflJqYFw?sId=27ecf239c9a1cea35fb393f2b2564b64
2025-06-16,卡繆,反抗者（新版）,266,3150000000392,https://cdn.kobo.com/book-images/0169f08d-1636-4fe9-865e-ac9323facfa7/353/569/90/False/dnhkQv1woTKBLngzg4RbMg.jpg,https://www.kobo.com/tw/zh/ebook/dnhkQv1woTKBLngzg4RbMg?sId=27ecf239c9a1cea35fb393f2b2564b64
2025-06-16,卡繆,薛西弗斯的神話：卡繆的荒謬哲學,230,3120000000285,https://cdn.kobo.com/book-images/8cfb868b-d1ce-428f-9dc1-8a7b0724f790/353/569/90/False/dz7TJXld6DK-tFChkyuNug.jpg,https://www.kobo.com/tw/zh/ebook/dz7TJXld6DK-tFChkyuNug?sId=27ecf239c9a1cea35fb393f2b2564b64
2025-06-16,卡繆,卡繆荒謬系列四部曲套書：《異鄉人》＋《薛西弗斯的神話》＋《卡里古拉》＋《誤會》【全新法文名家直譯，首次完整出版，親炙完整的卡繆荒謬哲學】,791,3150000000693,https://cdn.kobo.com/book-images/462128f0-194c-4f37-91e4-c9cdfbe0d7b2/353/569/90/False/iBMVIqmTtjmYjH2oJl_r8A.jpg,https://www.kobo.com/tw/zh/ebook/iBMVIqmTtjmYjH2oJl_r8A?sId=27ecf239c9a1cea35fb393f2b2564b64
2025-06-16,卡繆,異鄉人：最值得珍藏的名家譯本,224,3119864778287,https://cdn.kobo.com/book-images/59186bf1-d059-4aeb-afcb-36b164712ef7/353/569/90/False/XRU3eRrUUD6pvlI4liPZbg.jpg,https://www.kobo.com/tw/zh/ebook/XRU3eRrUUD6pvlI4liPZbg?sId=27ecf239c9a1cea35fb393f2b2564b64
2025-06-16,卡繆,放逐與王國,210,9789863874133,https://cdn.kobo.com/book-images/5f1ba02d-68c9-4aa5-85ab-824c904439e9/353/569/90/False/RVGALpaZsjaTbCo1SdZXqw.jpg,https://www.kobo.com/tw/zh/ebook/RVGALpaZsjaTbCo1SdZXqw?sId=27ecf239c9a1cea35fb393f2b2564b64
2025-06-16,卡繆,第一人：《異鄉人》存在主義大師的最後遺作！沒讀過《第一人》，就無法了解真正的卡繆！,360,7435000003050,https://cdn.kobo.com/book-images/1000dae4-0e54-4613-994a-2ca68f225aaf/353/569/90/False/mBrCwjCDbT-OmxW_MxQCPg.jpg,https://www.kobo.com/tw/zh/audiobook/mBrCwjCDbT-OmxW_MxQCPg?sId=27ecf239c9a1cea35fb393f2b2564b64
2025-06-16,卡繆,墮落,182,9789861787558,https://cdn.kobo.com/book-images/023f55c5-13cf-4e65-aaa2-e1d0eebea177/353/569/90/False/ie-dvcJKuTWxECoQpt7ptg.jpg,https://www.kobo.com/tw/zh/ebook/ie-dvcJKuTWxECoQpt7ptg?sId=71143d31197189408dd7f31ab13d789f
2025-06-16,卡繆,放逐與王國：卡繆短篇小說,260,9789865482541,https://cdn.kobo.com/book-images/033f901a-cea5-456e-9a5c-534f67c7dd33/353/569/90/False/SmaLhyIaRTOPTVVkw9jskg.jpg,https://www.kobo.com/tw/zh/ebook/SmaLhyIaRTOPTVVkw9jskg?sId=71143d31197189408dd7f31ab13d789f
2025-06-16,卡繆,異鄉人,170,6849862272770,https://cdn.kobo.com/book-images/2f2b24f2-6a61-4ae2-a409-29c8eb0bc992/353/569/90/False/GYi3emouATurt5CEXNGY7A.jpg,https://www.kobo.com/tw/zh/ebook/GYi3emouATurt5CEXNGY7A?sId=71143d31197189408dd7f31ab13d789f
2025-06-16,卡繆,瘟疫（名家經典新譯）,228,9789865482473,https://cdn.kobo.com/book-images/edbaf1b0-60cf-4781-90e1-dcb3d6358348/353/569/90/False/XSi3S6nkVz2SFyXwXYLq1g.jpg,https://www.kobo.com/tw/zh/ebook/XSi3S6nkVz2SFyXwXYLq1g?sId=71143d31197189408dd7f31ab13d789f
2025-06-16,卡繆,異鄉人：荒謬三部曲，首部,210,7384000000024,https://cdn.kobo.com/book-images/12dc1249-e584-452a-a159-54be7be82c4d/353/569/90/False/MDkYBsM0cTm5Kq9j-44S0A.jpg,https://www.kobo.com/tw/zh/audiobook/MDkYBsM0cTm5Kq9j-44S0A?sId=71143d31197189408dd7f31ab13d789f
2025-06-16,簡媜,十種寂寞,252,7390863873877,https://cdn.kobo.com/book-images/137d5050-a414-4644-a453-8236a3c7338c/353/569/90/False/SS3f6q_OmzG6ixjEoQQSBw.jpg,https://www.kobo.com/tw/zh/ebook/SS3f6q_OmzG6ixjEoQQSBw?sId=2596c3a8e81f8db8963e132f393bef08
2025-06-16,簡媜,我為你灑下月光,336,7390863872337,https://cdn.kobo.com/book-images/8d8c685d-f3c5-4e43-a07c-4a7a91f5ad22/353/569/90/False/RBqeU8INXTCG7D8npjR0bw.jpg,https://www.kobo.com/tw/zh/ebook/RBqeU8INXTCG7D8npjR0bw?sId=2596c3a8e81f8db8963e132f393bef08
2025-06-16,簡媜,女兒紅,196,9789863874096,https://cdn.kobo.com/book-images/73163054-0990-4413-b92d-a3d20f20ebaa/353/569/90/False/DBqadeV-gT-bmmVuqDItJg.jpg,https://www.kobo.com/tw/zh/ebook/DBqadeV-gT-bmmVuqDItJg?sId=2596c3a8e81f8db8963e132f393bef08
2025-06-16,簡媜,誰在銀閃閃的地方，等你（增訂版）,392,9789863876021,https://cdn.kobo.com/book-images/18d8f7d3-ad8d-4473-b1b7-aba2ada08383/353/569/90/False/tyYjDkeqiza61CrkeCJu7w.jpg,https://www.kobo.com/tw/zh/ebook/tyYjDkeqiza61CrkeCJu7w?sId=2596c3a8e81f8db8963e132f393bef08
2025-06-16,簡媜,夢遊書,196,9789863874546,https://cdn.kobo.com/book-images/df1c79f2-8ad2-4ed8-9f37-293c81359dd8/353/569/90/False/p_nX7y-6_D6gGQiQ7O__sw.jpg,https://www.kobo.com/tw/zh/ebook/p_nX7y-6_D6gGQiQ7O__sw?sId=2596c3a8e81f8db8963e132f393bef08
2025-06-16,簡媜,吃朋友,245,7390866631382,https://cdn.kobo.com/book-images/03cd221a-bef1-420d-96fa-a1ff5f2ec5f8/353/569/90/False/5xrS1tW6YT6YFfX6xajasQ.jpg,https://www.kobo.com/tw/zh/ebook/5xrS1tW6YT6YFfX6xajasQ?sId=2596c3a8e81f8db8963e132f393bef08
2025-06-16,簡媜,老師的十二樣見面禮,224,7390866873232,https://cdn.kobo.com/book-images/912cffcc-12b7-4881-820d-605be5c0f456/353/569/90/False/Opeot0Gw9zeKOcdaOXIiCg.jpg,https://www.kobo.com/tw/zh/ebook/Opeot0Gw9zeKOcdaOXIiCg?sId=2596c3a8e81f8db8963e132f393bef08
2025-06-16,簡媜,胭脂盆地,196,9789863874553,https://cdn.kobo.com/book-images/0ce65bd8-31e7-48ec-b6c2-f3b4da8f4cb7/353/569/90/False/_jcUd4QT3T6w0ZguwcDvlg.jpg,https://www.kobo.com/tw/zh/ebook/_jcUd4QT3T6w0ZguwcDvlg?sId=2596c3a8e81f8db8963e132f393bef08
2025-06-16,簡媜,紅嬰仔：一個女人和她的育嬰史,252,7390863873068,https://cdn.kobo.com/book-images/4c769dfc-5feb-45bb-bad9-d22ff6fe4425/353/569/90/False/3-XKV53DSzqry1rJm_LJEA.jpg,https://www.kobo.com/tw/zh/ebook/3-XKV53DSzqry1rJm_LJEA?sId=2596c3a8e81f8db8963e132f393bef08
2025-06-16,簡媜,天涯海角──福爾摩沙抒情誌,245,7390863873471,https://cdn.kobo.com/book-images/af00ba7f-99c1-44ae-b3d3-81c4e6e37430/353/569/90/False/y2QggT-GWz28HjuY_ABx1w.jpg,https://www.kobo.com/tw/zh/ebook/y2QggT-GWz28HjuY_ABx1w?sId=2596c3a8e81f8db8963e132f393bef08
2025-06-16,簡媜,老師的十二樣見面禮（增訂版）,329,9789863876236,https://cdn.kobo.com/book-images/5ddd0b2a-a9d1-403d-92c3-60f91baba3c6/353/569/90/False/7r6In9z6kTuCg3twvvZA2g.jpg,https://www.kobo.com/tw/zh/ebook/7r6In9z6kTuCg3twvvZA2g?sId=2596c3a8e81f8db8963e132f393bef08
2025-06-16,簡媜,微暈的樹林,210,9789863875857,https://cdn.kobo.com/book-images/df67a2d3-dab3-4ea6-bdd2-0f0e2b62a151/353/569/90/False/lRjcIazDljKdQZof57Hd9A.jpg,https://www.kobo.com/tw/zh/ebook/lRjcIazDljKdQZof57Hd9A?sId=2596c3a8e81f8db8963e132f393bef08
2025-06-16,簡媜,一個人漫遊，古典森林,315,9789863877745,https://cdn.kobo.com/book-images/0c528bc8-18ea-46e3-acf0-f4c80125be95/353/569/90/False/Yyl9S4wUuDu8rltsfwH3UQ.jpg,https://www.kobo.com/tw/zh/ebook/Yyl9S4wUuDu8rltsfwH3UQ?sId=dc141c92ad2e10d8ac8b6d961415d5a2
2025-06-16,簡媜,旅人之歌——神遊山水詩,210,9789863877516,https://cdn.kobo.com/book-images/ba7b0973-6125-415b-91a8-f4910ba8f09b/353/569/90/False/BEgyL0ETLzSJLhvVE5yKmQ.jpg,https://www.kobo.com/tw/zh/ebook/BEgyL0ETLzSJLhvVE5yKmQ?sId=dc141c92ad2e10d8ac8b6d961415d5a2
2025-06-16,簡媜,與歲月同等心跳,210,9789863877479,https://cdn.kobo.com/book-images/5dc05880-531e-4ce8-9a89-99be05f5d02b/353/569/90/False/1Cgc_XKbQj6NkWrPuaKd2g.jpg,https://www.kobo.com/tw/zh/ebook/1Cgc_XKbQj6NkWrPuaKd2g?sId=dc141c92ad2e10d8ac8b6d961415d5a2
2025-06-16,簡媜,下午茶,160,9789863876946,https://cdn.kobo.com/book-images/84781262-e7bd-4d10-a3c7-d19910fafa73/353/569/90/False/5iBW0pa_Wj2IztG5D0yKyw.jpg,https://www.kobo.com/tw/zh/ebook/5iBW0pa_Wj2IztG5D0yKyw?sId=dc141c92ad2e10d8ac8b6d961415d5a2
2025-06-16,簡媜,只緣身在此山中,224,9789863874911,https://cdn.kobo.com/book-images/a21ea0b7-2449-4d16-b4db-1aa18c1993f3/353/569/90/False/JR_gAXmObD6EROWQrNPmjw.jpg,https://www.kobo.com/tw/zh/ebook/JR_gAXmObD6EROWQrNPmjw?sId=dc141c92ad2e10d8ac8b6d961415d5a2
2025-06-16,簡媜,好一座浮島,210,9789863875666,https://cdn.kobo.com/book-images/dcfdfd36-7d3d-4201-89ab-681303731c15/353/569/90/False/tR63QOkIkjSZNYP1XN8qJQ.jpg,https://www.kobo.com/tw/zh/ebook/tR63QOkIkjSZNYP1XN8qJQ?sId=dc141c92ad2e10d8ac8b6d961415d5a2
2025-06-16,簡媜,陪我散步吧(增訂版),322,9789863878230,https://cdn.kobo.com/book-images/cbf936fb-e579-4f5e-889b-2d092f39c84e/353/569/90/False/5BeIP1SRfTC97-lqaxlVkQ.jpg,https://www.kobo.com/tw/zh/ebook/5BeIP1SRfTC97-lqaxlVkQ?sId=dc141c92ad2e10d8ac8b6d961415d5a2
2025-06-16,簡媜,舊情復燃,220,9789863876380,https://cdn.kobo.com/book-images/97241a9a-8187-4195-a573-9a921c04b9cc/353/569/90/False/wieReZ4jqT2vpPAPLsLmkA.jpg,https://www.kobo.com/tw/zh/ebook/wieReZ4jqT2vpPAPLsLmkA?sId=dc141c92ad2e10d8ac8b6d961415d5a2
2025-06-16,簡媜,密密語,280,9789863876953,https://cdn.kobo.com/book-images/76e8fe19-e84d-4b62-9707-03393a023486/353/569/90/False/mMg1YwJL9TemPTAVwHZbvw.jpg,https://www.kobo.com/tw/zh/ebook/mMg1YwJL9TemPTAVwHZbvw?sId=dc141c92ad2e10d8ac8b6d961415d5a2
2025-06-16,簡媜,月娘照眠牀,220,9789863875314,https://cdn.kobo.com/book-images/1dc984df-000f-4cfb-86bf-d71ead052b02/353/569/90/False/yifYBw_kEz-sjWx9O6wmTg.jpg,https://www.kobo.com/tw/zh/ebook/yifYBw_kEz-sjWx9O6wmTg?sId=dc141c92ad2e10d8ac8b6d961415d5a2
2025-06-16,赫曼．赫塞,流浪者之歌／悉達多,252,9786267095010,https://cdn.kobo.com/book-images/3f321736-62ab-46cb-ae65-dabe29f7eea4/353/569/90/False/BZkTJbpWnTWsH4_ozeT9vA.jpg,https://www.kobo.com/tw/zh/ebook/BZkTJbpWnTWsH4_ozeT9vA?sId=e79015c11d92c373462c97e6cab21f87
2025-06-16,赫曼．赫塞,德米安：埃米爾．辛克萊年少時的故事（徬徨少年時）,210,7384000000027,https://cdn.kobo.com/book-images/e921900f-2bfe-42d8-8547-198c1b3b42b1/353/569/90/False/pO0YjhmJajyGRrdkzlKsnA.jpg,https://www.kobo.com/tw/zh/audiobook/pO0YjhmJajyGRrdkzlKsnA?sId=e79015c11d92c373462c97e6cab21f87
2025-06-16,赫曼．赫塞,德米安：徬徨少年時 (告別徬徨，堅定地做你自己。全新無刪減完整譯本，慕尼黑大學圖書館愛藏版),245,3069869881963,https://cdn.kobo.com/book-images/a809baf5-4e7d-43c9-96e5-7d69fa248b50/353/569/90/False/6fn5ArUqVjSw56cshygW_Q.jpg,https://www.kobo.com/tw/zh/ebook/6fn5ArUqVjSw56cshygW_Q?sId=e79015c11d92c373462c97e6cab21f87
2025-06-16,赫曼．赫塞,德米安【獨家收錄詹姆斯・法蘭科專文導讀】：埃米爾．辛克萊年少時的故事（徬徨少年時）,210,9789864895403,https://cdn.kobo.com/book-images/ae0cd56f-8ec4-4e2d-bc97-29ea34073182/353/569/90/False/ib-jIoEV2Dqm0I1tAc6TWQ.jpg,https://www.kobo.com/tw/zh/ebook/ib-jIoEV2Dqm0I1tAc6TWQ?sId=e79015c11d92c373462c97e6cab21f87
2025-06-16,赫曼．赫塞,悉達多：一首印度的詩（流浪者之歌）,210,7384000000026,https://cdn.kobo.com/book-images/2ebd8c79-acb7-430a-abd8-3998815f26dd/353/569/90/False/5P5w8osOvzauH183YElyCw.jpg,https://www.kobo.com/tw/zh/audiobook/5P5w8osOvzauH183YElyCw?sId=e79015c11d92c373462c97e6cab21f87
2025-06-16,赫曼．赫塞,悉達多【獨家收錄保羅．科爾賀專文導讀、林懷民繆思分享】：一首印度的詩（流浪者之歌）,196,9789864895397,https://cdn.kobo.com/book-images/827cfb45-6d4c-43cb-866a-eb45ca8c20c7/353/569/90/False/8X4BYN4ZszavG3vs7B0Jdg.jpg,https://www.kobo.com/tw/zh/ebook/8X4BYN4ZszavG3vs7B0Jdg?sId=e79015c11d92c373462c97e6cab21f87
2025-06-16,赫曼．赫塞,流浪者之歌（首度德文直譯本）,210,3090000000515,https://cdn.kobo.com/book-images/f601d38b-894e-436d-852c-e48f41d06a75/353/569/90/False/uWrynH7_LjCJaQT5rWrZjg.jpg,https://www.kobo.com/tw/zh/ebook/uWrynH7_LjCJaQT5rWrZjg?sId=e79015c11d92c373462c97e6cab21f87
2025-06-16,赫曼．赫塞,赫曼赫塞童話故事集,250,3119864773930,https://cdn.kobo.com/book-images/5f4ae374-cda4-4a0c-a27f-58f4eb5939e0/353/569/90/False/fUpsq8DF8Tq5Lguv3pHWuQ.jpg,https://www.kobo.com/tw/zh/ebook/fUpsq8DF8Tq5Lguv3pHWuQ?sId=e79015c11d92c373462c97e6cab21f87
2025-06-16,赫曼．赫塞,鄉愁（德文直譯本）,196,3090000006527,https://cdn.kobo.com/book-images/567c8c31-ebf2-4ffb-a5b1-7e294bb27479/353/569/90/False/By8ilup3JjmH2kf5ty2N8g.jpg,https://www.kobo.com/tw/zh/ebook/By8ilup3JjmH2kf5ty2N8g?sId=e79015c11d92c373462c97e6cab21f87
2025-06-16,赫曼．赫塞,徬徨少年時（德文直譯本）,196,3090000030292,https://cdn.kobo.com/book-images/0eb8b492-c683-4d13-8a2e-40fd1872ced9/353/569/90/False/p9r2phjlUzO8q-gEc3Ysmg.jpg,https://www.kobo.com/tw/zh/ebook/p9r2phjlUzO8q-gEc3Ysmg?sId=e79015c11d92c373462c97e6cab21f87
2025-06-16,赫曼．赫塞,在書中發現自己的靈魂：慢讀赫塞,250,3128000000104,https://cdn.kobo.com/book-images/5139dd71-3f40-4bbf-aaa6-752447892743/353/569/90/False/mj-jE6bxOTazX9ad0uwE7g.jpg,https://www.kobo.com/tw/zh/ebook/mj-jE6bxOTazX9ad0uwE7g?sId=e79015c11d92c373462c97e6cab21f87
2025-06-16,赫曼．赫塞,車輪下（首度德文直譯本）,210,3090000000590,https://cdn.kobo.com/book-images/40dde703-286a-487c-acca-3d0e177e4d0a/353/569/90/False/iRXS-e-7fzumzrZdY8d_8Q.jpg,https://www.kobo.com/tw/zh/ebook/iRXS-e-7fzumzrZdY8d_8Q?sId=e79015c11d92c373462c97e6cab21f87
2025-06-16,赫曼．赫塞,荒野之狼（首度德文直譯本）,245,3090000005737,https://cdn.kobo.com/book-images/449cd682-c515-465f-b6f3-c5b59e8310e3/353/569/90/False/VFQPtyjUrTGJSlcoqoICxg.jpg,https://www.kobo.com/tw/zh/ebook/VFQPtyjUrTGJSlcoqoICxg?sId=3980f0916f7794286c655eb5800b7cee
2025-06-16,赫曼．赫塞,德米安：彷徨少年時,228,7289867101822,https://cdn.kobo.com/book-images/897fa0c7-1c7f-4005-9de8-784febd6e287/353/569/90/False/ZNYK-tlfkD-IZy3hlnFJAw.jpg,https://www.kobo.com/tw/zh/ebook/ZNYK-tlfkD-IZy3hlnFJAw?sId=3980f0916f7794286c655eb5800b7cee
2025-06-16,赫曼．赫塞,荒野之狼（德文新譯本）,294,3119864771400,https://cdn.kobo.com/book-images/c81844a1-3034-4867-a324-b6f0bd00c252/353/569/90/False/6g6wxeuiYjuWU71oa_5Mzg.jpg,https://www.kobo.com/tw/zh/ebook/6g6wxeuiYjuWU71oa_5Mzg?sId=3980f0916f7794286c655eb5800b7cee
2025-06-16,赫曼．赫塞,流浪者之歌,245,9786263744417,https://cdn.kobo.com/book-images/dbaffb64-2df7-46df-9836-4b43eb375d74/353/569/90/False/SSmAUWRnWD-200t2EoH_qQ.jpg,https://www.kobo.com/tw/zh/ebook/SSmAUWRnWD-200t2EoH_qQ?sId=3980f0916f7794286c655eb5800b7cee
2025-06-16,赫曼．赫塞,徬徨少年時,175,3090000000352,https://cdn.kobo.com/book-images/b98f888a-ae90-4674-8796-0c691b798c30/353/569/90/False/3cIVTFd3fz6t9pp0NaJsyA.jpg,https://www.kobo.com/tw/zh/ebook/3cIVTFd3fz6t9pp0NaJsyA?sId=3980f0916f7794286c655eb5800b7cee
2025-06-16,赫曼．赫塞,中學生好享讀：諾貝爾大師短篇小說選,225,6709863201113,https://cdn.kobo.com/book-images/f48eb899-1243-4d56-a687-e9d45c5de9ef/353/569/90/False/pnJCPVTatTGHkaHGe4iYMw.jpg,https://www.kobo.com/tw/zh/ebook/pnJCPVTatTGHkaHGe4iYMw?sId=3980f0916f7794286c655eb5800b7cee
2025-06-16,赫曼．赫塞,生命之歌,210,3090000000496,https://cdn.kobo.com/book-images/cab95401-af95-4f91-9d80-41eee92dade2/353/569/90/False/kfbDCDZ4SD6jxk-LU1ireg.jpg,https://www.kobo.com/tw/zh/ebook/kfbDCDZ4SD6jxk-LU1ireg?sId=3980f0916f7794286c655eb5800b7cee
2025-06-16,赫曼．赫塞,園圃之歌：諾貝爾文學獎大師赫曼．赫塞的自然哲思與手繪詩畫,266,9786269638079,https://cdn.kobo.com/book-images/f7453d28-8edd-4d0b-87ae-3f947835f381/353/569/90/False/jHi5IlslGTmTLqpPkwxScQ.jpg,https://www.kobo.com/tw/zh/ebook/jHi5IlslGTmTLqpPkwxScQ?sId=3980f0916f7794286c655eb5800b7cee
2025-06-16,赫曼．赫塞,荒野之狼,315,9786263966987,https://cdn.kobo.com/book-images/3bb495e7-b3a7-490f-be56-c4e3d0755850/353/569/90/False/8qvh-uvBNjeQ5sV5LtVHdw.jpg,https://www.kobo.com/tw/zh/ebook/8qvh-uvBNjeQ5sV5LtVHdw?sId=3980f0916f7794286c655eb5800b7cee
2025-06-16,赫曼．赫塞,流浪者之歌【感動解讀版】,400,9786269936137,https://cdn.kobo.com/book-images/921c4663-8c49-4f8f-a61f-e24755dbae11/353/569/90/False/JNfPTDEjDz-tAMfp3Egokg.jpg,https://www.kobo.com/tw/zh/ebook/JNfPTDEjDz-tAMfp3Egokg?sId=3980f0916f7794286c655eb5800b7cee
2025-06-16,赫曼．赫塞,悠遊之歌（三版）,175,9789864023936,https://cdn.kobo.com/book-images/e52679bc-171d-45f8-bf8a-8a159a9891ed/353/569/90/False/UHZLCrSJATqst2fZDCkzBA.jpg,https://www.kobo.com/tw/zh/ebook/UHZLCrSJATqst2fZDCkzBA?sId=3980f0916f7794286c655eb5800b7cee
2025-06-17,卡繆,薛西弗斯的神話：點燃希望的哲學頌歌，法國七星文庫權威譯本【傅雷翻譯獎典藏版】,266,9786267596456,https://cdn.kobo.com/book-images/6ccfbf88-73ae-4691-b256-38387994ae56/353/569/90/False/7fFjSyTP9zKPTx3GcPFpfw.jpg,https://www.kobo.com/tw/zh/ebook/7fFjSyTP9zKPTx3GcPFpfw?sId=e9078d074bf1338643fa5185a64a665a
2025-06-17,卡繆,異鄉人（卡繆版書衣）,154,3119861735450,https://cdn.kobo.com/book-images/24099253-90bc-4d80-8825-f6300e8b806f/353/569/90/False/gb2hSkF1KDGjqz18oam2aA.jpg,https://www.kobo.com/tw/zh/ebook/gb2hSkF1KDGjqz18oam2aA?sId=e9078d074bf1338643fa5185a64a665a
2025-06-17,卡繆,快樂的死,175,3120000000639,https://cdn.kobo.com/book-images/57e8ecec-6b0d-4586-882a-1f7699f9b494/353/569/90/False/gnS7T3tgLTS1t3eLSRBEeA.jpg,https://www.kobo.com/tw/zh/ebook/gnS7T3tgLTS1t3eLSRBEeA?sId=e9078d074bf1338643fa5185a64a665a
2025-06-17,卡繆,異鄉人（卡繆經典暢銷作․中文版有聲書首度上市）,220,9789863449263,https://cdn.kobo.com/book-images/a910e55d-8df0-43d3-8ef2-df7dc21d51ba/353/569/90/False/t1OO6Q03qjuX0wfMsaUVPg.jpg,https://www.kobo.com/tw/zh/audiobook/t1OO6Q03qjuX0wfMsaUVPg?sId=e9078d074bf1338643fa5185a64a665a
2025-06-17,卡繆,異鄉人（2020全新名家譯本，再現卡繆字句推敲的原義）,175,3150000000617,https://cdn.kobo.com/book-images/883f0dcf-e5f7-4dfe-b300-8d725a8da70d/353/569/90/False/0GQk9bH6VzyLV0Q9Faysow.jpg,https://www.kobo.com/tw/zh/ebook/0GQk9bH6VzyLV0Q9Faysow?sId=e9078d074bf1338643fa5185a64a665a
2025-06-17,卡繆,卡繆荒謬與反抗系列作品全集套書：荒謬系列四部曲《異鄉人》《薛西弗斯的神話》《卡里古拉》《誤會》＋反抗系列三部曲《瘟疫》《反抗者》《正義者》【全新法文名家直譯，首次完整出版，親炙完整的卡繆荒謬哲學】,1519,3150000000694,https://cdn.kobo.com/book-images/76f16f12-492e-4435-b792-e97bba1721d5/353/569/90/False/Kx45Q5lYKTqv_nEYbdwV2A.jpg,https://www.kobo.com/tw/zh/ebook/Kx45Q5lYKTqv_nEYbdwV2A?sId=e9078d074bf1338643fa5185a64a665a
2025-06-17,卡繆,薛西弗斯的神話,210,3150000000396,https://cdn.kobo.com/book-images/71d8cd60-c407-4367-bced-a36718fcf86f/353/569/90/False/t0r8j-Ym4jee3YDu96AA1w.jpg,https://www.kobo.com/tw/zh/ebook/t0r8j-Ym4jee3YDu96AA1w?sId=e9078d074bf1338643fa5185a64a665a
2025-06-17,卡繆,鼠疫,210,3119861737522,https://cdn.kobo.com/book-images/56a09ae8-dac7-4eb0-9dde-b427a5a1aacb/353/569/90/False/tGTtah0cyzKVQIXzpZ7NTQ.jpg,https://www.kobo.com/tw/zh/ebook/tGTtah0cyzKVQIXzpZ7NTQ?sId=e9078d074bf1338643fa5185a64a665a
2025-06-17,卡繆,卡繆反抗三部曲套書：《瘟疫》＋《反抗者》＋《正義者》【全新法文名家直譯，首次完整出版，親炙完整的卡繆反抗思想】,728,3150000000687,https://cdn.kobo.com/book-images/9f980967-d3c1-4ac0-9f8c-f8e0ccbbcc60/353/569/90/False/B1m2jKOONjKjTMVkT5k1NQ.jpg,https://www.kobo.com/tw/zh/ebook/B1m2jKOONjKjTMVkT5k1NQ?sId=e9078d074bf1338643fa5185a64a665a
2025-06-17,卡繆,瘟疫,210,9789861785516,https://cdn.kobo.com/book-images/8d4f032e-dd57-4b50-a7d8-07f8e494bce5/353/569/90/False/sQ5ce_0gtz-yiFpE7SxWag.jpg,https://www.kobo.com/tw/zh/ebook/sQ5ce_0gtz-yiFpE7SxWag?sId=e9078d074bf1338643fa5185a64a665a
2025-06-17,卡繆,正義者（首次出版，法文直譯名家譯本，卡繆展現對正義與反抗的考驗）,196,9789860777161,https://cdn.kobo.com/book-images/9291fc65-996d-4a27-83f4-a141c345d8cb/353/569/90/False/QQT3HgwFsT2xefv4IRMF9w.jpg,https://www.kobo.com/tw/zh/ebook/QQT3HgwFsT2xefv4IRMF9w?sId=e9078d074bf1338643fa5185a64a665a
2025-06-17,卡繆,卡里古拉【1957年諾貝爾文學獎得主描摹荒謬的經典代表作,210,9786267118108,https://cdn.kobo.com/book-images/228a6362-9e74-450c-806f-26d0291b0115/353/569/90/False/bUv8_ShWSDyzoufG54r66g.jpg,https://www.kobo.com/tw/zh/ebook/bUv8_ShWSDyzoufG54r66g?sId=e9078d074bf1338643fa5185a64a665a
2025-06-17,卡繆,誤會【1957年諾貝爾文學獎得主面對自我放逐之旅的核心之作】,196,9786267118139,https://cdn.kobo.com/book-images/f35af051-fd52-4e22-a2df-d19abd3abf6e/353/569/90/False/XznH9zQdijG-RQoi9MTYng.jpg,https://www.kobo.com/tw/zh/ebook/XznH9zQdijG-RQoi9MTYng?sId=a60c7d20f1842b014e24d44a289af2eb
2025-06-17,卡繆,鼠疫【全新名家譯本】（特別收錄哲學解析〈一部存在主義小說的後現代閱讀〉）,266,9789864895434,https://cdn.kobo.com/book-images/f4d068a2-498d-4817-97dd-d7492dc32b10/353/569/90/False/K9cd87y5oDGaSXDvYBOiAg.jpg,https://www.kobo.com/tw/zh/ebook/K9cd87y5oDGaSXDvYBOiAg?sId=a60c7d20f1842b014e24d44a289af2eb
2025-06-17,卡繆,異鄉人【獨家收錄沙特評論・2022全新名家譯本】,196,9789864896073,https://cdn.kobo.com/book-images/a71e071c-2ddd-47b0-ba0d-0ad67a3261c3/353/569/90/False/VQ2InesBOjKI-Xv96viLqA.jpg,https://www.kobo.com/tw/zh/ebook/VQ2InesBOjKI-Xv96viLqA?sId=a60c7d20f1842b014e24d44a289af2eb
2025-06-17,卡繆,瘟疫（2021最新名家譯本，卡繆對疫情下被禁錮人心的鼓舞）,266,9789860777192,https://cdn.kobo.com/book-images/9618975f-d9f0-47af-bd43-571387f8a06a/353/569/90/False/wJ6ORaWSDj60GIzsDTf9Zg.jpg,https://www.kobo.com/tw/zh/ebook/wJ6ORaWSDj60GIzsDTf9Zg?sId=a60c7d20f1842b014e24d44a289af2eb
2025-06-17,卡繆,異鄉人,210,3039571384641,https://cdn.kobo.com/book-images/81e2cbee-7fb1-445c-8a9a-54f11683b376/353/569/90/False/wUn6RJK3RjCYH8YflJqYFw.jpg,https://www.kobo.com/tw/zh/ebook/wUn6RJK3RjCYH8YflJqYFw?sId=a60c7d20f1842b014e24d44a289af2eb
2025-06-17,卡繆,反抗者（新版）,266,3150000000392,https://cdn.kobo.com/book-images/0169f08d-1636-4fe9-865e-ac9323facfa7/353/569/90/False/dnhkQv1woTKBLngzg4RbMg.jpg,https://www.kobo.com/tw/zh/ebook/dnhkQv1woTKBLngzg4RbMg?sId=a60c7d20f1842b014e24d44a289af2eb
2025-06-17,卡繆,薛西弗斯的神話：卡繆的荒謬哲學,230,3120000000285,https://cdn.kobo.com/book-images/8cfb868b-d1ce-428f-9dc1-8a7b0724f790/353/569/90/False/dz7TJXld6DK-tFChkyuNug.jpg,https://www.kobo.com/tw/zh/ebook/dz7TJXld6DK-tFChkyuNug?sId=a60c7d20f1842b014e24d44a289af2eb
2025-06-17,卡繆,卡繆荒謬系列四部曲套書：《異鄉人》＋《薛西弗斯的神話》＋《卡里古拉》＋《誤會》【全新法文名家直譯，首次完整出版，親炙完整的卡繆荒謬哲學】,791,3150000000693,https://cdn.kobo.com/book-images/462128f0-194c-4f37-91e4-c9cdfbe0d7b2/353/569/90/False/iBMVIqmTtjmYjH2oJl_r8A.jpg,https://www.kobo.com/tw/zh/ebook/iBMVIqmTtjmYjH2oJl_r8A?sId=a60c7d20f1842b014e24d44a289af2eb
2025-06-17,卡繆,鼠疫（卡繆經典暢銷作․中文版有聲書首度上市）,300,9789863449270,https://cdn.kobo.com/book-images/ba766fe2-65df-4d69-83bc-798bf2340c10/353/569/90/False/AMe0qKS-yzinEfp_ItutUg.jpg,https://www.kobo.com/tw/zh/audiobook/AMe0qKS-yzinEfp_ItutUg?sId=a60c7d20f1842b014e24d44a289af2eb
2025-06-17,卡繆,異鄉人：最值得珍藏的名家譯本,224,3119864778287,https://cdn.kobo.com/book-images/59186bf1-d059-4aeb-afcb-36b164712ef7/353/569/90/False/XRU3eRrUUD6pvlI4liPZbg.jpg,https://www.kobo.com/tw/zh/ebook/XRU3eRrUUD6pvlI4liPZbg?sId=a60c7d20f1842b014e24d44a289af2eb
2025-06-17,卡繆,放逐與王國,210,9789863874133,https://cdn.kobo.com/book-images/5f1ba02d-68c9-4aa5-85ab-824c904439e9/353/569/90/False/RVGALpaZsjaTbCo1SdZXqw.jpg,https://www.kobo.com/tw/zh/ebook/RVGALpaZsjaTbCo1SdZXqw?sId=a60c7d20f1842b014e24d44a289af2eb
2025-06-17,卡繆,第一人：《異鄉人》存在主義大師的最後遺作！沒讀過《第一人》，就無法了解真正的卡繆！,360,7435000003050,https://cdn.kobo.com/book-images/1000dae4-0e54-4613-994a-2ca68f225aaf/353/569/90/False/mBrCwjCDbT-OmxW_MxQCPg.jpg,https://www.kobo.com/tw/zh/audiobook/mBrCwjCDbT-OmxW_MxQCPg?sId=a60c7d20f1842b014e24d44a289af2eb
2025-06-17,卡繆,墮落,182,9789861787558,https://cdn.kobo.com/book-images/023f55c5-13cf-4e65-aaa2-e1d0eebea177/353/569/90/False/ie-dvcJKuTWxECoQpt7ptg.jpg,https://www.kobo.com/tw/zh/ebook/ie-dvcJKuTWxECoQpt7ptg?sId=dd7ad9713abad4a375a21dc5ed444fb0
2025-06-17,卡繆,放逐與王國：卡繆短篇小說,260,9789865482541,https://cdn.kobo.com/book-images/033f901a-cea5-456e-9a5c-534f67c7dd33/353/569/90/False/SmaLhyIaRTOPTVVkw9jskg.jpg,https://www.kobo.com/tw/zh/ebook/SmaLhyIaRTOPTVVkw9jskg?sId=dd7ad9713abad4a375a21dc5ed444fb0
2025-06-17,卡繆,異鄉人,170,6849862272770,https://cdn.kobo.com/book-images/2f2b24f2-6a61-4ae2-a409-29c8eb0bc992/353/569/90/False/GYi3emouATurt5CEXNGY7A.jpg,https://www.kobo.com/tw/zh/ebook/GYi3emouATurt5CEXNGY7A?sId=dd7ad9713abad4a375a21dc5ed444fb0
2025-06-17,卡繆,瘟疫（名家經典新譯）,228,9789865482473,https://cdn.kobo.com/book-images/edbaf1b0-60cf-4781-90e1-dcb3d6358348/353/569/90/False/XSi3S6nkVz2SFyXwXYLq1g.jpg,https://www.kobo.com/tw/zh/ebook/XSi3S6nkVz2SFyXwXYLq1g?sId=dd7ad9713abad4a375a21dc5ed444fb0
2025-06-17,卡繆,異鄉人：荒謬三部曲，首部,210,7384000000024,https://cdn.kobo.com/book-images/12dc1249-e584-452a-a159-54be7be82c4d/353/569/90/False/MDkYBsM0cTm5Kq9j-44S0A.jpg,https://www.kobo.com/tw/zh/audiobook/MDkYBsM0cTm5Kq9j-44S0A?sId=dd7ad9713abad4a375a21dc5ed444fb0
2025-06-17,簡媜,十種寂寞,252,7390863873877,https://cdn.kobo.com/book-images/137d5050-a414-4644-a453-8236a3c7338c/353/569/90/False/SS3f6q_OmzG6ixjEoQQSBw.jpg,https://www.kobo.com/tw/zh/ebook/SS3f6q_OmzG6ixjEoQQSBw?sId=317aade973c46a3c5bdffec8e01ac4ea
2025-06-17,簡媜,我為你灑下月光,336,7390863872337,https://cdn.kobo.com/book-images/8d8c685d-f3c5-4e43-a07c-4a7a91f5ad22/353/569/90/False/RBqeU8INXTCG7D8npjR0bw.jpg,https://www.kobo.com/tw/zh/ebook/RBqeU8INXTCG7D8npjR0bw?sId=317aade973c46a3c5bdffec8e01ac4ea
2025-06-17,簡媜,女兒紅,196,9789863874096,https://cdn.kobo.com/book-images/73163054-0990-4413-b92d-a3d20f20ebaa/353/569/90/False/DBqadeV-gT-bmmVuqDItJg.jpg,https://www.kobo.com/tw/zh/ebook/DBqadeV-gT-bmmVuqDItJg?sId=317aade973c46a3c5bdffec8e01ac4ea
2025-06-17,簡媜,誰在銀閃閃的地方，等你（增訂版）,392,9789863876021,https://cdn.kobo.com/book-images/18d8f7d3-ad8d-4473-b1b7-aba2ada08383/353/569/90/False/tyYjDkeqiza61CrkeCJu7w.jpg,https://www.kobo.com/tw/zh/ebook/tyYjDkeqiza61CrkeCJu7w?sId=317aade973c46a3c5bdffec8e01ac4ea
2025-06-17,簡媜,夢遊書,196,9789863874546,https://cdn.kobo.com/book-images/df1c79f2-8ad2-4ed8-9f37-293c81359dd8/353/569/90/False/p_nX7y-6_D6gGQiQ7O__sw.jpg,https://www.kobo.com/tw/zh/ebook/p_nX7y-6_D6gGQiQ7O__sw?sId=317aade973c46a3c5bdffec8e01ac4ea
2025-06-17,簡媜,吃朋友,245,7390866631382,https://cdn.kobo.com/book-images/03cd221a-bef1-420d-96fa-a1ff5f2ec5f8/353/569/90/False/5xrS1tW6YT6YFfX6xajasQ.jpg,https://www.kobo.com/tw/zh/ebook/5xrS1tW6YT6YFfX6xajasQ?sId=317aade973c46a3c5bdffec8e01ac4ea
2025-06-17,簡媜,老師的十二樣見面禮,224,7390866873232,https://cdn.kobo.com/book-images/912cffcc-12b7-4881-820d-605be5c0f456/353/569/90/False/Opeot0Gw9zeKOcdaOXIiCg.jpg,https://www.kobo.com/tw/zh/ebook/Opeot0Gw9zeKOcdaOXIiCg?sId=317aade973c46a3c5bdffec8e01ac4ea
2025-06-17,簡媜,胭脂盆地,196,9789863874553,https://cdn.kobo.com/book-images/0ce65bd8-31e7-48ec-b6c2-f3b4da8f4cb7/353/569/90/False/_jcUd4QT3T6w0ZguwcDvlg.jpg,https://www.kobo.com/tw/zh/ebook/_jcUd4QT3T6w0ZguwcDvlg?sId=317aade973c46a3c5bdffec8e01ac4ea
2025-06-17,簡媜,紅嬰仔：一個女人和她的育嬰史,252,7390863873068,https://cdn.kobo.com/book-images/4c769dfc-5feb-45bb-bad9-d22ff6fe4425/353/569/90/False/3-XKV53DSzqry1rJm_LJEA.jpg,https://www.kobo.com/tw/zh/ebook/3-XKV53DSzqry1rJm_LJEA?sId=317aade973c46a3c5bdffec8e01ac4ea
2025-06-17,簡媜,天涯海角──福爾摩沙抒情誌,245,7390863873471,https://cdn.kobo.com/book-images/af00ba7f-99c1-44ae-b3d3-81c4e6e37430/353/569/90/False/y2QggT-GWz28HjuY_ABx1w.jpg,https://www.kobo.com/tw/zh/ebook/y2QggT-GWz28HjuY_ABx1w?sId=317aade973c46a3c5bdffec8e01ac4ea
2025-06-17,簡媜,老師的十二樣見面禮（增訂版）,329,9789863876236,https://cdn.kobo.com/book-images/5ddd0b2a-a9d1-403d-92c3-60f91baba3c6/353/569/90/False/7r6In9z6kTuCg3twvvZA2g.jpg,https://www.kobo.com/tw/zh/ebook/7r6In9z6kTuCg3twvvZA2g?sId=317aade973c46a3c5bdffec8e01ac4ea
2025-06-17,簡媜,微暈的樹林,210,9789863875857,https://cdn.kobo.com/book-images/df67a2d3-dab3-4ea6-bdd2-0f0e2b62a151/353/569/90/False/lRjcIazDljKdQZof57Hd9A.jpg,https://www.kobo.com/tw/zh/ebook/lRjcIazDljKdQZof57Hd9A?sId=317aade973c46a3c5bdffec8e01ac4ea
2025-06-17,簡媜,一個人漫遊，古典森林,315,9789863877745,https://cdn.kobo.com/book-images/0c528bc8-18ea-46e3-acf0-f4c80125be95/353/569/90/False/Yyl9S4wUuDu8rltsfwH3UQ.jpg,https://www.kobo.com/tw/zh/ebook/Yyl9S4wUuDu8rltsfwH3UQ?sId=345380a8660af529162b091cbdc5a8bc
2025-06-17,簡媜,旅人之歌——神遊山水詩,210,9789863877516,https://cdn.kobo.com/book-images/ba7b0973-6125-415b-91a8-f4910ba8f09b/353/569/90/False/BEgyL0ETLzSJLhvVE5yKmQ.jpg,https://www.kobo.com/tw/zh/ebook/BEgyL0ETLzSJLhvVE5yKmQ?sId=345380a8660af529162b091cbdc5a8bc
2025-06-17,簡媜,與歲月同等心跳,210,9789863877479,https://cdn.kobo.com/book-images/5dc05880-531e-4ce8-9a89-99be05f5d02b/353/569/90/False/1Cgc_XKbQj6NkWrPuaKd2g.jpg,https://www.kobo.com/tw/zh/ebook/1Cgc_XKbQj6NkWrPuaKd2g?sId=345380a8660af529162b091cbdc5a8bc
2025-06-17,簡媜,下午茶,160,9789863876946,https://cdn.kobo.com/book-images/84781262-e7bd-4d10-a3c7-d19910fafa73/353/569/90/False/5iBW0pa_Wj2IztG5D0yKyw.jpg,https://www.kobo.com/tw/zh/ebook/5iBW0pa_Wj2IztG5D0yKyw?sId=345380a8660af529162b091cbdc5a8bc
2025-06-17,簡媜,只緣身在此山中,224,9789863874911,https://cdn.kobo.com/book-images/a21ea0b7-2449-4d16-b4db-1aa18c1993f3/353/569/90/False/JR_gAXmObD6EROWQrNPmjw.jpg,https://www.kobo.com/tw/zh/ebook/JR_gAXmObD6EROWQrNPmjw?sId=345380a8660af529162b091cbdc5a8bc
2025-06-17,簡媜,好一座浮島,210,9789863875666,https://cdn.kobo.com/book-images/dcfdfd36-7d3d-4201-89ab-681303731c15/353/569/90/False/tR63QOkIkjSZNYP1XN8qJQ.jpg,https://www.kobo.com/tw/zh/ebook/tR63QOkIkjSZNYP1XN8qJQ?sId=345380a8660af529162b091cbdc5a8bc
2025-06-17,簡媜,陪我散步吧(增訂版),322,9789863878230,https://cdn.kobo.com/book-images/cbf936fb-e579-4f5e-889b-2d092f39c84e/353/569/90/False/5BeIP1SRfTC97-lqaxlVkQ.jpg,https://www.kobo.com/tw/zh/ebook/5BeIP1SRfTC97-lqaxlVkQ?sId=345380a8660af529162b091cbdc5a8bc
2025-06-17,簡媜,舊情復燃,220,9789863876380,https://cdn.kobo.com/book-images/97241a9a-8187-4195-a573-9a921c04b9cc/353/569/90/False/wieReZ4jqT2vpPAPLsLmkA.jpg,https://www.kobo.com/tw/zh/ebook/wieReZ4jqT2vpPAPLsLmkA?sId=345380a8660af529162b091cbdc5a8bc
2025-06-17,簡媜,密密語,280,9789863876953,https://cdn.kobo.com/book-images/76e8fe19-e84d-4b62-9707-03393a023486/353/569/90/False/mMg1YwJL9TemPTAVwHZbvw.jpg,https://www.kobo.com/tw/zh/ebook/mMg1YwJL9TemPTAVwHZbvw?sId=345380a8660af529162b091cbdc5a8bc
2025-06-17,簡媜,月娘照眠牀,220,9789863875314,https://cdn.kobo.com/book-images/1dc984df-000f-4cfb-86bf-d71ead052b02/353/569/90/False/yifYBw_kEz-sjWx9O6wmTg.jpg,https://www.kobo.com/tw/zh/ebook/yifYBw_kEz-sjWx9O6wmTg?sId=345380a8660af529162b091cbdc5a8bc
2025-06-17,赫曼．赫塞,流浪者之歌／悉達多,252,9786267095010,https://cdn.kobo.com/book-images/3f321736-62ab-46cb-ae65-dabe29f7eea4/353/569/90/False/BZkTJbpWnTWsH4_ozeT9vA.jpg,https://www.kobo.com/tw/zh/ebook/BZkTJbpWnTWsH4_ozeT9vA?sId=e97cb11a5ba027a7396adce5e5a1eadf
2025-06-17,赫曼．赫塞,德米安：徬徨少年時 (告別徬徨，堅定地做你自己。全新無刪減完整譯本，慕尼黑大學圖書館愛藏版),245,3069869881963,https://cdn.kobo.com/book-images/a809baf5-4e7d-43c9-96e5-7d69fa248b50/353/569/90/False/6fn5ArUqVjSw56cshygW_Q.jpg,https://www.kobo.com/tw/zh/ebook/6fn5ArUqVjSw56cshygW_Q?sId=e97cb11a5ba027a7396adce5e5a1eadf
2025-06-17,赫曼．赫塞,德米安：埃米爾．辛克萊年少時的故事（徬徨少年時）,210,7384000000027,https://cdn.kobo.com/book-images/e921900f-2bfe-42d8-8547-198c1b3b42b1/353/569/90/False/pO0YjhmJajyGRrdkzlKsnA.jpg,https://www.kobo.com/tw/zh/audiobook/pO0YjhmJajyGRrdkzlKsnA?sId=e97cb11a5ba027a7396adce5e5a1eadf
2025-06-17,赫曼．赫塞,德米安【獨家收錄詹姆斯・法蘭科專文導讀】：埃米爾．辛克萊年少時的故事（徬徨少年時）,210,9789864895403,https://cdn.kobo.com/book-images/ae0cd56f-8ec4-4e2d-bc97-29ea34073182/353/569/90/False/ib-jIoEV2Dqm0I1tAc6TWQ.jpg,https://www.kobo.com/tw/zh/ebook/ib-jIoEV2Dqm0I1tAc6TWQ?sId=e97cb11a5ba027a7396adce5e5a1eadf
2025-06-17,赫曼．赫塞,悉達多：一首印度的詩（流浪者之歌）,210,7384000000026,https://cdn.kobo.com/book-images/2ebd8c79-acb7-430a-abd8-3998815f26dd/353/569/90/False/5P5w8osOvzauH183YElyCw.jpg,https://www.kobo.com/tw/zh/audiobook/5P5w8osOvzauH183YElyCw?sId=e97cb11a5ba027a7396adce5e5a1eadf
2025-06-17,赫曼．赫塞,流浪者之歌（首度德文直譯本）,210,3090000000515,https://cdn.kobo.com/book-images/f601d38b-894e-436d-852c-e48f41d06a75/353/569/90/False/uWrynH7_LjCJaQT5rWrZjg.jpg,https://www.kobo.com/tw/zh/ebook/uWrynH7_LjCJaQT5rWrZjg?sId=e97cb11a5ba027a7396adce5e5a1eadf
2025-06-17,赫曼．赫塞,悉達多【獨家收錄保羅．科爾賀專文導讀、林懷民繆思分享】：一首印度的詩（流浪者之歌）,196,9789864895397,https://cdn.kobo.com/book-images/827cfb45-6d4c-43cb-866a-eb45ca8c20c7/353/569/90/False/8X4BYN4ZszavG3vs7B0Jdg.jpg,https://www.kobo.com/tw/zh/ebook/8X4BYN4ZszavG3vs7B0Jdg?sId=e97cb11a5ba027a7396adce5e5a1eadf
2025-06-17,赫曼．赫塞,徬徨少年時（德文直譯本）,196,3090000030292,https://cdn.kobo.com/book-images/0eb8b492-c683-4d13-8a2e-40fd1872ced9/353/569/90/False/p9r2phjlUzO8q-gEc3Ysmg.jpg,https://www.kobo.com/tw/zh/ebook/p9r2phjlUzO8q-gEc3Ysmg?sId=e97cb11a5ba027a7396adce5e5a1eadf
2025-06-17,赫曼．赫塞,在書中發現自己的靈魂：慢讀赫塞,250,3128000000104,https://cdn.kobo.com/book-images/5139dd71-3f40-4bbf-aaa6-752447892743/353/569/90/False/mj-jE6bxOTazX9ad0uwE7g.jpg,https://www.kobo.com/tw/zh/ebook/mj-jE6bxOTazX9ad0uwE7g?sId=e97cb11a5ba027a7396adce5e5a1eadf
2025-06-17,赫曼．赫塞,車輪下（首度德文直譯本）,210,3090000000590,https://cdn.kobo.com/book-images/40dde703-286a-487c-acca-3d0e177e4d0a/353/569/90/False/iRXS-e-7fzumzrZdY8d_8Q.jpg,https://www.kobo.com/tw/zh/ebook/iRXS-e-7fzumzrZdY8d_8Q?sId=e97cb11a5ba027a7396adce5e5a1eadf
2025-06-17,赫曼．赫塞,荒野之狼（首度德文直譯本）,245,3090000005737,https://cdn.kobo.com/book-images/449cd682-c515-465f-b6f3-c5b59e8310e3/353/569/90/False/VFQPtyjUrTGJSlcoqoICxg.jpg,https://www.kobo.com/tw/zh/ebook/VFQPtyjUrTGJSlcoqoICxg?sId=e97cb11a5ba027a7396adce5e5a1eadf
2025-06-17,赫曼．赫塞,赫曼赫塞童話故事集,250,3119864773930,https://cdn.kobo.com/book-images/5f4ae374-cda4-4a0c-a27f-58f4eb5939e0/353/569/90/False/fUpsq8DF8Tq5Lguv3pHWuQ.jpg,https://www.kobo.com/tw/zh/ebook/fUpsq8DF8Tq5Lguv3pHWuQ?sId=e97cb11a5ba027a7396adce5e5a1eadf
2025-06-17,赫曼．赫塞,鄉愁（德文直譯本）,196,3090000006527,https://cdn.kobo.com/book-images/567c8c31-ebf2-4ffb-a5b1-7e294bb27479/353/569/90/False/By8ilup3JjmH2kf5ty2N8g.jpg,https://www.kobo.com/tw/zh/ebook/By8ilup3JjmH2kf5ty2N8g?sId=1801f2cb17118e79513b78178aebf35a
2025-06-17,赫曼．赫塞,德米安：彷徨少年時,228,7289867101822,https://cdn.kobo.com/book-images/897fa0c7-1c7f-4005-9de8-784febd6e287/353/569/90/False/ZNYK-tlfkD-IZy3hlnFJAw.jpg,https://www.kobo.com/tw/zh/ebook/ZNYK-tlfkD-IZy3hlnFJAw?sId=1801f2cb17118e79513b78178aebf35a
2025-06-17,赫曼．赫塞,荒野之狼（德文新譯本）,294,3119864771400,https://cdn.kobo.com/book-images/c81844a1-3034-4867-a324-b6f0bd00c252/353/569/90/False/6g6wxeuiYjuWU71oa_5Mzg.jpg,https://www.kobo.com/tw/zh/ebook/6g6wxeuiYjuWU71oa_5Mzg?sId=1801f2cb17118e79513b78178aebf35a
2025-06-17,赫曼．赫塞,流浪者之歌,245,9786263744417,https://cdn.kobo.com/book-images/dbaffb64-2df7-46df-9836-4b43eb375d74/353/569/90/False/SSmAUWRnWD-200t2EoH_qQ.jpg,https://www.kobo.com/tw/zh/ebook/SSmAUWRnWD-200t2EoH_qQ?sId=1801f2cb17118e79513b78178aebf35a
2025-06-17,赫曼．赫塞,徬徨少年時,175,3090000000352,https://cdn.kobo.com/book-images/b98f888a-ae90-4674-8796-0c691b798c30/353/569/90/False/3cIVTFd3fz6t9pp0NaJsyA.jpg,https://www.kobo.com/tw/zh/ebook/3cIVTFd3fz6t9pp0NaJsyA?sId=1801f2cb17118e79513b78178aebf35a
2025-06-17,赫曼．赫塞,中學生好享讀：諾貝爾大師短篇小說選,225,6709863201113,https://cdn.kobo.com/book-images/f48eb899-1243-4d56-a687-e9d45c5de9ef/353/569/90/False/pnJCPVTatTGHkaHGe4iYMw.jpg,https://www.kobo.com/tw/zh/ebook/pnJCPVTatTGHkaHGe4iYMw?sId=1801f2cb17118e79513b78178aebf35a
2025-06-17,赫曼．赫塞,生命之歌,210,3090000000496,https://cdn.kobo.com/book-images/cab95401-af95-4f91-9d80-41eee92dade2/353/569/90/False/kfbDCDZ4SD6jxk-LU1ireg.jpg,https://www.kobo.com/tw/zh/ebook/kfbDCDZ4SD6jxk-LU1ireg?sId=1801f2cb17118e79513b78178aebf35a
2025-06-17,赫曼．赫塞,園圃之歌：諾貝爾文學獎大師赫曼．赫塞的自然哲思與手繪詩畫,266,9786269638079,https://cdn.kobo.com/book-images/f7453d28-8edd-4d0b-87ae-3f947835f381/353/569/90/False/jHi5IlslGTmTLqpPkwxScQ.jpg,https://www.kobo.com/tw/zh/ebook/jHi5IlslGTmTLqpPkwxScQ?sId=1801f2cb17118e79513b78178aebf35a
2025-06-17,赫曼．赫塞,荒野之狼,315,9786263966987,https://cdn.kobo.com/book-images/3bb495e7-b3a7-490f-be56-c4e3d0755850/353/569/90/False/8qvh-uvBNjeQ5sV5LtVHdw.jpg,https://www.kobo.com/tw/zh/ebook/8qvh-uvBNjeQ5sV5LtVHdw?sId=1801f2cb17118e79513b78178aebf35a
2025-06-17,赫曼．赫塞,流浪者之歌【感動解讀版】,400,9786269936137,https://cdn.kobo.com/book-images/921c4663-8c49-4f8f-a61f-e24755dbae11/353/569/90/False/JNfPTDEjDz-tAMfp3Egokg.jpg,https://www.kobo.com/tw/zh/ebook/JNfPTDEjDz-tAMfp3Egokg?sId=1801f2cb17118e79513b78178aebf35a
2025-06-17,赫曼．赫塞,悠遊之歌（三版）,175,9789864023936,https://cdn.kobo.com/book-images/e52679bc-171d-45f8-bf8a-8a159a9891ed/353/569/90/False/UHZLCrSJATqst2fZDCkzBA.jpg,https://www.kobo.com/tw/zh/ebook/UHZLCrSJATqst2fZDCkzBA?sId=1801f2cb17118e79513b78178aebf35a
2025-06-18,卡繆,異鄉人（卡繆版書衣）,154,3119861735450,https://cdn.kobo.com/book-images/24099253-90bc-4d80-8825-f6300e8b806f/353/569/90/False/gb2hSkF1KDGjqz18oam2aA.jpg,https://www.kobo.com/tw/zh/ebook/gb2hSkF1KDGjqz18oam2aA?sId=2ca1fd5317378a62941558840081195b
2025-06-18,卡繆,薛西弗斯的神話：點燃希望的哲學頌歌，法國七星文庫權威譯本【傅雷翻譯獎典藏版】,266,9786267596456,https://cdn.kobo.com/book-images/6ccfbf88-73ae-4691-b256-38387994ae56/353/569/90/False/7fFjSyTP9zKPTx3GcPFpfw.jpg,https://www.kobo.com/tw/zh/ebook/7fFjSyTP9zKPTx3GcPFpfw?sId=2ca1fd5317378a62941558840081195b
2025-06-18,卡繆,快樂的死,175,3120000000639,https://cdn.kobo.com/book-images/57e8ecec-6b0d-4586-882a-1f7699f9b494/353/569/90/False/gnS7T3tgLTS1t3eLSRBEeA.jpg,https://www.kobo.com/tw/zh/ebook/gnS7T3tgLTS1t3eLSRBEeA?sId=2ca1fd5317378a62941558840081195b
2025-06-18,卡繆,異鄉人（卡繆經典暢銷作․中文版有聲書首度上市）,220,9789863449263,https://cdn.kobo.com/book-images/a910e55d-8df0-43d3-8ef2-df7dc21d51ba/353/569/90/False/t1OO6Q03qjuX0wfMsaUVPg.jpg,https://www.kobo.com/tw/zh/audiobook/t1OO6Q03qjuX0wfMsaUVPg?sId=2ca1fd5317378a62941558840081195b
2025-06-18,卡繆,鼠疫（卡繆經典暢銷作․中文版有聲書首度上市）,300,9789863449270,https://cdn.kobo.com/book-images/ba766fe2-65df-4d69-83bc-798bf2340c10/353/569/90/False/AMe0qKS-yzinEfp_ItutUg.jpg,https://www.kobo.com/tw/zh/audiobook/AMe0qKS-yzinEfp_ItutUg?sId=2ca1fd5317378a62941558840081195b
2025-06-18,卡繆,卡繆荒謬與反抗系列作品全集套書：荒謬系列四部曲《異鄉人》《薛西弗斯的神話》《卡里古拉》《誤會》＋反抗系列三部曲《瘟疫》《反抗者》《正義者》【全新法文名家直譯，首次完整出版，親炙完整的卡繆荒謬哲學】,1519,3150000000694,https://cdn.kobo.com/book-images/76f16f12-492e-4435-b792-e97bba1721d5/353/569/90/False/Kx45Q5lYKTqv_nEYbdwV2A.jpg,https://www.kobo.com/tw/zh/ebook/Kx45Q5lYKTqv_nEYbdwV2A?sId=2ca1fd5317378a62941558840081195b
2025-06-18,卡繆,異鄉人（2020全新名家譯本，再現卡繆字句推敲的原義）,175,3150000000617,https://cdn.kobo.com/book-images/883f0dcf-e5f7-4dfe-b300-8d725a8da70d/353/569/90/False/0GQk9bH6VzyLV0Q9Faysow.jpg,https://www.kobo.com/tw/zh/ebook/0GQk9bH6VzyLV0Q9Faysow?sId=2ca1fd5317378a62941558840081195b
2025-06-18,卡繆,鼠疫,210,3119861737522,https://cdn.kobo.com/book-images/56a09ae8-dac7-4eb0-9dde-b427a5a1aacb/353/569/90/False/tGTtah0cyzKVQIXzpZ7NTQ.jpg,https://www.kobo.com/tw/zh/ebook/tGTtah0cyzKVQIXzpZ7NTQ?sId=2ca1fd5317378a62941558840081195b
2025-06-18,卡繆,卡繆反抗三部曲套書：《瘟疫》＋《反抗者》＋《正義者》【全新法文名家直譯，首次完整出版，親炙完整的卡繆反抗思想】,728,3150000000687,https://cdn.kobo.com/book-images/9f980967-d3c1-4ac0-9f8c-f8e0ccbbcc60/353/569/90/False/B1m2jKOONjKjTMVkT5k1NQ.jpg,https://www.kobo.com/tw/zh/ebook/B1m2jKOONjKjTMVkT5k1NQ?sId=2ca1fd5317378a62941558840081195b
2025-06-18,卡繆,瘟疫,210,9789861785516,https://cdn.kobo.com/book-images/8d4f032e-dd57-4b50-a7d8-07f8e494bce5/353/569/90/False/sQ5ce_0gtz-yiFpE7SxWag.jpg,https://www.kobo.com/tw/zh/ebook/sQ5ce_0gtz-yiFpE7SxWag?sId=2ca1fd5317378a62941558840081195b
2025-06-18,卡繆,正義者（首次出版，法文直譯名家譯本，卡繆展現對正義與反抗的考驗）,196,9789860777161,https://cdn.kobo.com/book-images/9291fc65-996d-4a27-83f4-a141c345d8cb/353/569/90/False/QQT3HgwFsT2xefv4IRMF9w.jpg,https://www.kobo.com/tw/zh/ebook/QQT3HgwFsT2xefv4IRMF9w?sId=2ca1fd5317378a62941558840081195b
2025-06-18,卡繆,薛西弗斯的神話,210,3150000000396,https://cdn.kobo.com/book-images/71d8cd60-c407-4367-bced-a36718fcf86f/353/569/90/False/t0r8j-Ym4jee3YDu96AA1w.jpg,https://www.kobo.com/tw/zh/ebook/t0r8j-Ym4jee3YDu96AA1w?sId=2ca1fd5317378a62941558840081195b
2025-06-18,卡繆,卡里古拉【1957年諾貝爾文學獎得主描摹荒謬的經典代表作,210,9786267118108,https://cdn.kobo.com/book-images/228a6362-9e74-450c-806f-26d0291b0115/353/569/90/False/bUv8_ShWSDyzoufG54r66g.jpg,https://www.kobo.com/tw/zh/ebook/bUv8_ShWSDyzoufG54r66g?sId=b54b296420e3f6d9a57cd059a45ea089
2025-06-18,卡繆,誤會【1957年諾貝爾文學獎得主面對自我放逐之旅的核心之作】,196,9786267118139,https://cdn.kobo.com/book-images/f35af051-fd52-4e22-a2df-d19abd3abf6e/353/569/90/False/XznH9zQdijG-RQoi9MTYng.jpg,https://www.kobo.com/tw/zh/ebook/XznH9zQdijG-RQoi9MTYng?sId=b54b296420e3f6d9a57cd059a45ea089
2025-06-18,卡繆,鼠疫【全新名家譯本】（特別收錄哲學解析〈一部存在主義小說的後現代閱讀〉）,266,9789864895434,https://cdn.kobo.com/book-images/f4d068a2-498d-4817-97dd-d7492dc32b10/353/569/90/False/K9cd87y5oDGaSXDvYBOiAg.jpg,https://www.kobo.com/tw/zh/ebook/K9cd87y5oDGaSXDvYBOiAg?sId=b54b296420e3f6d9a57cd059a45ea089
2025-06-18,卡繆,異鄉人【獨家收錄沙特評論・2022全新名家譯本】,196,9789864896073,https://cdn.kobo.com/book-images/a71e071c-2ddd-47b0-ba0d-0ad67a3261c3/353/569/90/False/VQ2InesBOjKI-Xv96viLqA.jpg,https://www.kobo.com/tw/zh/ebook/VQ2InesBOjKI-Xv96viLqA?sId=b54b296420e3f6d9a57cd059a45ea089
2025-06-18,卡繆,瘟疫（2021最新名家譯本，卡繆對疫情下被禁錮人心的鼓舞）,266,9789860777192,https://cdn.kobo.com/book-images/9618975f-d9f0-47af-bd43-571387f8a06a/353/569/90/False/wJ6ORaWSDj60GIzsDTf9Zg.jpg,https://www.kobo.com/tw/zh/ebook/wJ6ORaWSDj60GIzsDTf9Zg?sId=b54b296420e3f6d9a57cd059a45ea089
2025-06-18,卡繆,異鄉人,210,3039571384641,https://cdn.kobo.com/book-images/81e2cbee-7fb1-445c-8a9a-54f11683b376/353/569/90/False/wUn6RJK3RjCYH8YflJqYFw.jpg,https://www.kobo.com/tw/zh/ebook/wUn6RJK3RjCYH8YflJqYFw?sId=b54b296420e3f6d9a57cd059a45ea089
2025-06-18,卡繆,反抗者（新版）,266,3150000000392,https://cdn.kobo.com/book-images/0169f08d-1636-4fe9-865e-ac9323facfa7/353/569/90/False/dnhkQv1woTKBLngzg4RbMg.jpg,https://www.kobo.com/tw/zh/ebook/dnhkQv1woTKBLngzg4RbMg?sId=b54b296420e3f6d9a57cd059a45ea089
2025-06-18,卡繆,薛西弗斯的神話：卡繆的荒謬哲學,230,3120000000285,https://cdn.kobo.com/book-images/8cfb868b-d1ce-428f-9dc1-8a7b0724f790/353/569/90/False/dz7TJXld6DK-tFChkyuNug.jpg,https://www.kobo.com/tw/zh/ebook/dz7TJXld6DK-tFChkyuNug?sId=b54b296420e3f6d9a57cd059a45ea089
2025-06-18,卡繆,卡繆荒謬系列四部曲套書：《異鄉人》＋《薛西弗斯的神話》＋《卡里古拉》＋《誤會》【全新法文名家直譯，首次完整出版，親炙完整的卡繆荒謬哲學】,791,3150000000693,https://cdn.kobo.com/book-images/462128f0-194c-4f37-91e4-c9cdfbe0d7b2/353/569/90/False/iBMVIqmTtjmYjH2oJl_r8A.jpg,https://www.kobo.com/tw/zh/ebook/iBMVIqmTtjmYjH2oJl_r8A?sId=b54b296420e3f6d9a57cd059a45ea089
2025-06-18,卡繆,異鄉人：最值得珍藏的名家譯本,224,3119864778287,https://cdn.kobo.com/book-images/59186bf1-d059-4aeb-afcb-36b164712ef7/353/569/90/False/XRU3eRrUUD6pvlI4liPZbg.jpg,https://www.kobo.com/tw/zh/ebook/XRU3eRrUUD6pvlI4liPZbg?sId=b54b296420e3f6d9a57cd059a45ea089
2025-06-18,卡繆,放逐與王國,210,9789863874133,https://cdn.kobo.com/book-images/5f1ba02d-68c9-4aa5-85ab-824c904439e9/353/569/90/False/RVGALpaZsjaTbCo1SdZXqw.jpg,https://www.kobo.com/tw/zh/ebook/RVGALpaZsjaTbCo1SdZXqw?sId=b54b296420e3f6d9a57cd059a45ea089
2025-06-18,卡繆,第一人：《異鄉人》存在主義大師的最後遺作！沒讀過《第一人》，就無法了解真正的卡繆！,360,7435000003050,https://cdn.kobo.com/book-images/1000dae4-0e54-4613-994a-2ca68f225aaf/353/569/90/False/mBrCwjCDbT-OmxW_MxQCPg.jpg,https://www.kobo.com/tw/zh/audiobook/mBrCwjCDbT-OmxW_MxQCPg?sId=b54b296420e3f6d9a57cd059a45ea089
2025-06-18,卡繆,墮落,182,9789861787558,https://cdn.kobo.com/book-images/023f55c5-13cf-4e65-aaa2-e1d0eebea177/353/569/90/False/ie-dvcJKuTWxECoQpt7ptg.jpg,https://www.kobo.com/tw/zh/ebook/ie-dvcJKuTWxECoQpt7ptg?sId=db08ee85fd99e1d7319026a55f3cae72
2025-06-18,卡繆,放逐與王國：卡繆短篇小說,260,9789865482541,https://cdn.kobo.com/book-images/033f901a-cea5-456e-9a5c-534f67c7dd33/353/569/90/False/SmaLhyIaRTOPTVVkw9jskg.jpg,https://www.kobo.com/tw/zh/ebook/SmaLhyIaRTOPTVVkw9jskg?sId=db08ee85fd99e1d7319026a55f3cae72
2025-06-18,卡繆,異鄉人,170,6849862272770,https://cdn.kobo.com/book-images/2f2b24f2-6a61-4ae2-a409-29c8eb0bc992/353/569/90/False/GYi3emouATurt5CEXNGY7A.jpg,https://www.kobo.com/tw/zh/ebook/GYi3emouATurt5CEXNGY7A?sId=db08ee85fd99e1d7319026a55f3cae72
2025-06-18,卡繆,瘟疫（名家經典新譯）,228,9789865482473,https://cdn.kobo.com/book-images/edbaf1b0-60cf-4781-90e1-dcb3d6358348/353/569/90/False/XSi3S6nkVz2SFyXwXYLq1g.jpg,https://www.kobo.com/tw/zh/ebook/XSi3S6nkVz2SFyXwXYLq1g?sId=db08ee85fd99e1d7319026a55f3cae72
2025-06-18,卡繆,異鄉人：荒謬三部曲，首部,210,7384000000024,https://cdn.kobo.com/book-images/12dc1249-e584-452a-a159-54be7be82c4d/353/569/90/False/MDkYBsM0cTm5Kq9j-44S0A.jpg,https://www.kobo.com/tw/zh/audiobook/MDkYBsM0cTm5Kq9j-44S0A?sId=db08ee85fd99e1d7319026a55f3cae72
2025-06-18,簡媜,十種寂寞,252,7390863873877,https://cdn.kobo.com/book-images/137d5050-a414-4644-a453-8236a3c7338c/353/569/90/False/SS3f6q_OmzG6ixjEoQQSBw.jpg,https://www.kobo.com/tw/zh/ebook/SS3f6q_OmzG6ixjEoQQSBw?sId=5379295088cca264eaa768574e7bab46
2025-06-18,簡媜,我為你灑下月光,336,7390863872337,https://cdn.kobo.com/book-images/8d8c685d-f3c5-4e43-a07c-4a7a91f5ad22/353/569/90/False/RBqeU8INXTCG7D8npjR0bw.jpg,https://www.kobo.com/tw/zh/ebook/RBqeU8INXTCG7D8npjR0bw?sId=5379295088cca264eaa768574e7bab46
2025-06-18,簡媜,女兒紅,196,9789863874096,https://cdn.kobo.com/book-images/73163054-0990-4413-b92d-a3d20f20ebaa/353/569/90/False/DBqadeV-gT-bmmVuqDItJg.jpg,https://www.kobo.com/tw/zh/ebook/DBqadeV-gT-bmmVuqDItJg?sId=5379295088cca264eaa768574e7bab46
2025-06-18,簡媜,誰在銀閃閃的地方，等你（增訂版）,392,9789863876021,https://cdn.kobo.com/book-images/18d8f7d3-ad8d-4473-b1b7-aba2ada08383/353/569/90/False/tyYjDkeqiza61CrkeCJu7w.jpg,https://www.kobo.com/tw/zh/ebook/tyYjDkeqiza61CrkeCJu7w?sId=5379295088cca264eaa768574e7bab46
2025-06-18,簡媜,夢遊書,196,9789863874546,https://cdn.kobo.com/book-images/df1c79f2-8ad2-4ed8-9f37-293c81359dd8/353/569/90/False/p_nX7y-6_D6gGQiQ7O__sw.jpg,https://www.kobo.com/tw/zh/ebook/p_nX7y-6_D6gGQiQ7O__sw?sId=5379295088cca264eaa768574e7bab46
2025-06-18,簡媜,吃朋友,245,7390866631382,https://cdn.kobo.com/book-images/03cd221a-bef1-420d-96fa-a1ff5f2ec5f8/353/569/90/False/5xrS1tW6YT6YFfX6xajasQ.jpg,https://www.kobo.com/tw/zh/ebook/5xrS1tW6YT6YFfX6xajasQ?sId=5379295088cca264eaa768574e7bab46
2025-06-18,簡媜,老師的十二樣見面禮,224,7390866873232,https://cdn.kobo.com/book-images/912cffcc-12b7-4881-820d-605be5c0f456/353/569/90/False/Opeot0Gw9zeKOcdaOXIiCg.jpg,https://www.kobo.com/tw/zh/ebook/Opeot0Gw9zeKOcdaOXIiCg?sId=5379295088cca264eaa768574e7bab46
2025-06-18,簡媜,胭脂盆地,196,9789863874553,https://cdn.kobo.com/book-images/0ce65bd8-31e7-48ec-b6c2-f3b4da8f4cb7/353/569/90/False/_jcUd4QT3T6w0ZguwcDvlg.jpg,https://www.kobo.com/tw/zh/ebook/_jcUd4QT3T6w0ZguwcDvlg?sId=5379295088cca264eaa768574e7bab46
2025-06-18,簡媜,紅嬰仔：一個女人和她的育嬰史,252,7390863873068,https://cdn.kobo.com/book-images/4c769dfc-5feb-45bb-bad9-d22ff6fe4425/353/569/90/False/3-XKV53DSzqry1rJm_LJEA.jpg,https://www.kobo.com/tw/zh/ebook/3-XKV53DSzqry1rJm_LJEA?sId=5379295088cca264eaa768574e7bab46
2025-06-18,簡媜,天涯海角──福爾摩沙抒情誌,245,7390863873471,https://cdn.kobo.com/book-images/af00ba7f-99c1-44ae-b3d3-81c4e6e37430/353/569/90/False/y2QggT-GWz28HjuY_ABx1w.jpg,https://www.kobo.com/tw/zh/ebook/y2QggT-GWz28HjuY_ABx1w?sId=5379295088cca264eaa768574e7bab46
2025-06-18,簡媜,老師的十二樣見面禮（增訂版）,329,9789863876236,https://cdn.kobo.com/book-images/5ddd0b2a-a9d1-403d-92c3-60f91baba3c6/353/569/90/False/7r6In9z6kTuCg3twvvZA2g.jpg,https://www.kobo.com/tw/zh/ebook/7r6In9z6kTuCg3twvvZA2g?sId=5379295088cca264eaa768574e7bab46
2025-06-18,簡媜,微暈的樹林,210,9789863875857,https://cdn.kobo.com/book-images/df67a2d3-dab3-4ea6-bdd2-0f0e2b62a151/353/569/90/False/lRjcIazDljKdQZof57Hd9A.jpg,https://www.kobo.com/tw/zh/ebook/lRjcIazDljKdQZof57Hd9A?sId=5379295088cca264eaa768574e7bab46
2025-06-18,簡媜,一個人漫遊，古典森林,315,9789863877745,https://cdn.kobo.com/book-images/0c528bc8-18ea-46e3-acf0-f4c80125be95/353/569/90/False/Yyl9S4wUuDu8rltsfwH3UQ.jpg,https://www.kobo.com/tw/zh/ebook/Yyl9S4wUuDu8rltsfwH3UQ?sId=c44febffe26a02bc85559e7406f53dc9
2025-06-18,簡媜,旅人之歌——神遊山水詩,210,9789863877516,https://cdn.kobo.com/book-images/ba7b0973-6125-415b-91a8-f4910ba8f09b/353/569/90/False/BEgyL0ETLzSJLhvVE5yKmQ.jpg,https://www.kobo.com/tw/zh/ebook/BEgyL0ETLzSJLhvVE5yKmQ?sId=c44febffe26a02bc85559e7406f53dc9
2025-06-18,簡媜,與歲月同等心跳,210,9789863877479,https://cdn.kobo.com/book-images/5dc05880-531e-4ce8-9a89-99be05f5d02b/353/569/90/False/1Cgc_XKbQj6NkWrPuaKd2g.jpg,https://www.kobo.com/tw/zh/ebook/1Cgc_XKbQj6NkWrPuaKd2g?sId=c44febffe26a02bc85559e7406f53dc9
2025-06-18,簡媜,下午茶,160,9789863876946,https://cdn.kobo.com/book-images/84781262-e7bd-4d10-a3c7-d19910fafa73/353/569/90/False/5iBW0pa_Wj2IztG5D0yKyw.jpg,https://www.kobo.com/tw/zh/ebook/5iBW0pa_Wj2IztG5D0yKyw?sId=c44febffe26a02bc85559e7406f53dc9
2025-06-18,簡媜,只緣身在此山中,224,9789863874911,https://cdn.kobo.com/book-images/a21ea0b7-2449-4d16-b4db-1aa18c1993f3/353/569/90/False/JR_gAXmObD6EROWQrNPmjw.jpg,https://www.kobo.com/tw/zh/ebook/JR_gAXmObD6EROWQrNPmjw?sId=c44febffe26a02bc85559e7406f53dc9
2025-06-18,簡媜,好一座浮島,210,9789863875666,https://cdn.kobo.com/book-images/dcfdfd36-7d3d-4201-89ab-681303731c15/353/569/90/False/tR63QOkIkjSZNYP1XN8qJQ.jpg,https://www.kobo.com/tw/zh/ebook/tR63QOkIkjSZNYP1XN8qJQ?sId=c44febffe26a02bc85559e7406f53dc9
2025-06-18,簡媜,陪我散步吧(增訂版),322,9789863878230,https://cdn.kobo.com/book-images/cbf936fb-e579-4f5e-889b-2d092f39c84e/353/569/90/False/5BeIP1SRfTC97-lqaxlVkQ.jpg,https://www.kobo.com/tw/zh/ebook/5BeIP1SRfTC97-lqaxlVkQ?sId=c44febffe26a02bc85559e7406f53dc9
2025-06-18,簡媜,舊情復燃,220,9789863876380,https://cdn.kobo.com/book-images/97241a9a-8187-4195-a573-9a921c04b9cc/353/569/90/False/wieReZ4jqT2vpPAPLsLmkA.jpg,https://www.kobo.com/tw/zh/ebook/wieReZ4jqT2vpPAPLsLmkA?sId=c44febffe26a02bc85559e7406f53dc9
2025-06-18,簡媜,密密語,280,9789863876953,https://cdn.kobo.com/book-images/76e8fe19-e84d-4b62-9707-03393a023486/353/569/90/False/mMg1YwJL9TemPTAVwHZbvw.jpg,https://www.kobo.com/tw/zh/ebook/mMg1YwJL9TemPTAVwHZbvw?sId=c44febffe26a02bc85559e7406f53dc9
2025-06-18,簡媜,月娘照眠牀,220,9789863875314,https://cdn.kobo.com/book-images/1dc984df-000f-4cfb-86bf-d71ead052b02/353/569/90/False/yifYBw_kEz-sjWx9O6wmTg.jpg,https://www.kobo.com/tw/zh/ebook/yifYBw_kEz-sjWx9O6wmTg?sId=c44febffe26a02bc85559e7406f53dc9
2025-06-18,赫曼．赫塞,流浪者之歌／悉達多,252,9786267095010,https://cdn.kobo.com/book-images/3f321736-62ab-46cb-ae65-dabe29f7eea4/353/569/90/False/BZkTJbpWnTWsH4_ozeT9vA.jpg,https://www.kobo.com/tw/zh/ebook/BZkTJbpWnTWsH4_ozeT9vA?sId=98304bc4bc91e4a7ec3ed5d76bf73abf
2025-06-18,赫曼．赫塞,德米安：徬徨少年時 (告別徬徨，堅定地做你自己。全新無刪減完整譯本，慕尼黑大學圖書館愛藏版),245,3069869881963,https://cdn.kobo.com/book-images/a809baf5-4e7d-43c9-96e5-7d69fa248b50/353/569/90/False/6fn5ArUqVjSw56cshygW_Q.jpg,https://www.kobo.com/tw/zh/ebook/6fn5ArUqVjSw56cshygW_Q?sId=98304bc4bc91e4a7ec3ed5d76bf73abf
2025-06-18,赫曼．赫塞,德米安：埃米爾．辛克萊年少時的故事（徬徨少年時）,210,7384000000027,https://cdn.kobo.com/book-images/e921900f-2bfe-42d8-8547-198c1b3b42b1/353/569/90/False/pO0YjhmJajyGRrdkzlKsnA.jpg,https://www.kobo.com/tw/zh/audiobook/pO0YjhmJajyGRrdkzlKsnA?sId=98304bc4bc91e4a7ec3ed5d76bf73abf
2025-06-18,赫曼．赫塞,德米安【獨家收錄詹姆斯・法蘭科專文導讀】：埃米爾．辛克萊年少時的故事（徬徨少年時）,210,9789864895403,https://cdn.kobo.com/book-images/ae0cd56f-8ec4-4e2d-bc97-29ea34073182/353/569/90/False/ib-jIoEV2Dqm0I1tAc6TWQ.jpg,https://www.kobo.com/tw/zh/ebook/ib-jIoEV2Dqm0I1tAc6TWQ?sId=98304bc4bc91e4a7ec3ed5d76bf73abf
2025-06-18,赫曼．赫塞,悉達多：一首印度的詩（流浪者之歌）,210,7384000000026,https://cdn.kobo.com/book-images/2ebd8c79-acb7-430a-abd8-3998815f26dd/353/569/90/False/5P5w8osOvzauH183YElyCw.jpg,https://www.kobo.com/tw/zh/audiobook/5P5w8osOvzauH183YElyCw?sId=98304bc4bc91e4a7ec3ed5d76bf73abf
2025-06-18,赫曼．赫塞,悉達多【獨家收錄保羅．科爾賀專文導讀、林懷民繆思分享】：一首印度的詩（流浪者之歌）,196,9789864895397,https://cdn.kobo.com/book-images/827cfb45-6d4c-43cb-866a-eb45ca8c20c7/353/569/90/False/8X4BYN4ZszavG3vs7B0Jdg.jpg,https://www.kobo.com/tw/zh/ebook/8X4BYN4ZszavG3vs7B0Jdg?sId=98304bc4bc91e4a7ec3ed5d76bf73abf
2025-06-18,赫曼．赫塞,流浪者之歌（首度德文直譯本）,210,3090000000515,https://cdn.kobo.com/book-images/f601d38b-894e-436d-852c-e48f41d06a75/353/569/90/False/uWrynH7_LjCJaQT5rWrZjg.jpg,https://www.kobo.com/tw/zh/ebook/uWrynH7_LjCJaQT5rWrZjg?sId=98304bc4bc91e4a7ec3ed5d76bf73abf
2025-06-18,赫曼．赫塞,徬徨少年時（德文直譯本）,196,3090000030292,https://cdn.kobo.com/book-images/0eb8b492-c683-4d13-8a2e-40fd1872ced9/353/569/90/False/p9r2phjlUzO8q-gEc3Ysmg.jpg,https://www.kobo.com/tw/zh/ebook/p9r2phjlUzO8q-gEc3Ysmg?sId=98304bc4bc91e4a7ec3ed5d76bf73abf
2025-06-18,赫曼．赫塞,在書中發現自己的靈魂：慢讀赫塞,250,3128000000104,https://cdn.kobo.com/book-images/5139dd71-3f40-4bbf-aaa6-752447892743/353/569/90/False/mj-jE6bxOTazX9ad0uwE7g.jpg,https://www.kobo.com/tw/zh/ebook/mj-jE6bxOTazX9ad0uwE7g?sId=98304bc4bc91e4a7ec3ed5d76bf73abf
2025-06-18,赫曼．赫塞,車輪下（首度德文直譯本）,210,3090000000590,https://cdn.kobo.com/book-images/40dde703-286a-487c-acca-3d0e177e4d0a/353/569/90/False/iRXS-e-7fzumzrZdY8d_8Q.jpg,https://www.kobo.com/tw/zh/ebook/iRXS-e-7fzumzrZdY8d_8Q?sId=98304bc4bc91e4a7ec3ed5d76bf73abf
2025-06-18,赫曼．赫塞,荒野之狼（首度德文直譯本）,245,3090000005737,https://cdn.kobo.com/book-images/449cd682-c515-465f-b6f3-c5b59e8310e3/353/569/90/False/VFQPtyjUrTGJSlcoqoICxg.jpg,https://www.kobo.com/tw/zh/ebook/VFQPtyjUrTGJSlcoqoICxg?sId=98304bc4bc91e4a7ec3ed5d76bf73abf
2025-06-18,赫曼．赫塞,赫曼赫塞童話故事集,250,3119864773930,https://cdn.kobo.com/book-images/5f4ae374-cda4-4a0c-a27f-58f4eb5939e0/353/569/90/False/fUpsq8DF8Tq5Lguv3pHWuQ.jpg,https://www.kobo.com/tw/zh/ebook/fUpsq8DF8Tq5Lguv3pHWuQ?sId=98304bc4bc91e4a7ec3ed5d76bf73abf
2025-06-18,赫曼．赫塞,鄉愁（德文直譯本）,196,3090000006527,https://cdn.kobo.com/book-images/567c8c31-ebf2-4ffb-a5b1-7e294bb27479/353/569/90/False/By8ilup3JjmH2kf5ty2N8g.jpg,https://www.kobo.com/tw/zh/ebook/By8ilup3JjmH2kf5ty2N8g?sId=909b429f7965e33a611af4850f24b57f
2025-06-18,赫曼．赫塞,德米安：彷徨少年時,228,7289867101822,https://cdn.kobo.com/book-images/897fa0c7-1c7f-4005-9de8-784febd6e287/353/569/90/False/ZNYK-tlfkD-IZy3hlnFJAw.jpg,https://www.kobo.com/tw/zh/ebook/ZNYK-tlfkD-IZy3hlnFJAw?sId=909b429f7965e33a611af4850f24b57f
2025-06-18,赫曼．赫塞,荒野之狼（德文新譯本）,294,3119864771400,https://cdn.kobo.com/book-images/c81844a1-3034-4867-a324-b6f0bd00c252/353/569/90/False/6g6wxeuiYjuWU71oa_5Mzg.jpg,https://www.kobo.com/tw/zh/ebook/6g6wxeuiYjuWU71oa_5Mzg?sId=909b429f7965e33a611af4850f24b57f
2025-06-18,赫曼．赫塞,流浪者之歌,245,9786263744417,https://cdn.kobo.com/book-images/dbaffb64-2df7-46df-9836-4b43eb375d74/353/569/90/False/SSmAUWRnWD-200t2EoH_qQ.jpg,https://www.kobo.com/tw/zh/ebook/SSmAUWRnWD-200t2EoH_qQ?sId=909b429f7965e33a611af4850f24b57f
2025-06-18,赫曼．赫塞,徬徨少年時,175,3090000000352,https://cdn.kobo.com/book-images/b98f888a-ae90-4674-8796-0c691b798c30/353/569/90/False/3cIVTFd3fz6t9pp0NaJsyA.jpg,https://www.kobo.com/tw/zh/ebook/3cIVTFd3fz6t9pp0NaJsyA?sId=909b429f7965e33a611af4850f24b57f
2025-06-18,赫曼．赫塞,中學生好享讀：諾貝爾大師短篇小說選,225,6709863201113,https://cdn.kobo.com/book-images/f48eb899-1243-4d56-a687-e9d45c5de9ef/353/569/90/False/pnJCPVTatTGHkaHGe4iYMw.jpg,https://www.kobo.com/tw/zh/ebook/pnJCPVTatTGHkaHGe4iYMw?sId=909b429f7965e33a611af4850f24b57f
2025-06-18,赫曼．赫塞,生命之歌,210,3090000000496,https://cdn.kobo.com/book-images/cab95401-af95-4f91-9d80-41eee92dade2/353/569/90/False/kfbDCDZ4SD6jxk-LU1ireg.jpg,https://www.kobo.com/tw/zh/ebook/kfbDCDZ4SD6jxk-LU1ireg?sId=909b429f7965e33a611af4850f24b57f
2025-06-18,赫曼．赫塞,園圃之歌：諾貝爾文學獎大師赫曼．赫塞的自然哲思與手繪詩畫,266,9786269638079,https://cdn.kobo.com/book-images/f7453d28-8edd-4d0b-87ae-3f947835f381/353/569/90/False/jHi5IlslGTmTLqpPkwxScQ.jpg,https://www.kobo.com/tw/zh/ebook/jHi5IlslGTmTLqpPkwxScQ?sId=909b429f7965e33a611af4850f24b57f
2025-06-18,赫曼．赫塞,荒野之狼,315,9786263966987,https://cdn.kobo.com/book-images/3bb495e7-b3a7-490f-be56-c4e3d0755850/353/569/90/False/8qvh-uvBNjeQ5sV5LtVHdw.jpg,https://www.kobo.com/tw/zh/ebook/8qvh-uvBNjeQ5sV5LtVHdw?sId=909b429f7965e33a611af4850f24b57f
2025-06-18,赫曼．赫塞,流浪者之歌【感動解讀版】,400,9786269936137,https://cdn.kobo.com/book-images/921c4663-8c49-4f8f-a61f-e24755dbae11/353/569/90/False/JNfPTDEjDz-tAMfp3Egokg.jpg,https://www.kobo.com/tw/zh/ebook/JNfPTDEjDz-tAMfp3Egokg?sId=909b429f7965e33a611af4850f24b57f
2025-06-18,赫曼．赫塞,悠遊之歌（三版）,175,9789864023936,https://cdn.kobo.com/book-images/e52679bc-171d-45f8-bf8a-8a159a9891ed/353/569/90/False/UHZLCrSJATqst2fZDCkzBA.jpg,https://www.kobo.com/tw/zh/ebook/UHZLCrSJATqst2fZDCkzBA?sId=909b429f7965e33a611af4850f24b57f
2025-06-19,卡繆,異鄉人（卡繆版書衣）,154,3119861735450,https://cdn.kobo.com/book-images/24099253-90bc-4d80-8825-f6300e8b806f/353/569/90/False/gb2hSkF1KDGjqz18oam2aA.jpg,https://www.kobo.com/tw/zh/ebook/gb2hSkF1KDGjqz18oam2aA?sId=b77383a8fc204c9b28e13974c1997d58
2025-06-19,卡繆,薛西弗斯的神話：點燃希望的哲學頌歌，法國七星文庫權威譯本【傅雷翻譯獎典藏版】,266,9786267596456,https://cdn.kobo.com/book-images/6ccfbf88-73ae-4691-b256-38387994ae56/353/569/90/False/7fFjSyTP9zKPTx3GcPFpfw.jpg,https://www.kobo.com/tw/zh/ebook/7fFjSyTP9zKPTx3GcPFpfw?sId=b77383a8fc204c9b28e13974c1997d58
2025-06-19,卡繆,快樂的死,175,3120000000639,https://cdn.kobo.com/book-images/57e8ecec-6b0d-4586-882a-1f7699f9b494/353/569/90/False/gnS7T3tgLTS1t3eLSRBEeA.jpg,https://www.kobo.com/tw/zh/ebook/gnS7T3tgLTS1t3eLSRBEeA?sId=b77383a8fc204c9b28e13974c1997d58
2025-06-19,卡繆,鼠疫（卡繆經典暢銷作․中文版有聲書首度上市）,300,9789863449270,https://cdn.kobo.com/book-images/ba766fe2-65df-4d69-83bc-798bf2340c10/353/569/90/False/AMe0qKS-yzinEfp_ItutUg.jpg,https://www.kobo.com/tw/zh/audiobook/AMe0qKS-yzinEfp_ItutUg?sId=b77383a8fc204c9b28e13974c1997d58
2025-06-19,卡繆,異鄉人（卡繆經典暢銷作․中文版有聲書首度上市）,220,9789863449263,https://cdn.kobo.com/book-images/a910e55d-8df0-43d3-8ef2-df7dc21d51ba/353/569/90/False/t1OO6Q03qjuX0wfMsaUVPg.jpg,https://www.kobo.com/tw/zh/audiobook/t1OO6Q03qjuX0wfMsaUVPg?sId=b77383a8fc204c9b28e13974c1997d58
2025-06-19,卡繆,卡繆荒謬與反抗系列作品全集套書：荒謬系列四部曲《異鄉人》《薛西弗斯的神話》《卡里古拉》《誤會》＋反抗系列三部曲《瘟疫》《反抗者》《正義者》【全新法文名家直譯，首次完整出版，親炙完整的卡繆荒謬哲學】,1519,3150000000694,https://cdn.kobo.com/book-images/76f16f12-492e-4435-b792-e97bba1721d5/353/569/90/False/Kx45Q5lYKTqv_nEYbdwV2A.jpg,https://www.kobo.com/tw/zh/ebook/Kx45Q5lYKTqv_nEYbdwV2A?sId=b77383a8fc204c9b28e13974c1997d58
2025-06-19,卡繆,鼠疫,210,3119861737522,https://cdn.kobo.com/book-images/56a09ae8-dac7-4eb0-9dde-b427a5a1aacb/353/569/90/False/tGTtah0cyzKVQIXzpZ7NTQ.jpg,https://www.kobo.com/tw/zh/ebook/tGTtah0cyzKVQIXzpZ7NTQ?sId=b77383a8fc204c9b28e13974c1997d58
2025-06-19,卡繆,卡繆反抗三部曲套書：《瘟疫》＋《反抗者》＋《正義者》【全新法文名家直譯，首次完整出版，親炙完整的卡繆反抗思想】,728,3150000000687,https://cdn.kobo.com/book-images/9f980967-d3c1-4ac0-9f8c-f8e0ccbbcc60/353/569/90/False/B1m2jKOONjKjTMVkT5k1NQ.jpg,https://www.kobo.com/tw/zh/ebook/B1m2jKOONjKjTMVkT5k1NQ?sId=b77383a8fc204c9b28e13974c1997d58
2025-06-19,卡繆,瘟疫,210,9789861785516,https://cdn.kobo.com/book-images/8d4f032e-dd57-4b50-a7d8-07f8e494bce5/353/569/90/False/sQ5ce_0gtz-yiFpE7SxWag.jpg,https://www.kobo.com/tw/zh/ebook/sQ5ce_0gtz-yiFpE7SxWag?sId=b77383a8fc204c9b28e13974c1997d58
2025-06-19,卡繆,正義者（首次出版，法文直譯名家譯本，卡繆展現對正義與反抗的考驗）,196,9789860777161,https://cdn.kobo.com/book-images/9291fc65-996d-4a27-83f4-a141c345d8cb/353/569/90/False/QQT3HgwFsT2xefv4IRMF9w.jpg,https://www.kobo.com/tw/zh/ebook/QQT3HgwFsT2xefv4IRMF9w?sId=b77383a8fc204c9b28e13974c1997d58
2025-06-19,卡繆,卡里古拉【1957年諾貝爾文學獎得主描摹荒謬的經典代表作,210,9786267118108,https://cdn.kobo.com/book-images/228a6362-9e74-450c-806f-26d0291b0115/353/569/90/False/bUv8_ShWSDyzoufG54r66g.jpg,https://www.kobo.com/tw/zh/ebook/bUv8_ShWSDyzoufG54r66g?sId=b77383a8fc204c9b28e13974c1997d58
2025-06-19,卡繆,誤會【1957年諾貝爾文學獎得主面對自我放逐之旅的核心之作】,196,9786267118139,https://cdn.kobo.com/book-images/f35af051-fd52-4e22-a2df-d19abd3abf6e/353/569/90/False/XznH9zQdijG-RQoi9MTYng.jpg,https://www.kobo.com/tw/zh/ebook/XznH9zQdijG-RQoi9MTYng?sId=b77383a8fc204c9b28e13974c1997d58
2025-06-19,卡繆,異鄉人（2020全新名家譯本，再現卡繆字句推敲的原義）,175,3150000000617,https://cdn.kobo.com/book-images/883f0dcf-e5f7-4dfe-b300-8d725a8da70d/353/569/90/False/0GQk9bH6VzyLV0Q9Faysow.jpg,https://www.kobo.com/tw/zh/ebook/0GQk9bH6VzyLV0Q9Faysow?sId=5f4fe7ae572847ec1798526d715416ac
2025-06-19,卡繆,鼠疫【全新名家譯本】（特別收錄哲學解析〈一部存在主義小說的後現代閱讀〉）,266,9789864895434,https://cdn.kobo.com/book-images/f4d068a2-498d-4817-97dd-d7492dc32b10/353/569/90/False/K9cd87y5oDGaSXDvYBOiAg.jpg,https://www.kobo.com/tw/zh/ebook/K9cd87y5oDGaSXDvYBOiAg?sId=5f4fe7ae572847ec1798526d715416ac
2025-06-19,卡繆,異鄉人【獨家收錄沙特評論・2022全新名家譯本】,196,9789864896073,https://cdn.kobo.com/book-images/a71e071c-2ddd-47b0-ba0d-0ad67a3261c3/353/569/90/False/VQ2InesBOjKI-Xv96viLqA.jpg,https://www.kobo.com/tw/zh/ebook/VQ2InesBOjKI-Xv96viLqA?sId=5f4fe7ae572847ec1798526d715416ac
2025-06-19,卡繆,薛西弗斯的神話,210,3150000000396,https://cdn.kobo.com/book-images/71d8cd60-c407-4367-bced-a36718fcf86f/353/569/90/False/t0r8j-Ym4jee3YDu96AA1w.jpg,https://www.kobo.com/tw/zh/ebook/t0r8j-Ym4jee3YDu96AA1w?sId=5f4fe7ae572847ec1798526d715416ac
2025-06-19,卡繆,瘟疫（2021最新名家譯本，卡繆對疫情下被禁錮人心的鼓舞）,266,9789860777192,https://cdn.kobo.com/book-images/9618975f-d9f0-47af-bd43-571387f8a06a/353/569/90/False/wJ6ORaWSDj60GIzsDTf9Zg.jpg,https://www.kobo.com/tw/zh/ebook/wJ6ORaWSDj60GIzsDTf9Zg?sId=5f4fe7ae572847ec1798526d715416ac
2025-06-19,卡繆,異鄉人,210,3039571384641,https://cdn.kobo.com/book-images/81e2cbee-7fb1-445c-8a9a-54f11683b376/353/569/90/False/wUn6RJK3RjCYH8YflJqYFw.jpg,https://www.kobo.com/tw/zh/ebook/wUn6RJK3RjCYH8YflJqYFw?sId=5f4fe7ae572847ec1798526d715416ac
2025-06-19,卡繆,反抗者（新版）,266,3150000000392,https://cdn.kobo.com/book-images/0169f08d-1636-4fe9-865e-ac9323facfa7/353/569/90/False/dnhkQv1woTKBLngzg4RbMg.jpg,https://www.kobo.com/tw/zh/ebook/dnhkQv1woTKBLngzg4RbMg?sId=5f4fe7ae572847ec1798526d715416ac
2025-06-19,卡繆,薛西弗斯的神話：卡繆的荒謬哲學,230,3120000000285,https://cdn.kobo.com/book-images/8cfb868b-d1ce-428f-9dc1-8a7b0724f790/353/569/90/False/dz7TJXld6DK-tFChkyuNug.jpg,https://www.kobo.com/tw/zh/ebook/dz7TJXld6DK-tFChkyuNug?sId=5f4fe7ae572847ec1798526d715416ac
2025-06-19,卡繆,卡繆荒謬系列四部曲套書：《異鄉人》＋《薛西弗斯的神話》＋《卡里古拉》＋《誤會》【全新法文名家直譯，首次完整出版，親炙完整的卡繆荒謬哲學】,791,3150000000693,https://cdn.kobo.com/book-images/462128f0-194c-4f37-91e4-c9cdfbe0d7b2/353/569/90/False/iBMVIqmTtjmYjH2oJl_r8A.jpg,https://www.kobo.com/tw/zh/ebook/iBMVIqmTtjmYjH2oJl_r8A?sId=5f4fe7ae572847ec1798526d715416ac
2025-06-19,卡繆,異鄉人：最值得珍藏的名家譯本,224,3119864778287,https://cdn.kobo.com/book-images/59186bf1-d059-4aeb-afcb-36b164712ef7/353/569/90/False/XRU3eRrUUD6pvlI4liPZbg.jpg,https://www.kobo.com/tw/zh/ebook/XRU3eRrUUD6pvlI4liPZbg?sId=5f4fe7ae572847ec1798526d715416ac
2025-06-19,卡繆,放逐與王國,210,9789863874133,https://cdn.kobo.com/book-images/5f1ba02d-68c9-4aa5-85ab-824c904439e9/353/569/90/False/RVGALpaZsjaTbCo1SdZXqw.jpg,https://www.kobo.com/tw/zh/ebook/RVGALpaZsjaTbCo1SdZXqw?sId=5f4fe7ae572847ec1798526d715416ac
2025-06-19,卡繆,第一人：《異鄉人》存在主義大師的最後遺作！沒讀過《第一人》，就無法了解真正的卡繆！,360,7435000003050,https://cdn.kobo.com/book-images/1000dae4-0e54-4613-994a-2ca68f225aaf/353/569/90/False/mBrCwjCDbT-OmxW_MxQCPg.jpg,https://www.kobo.com/tw/zh/audiobook/mBrCwjCDbT-OmxW_MxQCPg?sId=5f4fe7ae572847ec1798526d715416ac
2025-06-19,卡繆,墮落,182,9789861787558,https://cdn.kobo.com/book-images/023f55c5-13cf-4e65-aaa2-e1d0eebea177/353/569/90/False/ie-dvcJKuTWxECoQpt7ptg.jpg,https://www.kobo.com/tw/zh/ebook/ie-dvcJKuTWxECoQpt7ptg?sId=5b29dd1c85bb2305660c7716b85de17c
2025-06-19,卡繆,放逐與王國：卡繆短篇小說,260,9789865482541,https://cdn.kobo.com/book-images/033f901a-cea5-456e-9a5c-534f67c7dd33/353/569/90/False/SmaLhyIaRTOPTVVkw9jskg.jpg,https://www.kobo.com/tw/zh/ebook/SmaLhyIaRTOPTVVkw9jskg?sId=5b29dd1c85bb2305660c7716b85de17c
2025-06-19,卡繆,異鄉人,170,6849862272770,https://cdn.kobo.com/book-images/2f2b24f2-6a61-4ae2-a409-29c8eb0bc992/353/569/90/False/GYi3emouATurt5CEXNGY7A.jpg,https://www.kobo.com/tw/zh/ebook/GYi3emouATurt5CEXNGY7A?sId=5b29dd1c85bb2305660c7716b85de17c
2025-06-19,卡繆,瘟疫（名家經典新譯）,228,9789865482473,https://cdn.kobo.com/book-images/edbaf1b0-60cf-4781-90e1-dcb3d6358348/353/569/90/False/XSi3S6nkVz2SFyXwXYLq1g.jpg,https://www.kobo.com/tw/zh/ebook/XSi3S6nkVz2SFyXwXYLq1g?sId=5b29dd1c85bb2305660c7716b85de17c
2025-06-19,卡繆,異鄉人：荒謬三部曲，首部,210,7384000000024,https://cdn.kobo.com/book-images/12dc1249-e584-452a-a159-54be7be82c4d/353/569/90/False/MDkYBsM0cTm5Kq9j-44S0A.jpg,https://www.kobo.com/tw/zh/audiobook/MDkYBsM0cTm5Kq9j-44S0A?sId=5b29dd1c85bb2305660c7716b85de17c
2025-06-19,簡媜,十種寂寞,252,7390863873877,https://cdn.kobo.com/book-images/137d5050-a414-4644-a453-8236a3c7338c/353/569/90/False/SS3f6q_OmzG6ixjEoQQSBw.jpg,https://www.kobo.com/tw/zh/ebook/SS3f6q_OmzG6ixjEoQQSBw?sId=7f4a44b97bb6cb75647c374e031f765b
2025-06-19,簡媜,我為你灑下月光,336,7390863872337,https://cdn.kobo.com/book-images/8d8c685d-f3c5-4e43-a07c-4a7a91f5ad22/353/569/90/False/RBqeU8INXTCG7D8npjR0bw.jpg,https://www.kobo.com/tw/zh/ebook/RBqeU8INXTCG7D8npjR0bw?sId=7f4a44b97bb6cb75647c374e031f765b
2025-06-19,簡媜,女兒紅,196,9789863874096,https://cdn.kobo.com/book-images/73163054-0990-4413-b92d-a3d20f20ebaa/353/569/90/False/DBqadeV-gT-bmmVuqDItJg.jpg,https://www.kobo.com/tw/zh/ebook/DBqadeV-gT-bmmVuqDItJg?sId=7f4a44b97bb6cb75647c374e031f765b
2025-06-19,簡媜,誰在銀閃閃的地方，等你（增訂版）,392,9789863876021,https://cdn.kobo.com/book-images/18d8f7d3-ad8d-4473-b1b7-aba2ada08383/353/569/90/False/tyYjDkeqiza61CrkeCJu7w.jpg,https://www.kobo.com/tw/zh/ebook/tyYjDkeqiza61CrkeCJu7w?sId=7f4a44b97bb6cb75647c374e031f765b
2025-06-19,簡媜,夢遊書,196,9789863874546,https://cdn.kobo.com/book-images/df1c79f2-8ad2-4ed8-9f37-293c81359dd8/353/569/90/False/p_nX7y-6_D6gGQiQ7O__sw.jpg,https://www.kobo.com/tw/zh/ebook/p_nX7y-6_D6gGQiQ7O__sw?sId=7f4a44b97bb6cb75647c374e031f765b
2025-06-19,簡媜,吃朋友,245,7390866631382,https://cdn.kobo.com/book-images/03cd221a-bef1-420d-96fa-a1ff5f2ec5f8/353/569/90/False/5xrS1tW6YT6YFfX6xajasQ.jpg,https://www.kobo.com/tw/zh/ebook/5xrS1tW6YT6YFfX6xajasQ?sId=7f4a44b97bb6cb75647c374e031f765b
2025-06-19,簡媜,老師的十二樣見面禮,224,7390866873232,https://cdn.kobo.com/book-images/912cffcc-12b7-4881-820d-605be5c0f456/353/569/90/False/Opeot0Gw9zeKOcdaOXIiCg.jpg,https://www.kobo.com/tw/zh/ebook/Opeot0Gw9zeKOcdaOXIiCg?sId=7f4a44b97bb6cb75647c374e031f765b
2025-06-19,簡媜,胭脂盆地,196,9789863874553,https://cdn.kobo.com/book-images/0ce65bd8-31e7-48ec-b6c2-f3b4da8f4cb7/353/569/90/False/_jcUd4QT3T6w0ZguwcDvlg.jpg,https://www.kobo.com/tw/zh/ebook/_jcUd4QT3T6w0ZguwcDvlg?sId=7f4a44b97bb6cb75647c374e031f765b
2025-06-19,簡媜,紅嬰仔：一個女人和她的育嬰史,252,7390863873068,https://cdn.kobo.com/book-images/4c769dfc-5feb-45bb-bad9-d22ff6fe4425/353/569/90/False/3-XKV53DSzqry1rJm_LJEA.jpg,https://www.kobo.com/tw/zh/ebook/3-XKV53DSzqry1rJm_LJEA?sId=7f4a44b97bb6cb75647c374e031f765b
2025-06-19,簡媜,天涯海角──福爾摩沙抒情誌,245,7390863873471,https://cdn.kobo.com/book-images/af00ba7f-99c1-44ae-b3d3-81c4e6e37430/353/569/90/False/y2QggT-GWz28HjuY_ABx1w.jpg,https://www.kobo.com/tw/zh/ebook/y2QggT-GWz28HjuY_ABx1w?sId=7f4a44b97bb6cb75647c374e031f765b
2025-06-19,簡媜,老師的十二樣見面禮（增訂版）,329,9789863876236,https://cdn.kobo.com/book-images/5ddd0b2a-a9d1-403d-92c3-60f91baba3c6/353/569/90/False/7r6In9z6kTuCg3twvvZA2g.jpg,https://www.kobo.com/tw/zh/ebook/7r6In9z6kTuCg3twvvZA2g?sId=7f4a44b97bb6cb75647c374e031f765b
2025-06-19,簡媜,微暈的樹林,210,9789863875857,https://cdn.kobo.com/book-images/df67a2d3-dab3-4ea6-bdd2-0f0e2b62a151/353/569/90/False/lRjcIazDljKdQZof57Hd9A.jpg,https://www.kobo.com/tw/zh/ebook/lRjcIazDljKdQZof57Hd9A?sId=7f4a44b97bb6cb75647c374e031f765b
2025-06-19,簡媜,一個人漫遊，古典森林,315,9789863877745,https://cdn.kobo.com/book-images/0c528bc8-18ea-46e3-acf0-f4c80125be95/353/569/90/False/Yyl9S4wUuDu8rltsfwH3UQ.jpg,https://www.kobo.com/tw/zh/ebook/Yyl9S4wUuDu8rltsfwH3UQ?sId=092824d126a4b6807e6fc915e0f5f8c0
2025-06-19,簡媜,旅人之歌——神遊山水詩,210,9789863877516,https://cdn.kobo.com/book-images/ba7b0973-6125-415b-91a8-f4910ba8f09b/353/569/90/False/BEgyL0ETLzSJLhvVE5yKmQ.jpg,https://www.kobo.com/tw/zh/ebook/BEgyL0ETLzSJLhvVE5yKmQ?sId=092824d126a4b6807e6fc915e0f5f8c0
2025-06-19,簡媜,與歲月同等心跳,210,9789863877479,https://cdn.kobo.com/book-images/5dc05880-531e-4ce8-9a89-99be05f5d02b/353/569/90/False/1Cgc_XKbQj6NkWrPuaKd2g.jpg,https://www.kobo.com/tw/zh/ebook/1Cgc_XKbQj6NkWrPuaKd2g?sId=092824d126a4b6807e6fc915e0f5f8c0
2025-06-19,簡媜,下午茶,160,9789863876946,https://cdn.kobo.com/book-images/84781262-e7bd-4d10-a3c7-d19910fafa73/353/569/90/False/5iBW0pa_Wj2IztG5D0yKyw.jpg,https://www.kobo.com/tw/zh/ebook/5iBW0pa_Wj2IztG5D0yKyw?sId=092824d126a4b6807e6fc915e0f5f8c0
2025-06-19,簡媜,只緣身在此山中,224,9789863874911,https://cdn.kobo.com/book-images/a21ea0b7-2449-4d16-b4db-1aa18c1993f3/353/569/90/False/JR_gAXmObD6EROWQrNPmjw.jpg,https://www.kobo.com/tw/zh/ebook/JR_gAXmObD6EROWQrNPmjw?sId=092824d126a4b6807e6fc915e0f5f8c0
2025-06-19,簡媜,好一座浮島,210,9789863875666,https://cdn.kobo.com/book-images/dcfdfd36-7d3d-4201-89ab-681303731c15/353/569/90/False/tR63QOkIkjSZNYP1XN8qJQ.jpg,https://www.kobo.com/tw/zh/ebook/tR63QOkIkjSZNYP1XN8qJQ?sId=092824d126a4b6807e6fc915e0f5f8c0
2025-06-19,簡媜,陪我散步吧(增訂版),322,9789863878230,https://cdn.kobo.com/book-images/cbf936fb-e579-4f5e-889b-2d092f39c84e/353/569/90/False/5BeIP1SRfTC97-lqaxlVkQ.jpg,https://www.kobo.com/tw/zh/ebook/5BeIP1SRfTC97-lqaxlVkQ?sId=092824d126a4b6807e6fc915e0f5f8c0
2025-06-19,簡媜,舊情復燃,220,9789863876380,https://cdn.kobo.com/book-images/97241a9a-8187-4195-a573-9a921c04b9cc/353/569/90/False/wieReZ4jqT2vpPAPLsLmkA.jpg,https://www.kobo.com/tw/zh/ebook/wieReZ4jqT2vpPAPLsLmkA?sId=092824d126a4b6807e6fc915e0f5f8c0
2025-06-19,簡媜,密密語,280,9789863876953,https://cdn.kobo.com/book-images/76e8fe19-e84d-4b62-9707-03393a023486/353/569/90/False/mMg1YwJL9TemPTAVwHZbvw.jpg,https://www.kobo.com/tw/zh/ebook/mMg1YwJL9TemPTAVwHZbvw?sId=092824d126a4b6807e6fc915e0f5f8c0
2025-06-19,簡媜,月娘照眠牀,220,9789863875314,https://cdn.kobo.com/book-images/1dc984df-000f-4cfb-86bf-d71ead052b02/353/569/90/False/yifYBw_kEz-sjWx9O6wmTg.jpg,https://www.kobo.com/tw/zh/ebook/yifYBw_kEz-sjWx9O6wmTg?sId=092824d126a4b6807e6fc915e0f5f8c0
2025-06-19,赫曼．赫塞,流浪者之歌／悉達多,252,9786267095010,https://cdn.kobo.com/book-images/3f321736-62ab-46cb-ae65-dabe29f7eea4/353/569/90/False/BZkTJbpWnTWsH4_ozeT9vA.jpg,https://www.kobo.com/tw/zh/ebook/BZkTJbpWnTWsH4_ozeT9vA?sId=eeef9086efee913069466739aa0368cf
2025-06-19,赫曼．赫塞,荒野之狼（首度德文直譯本）,245,3090000005737,https://cdn.kobo.com/book-images/449cd682-c515-465f-b6f3-c5b59e8310e3/353/569/90/False/VFQPtyjUrTGJSlcoqoICxg.jpg,https://www.kobo.com/tw/zh/ebook/VFQPtyjUrTGJSlcoqoICxg?sId=eeef9086efee913069466739aa0368cf
2025-06-19,赫曼．赫塞,徬徨少年時（德文直譯本）,196,3090000030292,https://cdn.kobo.com/book-images/0eb8b492-c683-4d13-8a2e-40fd1872ced9/353/569/90/False/p9r2phjlUzO8q-gEc3Ysmg.jpg,https://www.kobo.com/tw/zh/ebook/p9r2phjlUzO8q-gEc3Ysmg?sId=eeef9086efee913069466739aa0368cf
2025-06-19,赫曼．赫塞,赫曼赫塞童話故事集,250,3119864773930,https://cdn.kobo.com/book-images/5f4ae374-cda4-4a0c-a27f-58f4eb5939e0/353/569/90/False/fUpsq8DF8Tq5Lguv3pHWuQ.jpg,https://www.kobo.com/tw/zh/ebook/fUpsq8DF8Tq5Lguv3pHWuQ?sId=eeef9086efee913069466739aa0368cf
2025-06-19,赫曼．赫塞,流浪者之歌（首度德文直譯本）,210,3090000000515,https://cdn.kobo.com/book-images/f601d38b-894e-436d-852c-e48f41d06a75/353/569/90/False/uWrynH7_LjCJaQT5rWrZjg.jpg,https://www.kobo.com/tw/zh/ebook/uWrynH7_LjCJaQT5rWrZjg?sId=eeef9086efee913069466739aa0368cf
2025-06-19,赫曼．赫塞,悉達多【獨家收錄保羅．科爾賀專文導讀、林懷民繆思分享】：一首印度的詩（流浪者之歌）,196,9789864895397,https://cdn.kobo.com/book-images/827cfb45-6d4c-43cb-866a-eb45ca8c20c7/353/569/90/False/8X4BYN4ZszavG3vs7B0Jdg.jpg,https://www.kobo.com/tw/zh/ebook/8X4BYN4ZszavG3vs7B0Jdg?sId=eeef9086efee913069466739aa0368cf
2025-06-19,赫曼．赫塞,德米安：徬徨少年時 (告別徬徨，堅定地做你自己。全新無刪減完整譯本，慕尼黑大學圖書館愛藏版),245,3069869881963,https://cdn.kobo.com/book-images/a809baf5-4e7d-43c9-96e5-7d69fa248b50/353/569/90/False/6fn5ArUqVjSw56cshygW_Q.jpg,https://www.kobo.com/tw/zh/ebook/6fn5ArUqVjSw56cshygW_Q?sId=eeef9086efee913069466739aa0368cf
2025-06-19,赫曼．赫塞,德米安：埃米爾．辛克萊年少時的故事（徬徨少年時）,210,7384000000027,https://cdn.kobo.com/book-images/e921900f-2bfe-42d8-8547-198c1b3b42b1/353/569/90/False/pO0YjhmJajyGRrdkzlKsnA.jpg,https://www.kobo.com/tw/zh/audiobook/pO0YjhmJajyGRrdkzlKsnA?sId=eeef9086efee913069466739aa0368cf
2025-06-19,赫曼．赫塞,德米安【獨家收錄詹姆斯・法蘭科專文導讀】：埃米爾．辛克萊年少時的故事（徬徨少年時）,210,9789864895403,https://cdn.kobo.com/book-images/ae0cd56f-8ec4-4e2d-bc97-29ea34073182/353/569/90/False/ib-jIoEV2Dqm0I1tAc6TWQ.jpg,https://www.kobo.com/tw/zh/ebook/ib-jIoEV2Dqm0I1tAc6TWQ?sId=eeef9086efee913069466739aa0368cf
2025-06-19,赫曼．赫塞,悉達多：一首印度的詩（流浪者之歌）,210,7384000000026,https://cdn.kobo.com/book-images/2ebd8c79-acb7-430a-abd8-3998815f26dd/353/569/90/False/5P5w8osOvzauH183YElyCw.jpg,https://www.kobo.com/tw/zh/audiobook/5P5w8osOvzauH183YElyCw?sId=eeef9086efee913069466739aa0368cf
2025-06-19,赫曼．赫塞,在書中發現自己的靈魂：慢讀赫塞,250,3128000000104,https://cdn.kobo.com/book-images/5139dd71-3f40-4bbf-aaa6-752447892743/353/569/90/False/mj-jE6bxOTazX9ad0uwE7g.jpg,https://www.kobo.com/tw/zh/ebook/mj-jE6bxOTazX9ad0uwE7g?sId=eeef9086efee913069466739aa0368cf
2025-06-19,赫曼．赫塞,車輪下（首度德文直譯本）,210,3090000000590,https://cdn.kobo.com/book-images/40dde703-286a-487c-acca-3d0e177e4d0a/353/569/90/False/iRXS-e-7fzumzrZdY8d_8Q.jpg,https://www.kobo.com/tw/zh/ebook/iRXS-e-7fzumzrZdY8d_8Q?sId=eeef9086efee913069466739aa0368cf
2025-06-19,赫曼．赫塞,鄉愁（德文直譯本）,196,3090000006527,https://cdn.kobo.com/book-images/567c8c31-ebf2-4ffb-a5b1-7e294bb27479/353/569/90/False/By8ilup3JjmH2kf5ty2N8g.jpg,https://www.kobo.com/tw/zh/ebook/By8ilup3JjmH2kf5ty2N8g?sId=77b8fabef0aa7180c895dbaabf61d146
2025-06-19,赫曼．赫塞,德米安：彷徨少年時,228,7289867101822,https://cdn.kobo.com/book-images/897fa0c7-1c7f-4005-9de8-784febd6e287/353/569/90/False/ZNYK-tlfkD-IZy3hlnFJAw.jpg,https://www.kobo.com/tw/zh/ebook/ZNYK-tlfkD-IZy3hlnFJAw?sId=77b8fabef0aa7180c895dbaabf61d146
2025-06-19,赫曼．赫塞,荒野之狼（德文新譯本）,294,3119864771400,https://cdn.kobo.com/book-images/c81844a1-3034-4867-a324-b6f0bd00c252/353/569/90/False/6g6wxeuiYjuWU71oa_5Mzg.jpg,https://www.kobo.com/tw/zh/ebook/6g6wxeuiYjuWU71oa_5Mzg?sId=77b8fabef0aa7180c895dbaabf61d146
2025-06-19,赫曼．赫塞,流浪者之歌,245,9786263744417,https://cdn.kobo.com/book-images/dbaffb64-2df7-46df-9836-4b43eb375d74/353/569/90/False/SSmAUWRnWD-200t2EoH_qQ.jpg,https://www.kobo.com/tw/zh/ebook/SSmAUWRnWD-200t2EoH_qQ?sId=77b8fabef0aa7180c895dbaabf61d146
2025-06-19,赫曼．赫塞,徬徨少年時,175,3090000000352,https://cdn.kobo.com/book-images/b98f888a-ae90-4674-8796-0c691b798c30/353/569/90/False/3cIVTFd3fz6t9pp0NaJsyA.jpg,https://www.kobo.com/tw/zh/ebook/3cIVTFd3fz6t9pp0NaJsyA?sId=77b8fabef0aa7180c895dbaabf61d146
2025-06-19,赫曼．赫塞,中學生好享讀：諾貝爾大師短篇小說選,225,6709863201113,https://cdn.kobo.com/book-images/f48eb899-1243-4d56-a687-e9d45c5de9ef/353/569/90/False/pnJCPVTatTGHkaHGe4iYMw.jpg,https://www.kobo.com/tw/zh/ebook/pnJCPVTatTGHkaHGe4iYMw?sId=77b8fabef0aa7180c895dbaabf61d146
2025-06-19,赫曼．赫塞,生命之歌,210,3090000000496,https://cdn.kobo.com/book-images/cab95401-af95-4f91-9d80-41eee92dade2/353/569/90/False/kfbDCDZ4SD6jxk-LU1ireg.jpg,https://www.kobo.com/tw/zh/ebook/kfbDCDZ4SD6jxk-LU1ireg?sId=77b8fabef0aa7180c895dbaabf61d146
2025-06-19,赫曼．赫塞,園圃之歌：諾貝爾文學獎大師赫曼．赫塞的自然哲思與手繪詩畫,266,9786269638079,https://cdn.kobo.com/book-images/f7453d28-8edd-4d0b-87ae-3f947835f381/353/569/90/False/jHi5IlslGTmTLqpPkwxScQ.jpg,https://www.kobo.com/tw/zh/ebook/jHi5IlslGTmTLqpPkwxScQ?sId=77b8fabef0aa7180c895dbaabf61d146
2025-06-19,赫曼．赫塞,荒野之狼,315,9786263966987,https://cdn.kobo.com/book-images/3bb495e7-b3a7-490f-be56-c4e3d0755850/353/569/90/False/8qvh-uvBNjeQ5sV5LtVHdw.jpg,https://www.kobo.com/tw/zh/ebook/8qvh-uvBNjeQ5sV5LtVHdw?sId=77b8fabef0aa7180c895dbaabf61d146
2025-06-19,赫曼．赫塞,流浪者之歌【感動解讀版】,400,9786269936137,https://cdn.kobo.com/book-images/921c4663-8c49-4f8f-a61f-e24755dbae11/353/569/90/False/JNfPTDEjDz-tAMfp3Egokg.jpg,https://www.kobo.com/tw/zh/ebook/JNfPTDEjDz-tAMfp3Egokg?sId=77b8fabef0aa7180c895dbaabf61d146
2025-06-19,赫曼．赫塞,悠遊之歌（三版）,175,9789864023936,https://cdn.kobo.com/book-images/e52679bc-171d-45f8-bf8a-8a159a9891ed/353/569/90/False/UHZLCrSJATqst2fZDCkzBA.jpg,https://www.kobo.com/tw/zh/ebook/UHZLCrSJATqst2fZDCkzBA?sId=77b8fabef0aa7180c895dbaabf61d146
